date,pm10,pm2_5,carbon_monoxide,nitrogen_dioxide,sulphur_dioxide,ozone,aerosol_optical_depth,dust,uv_index,us_aqi,european_aqi
2013-01-01,45.22857142857143,32.13809523809524,,41.68095238095238,,1.1428571428571428,,,,,
2013-01-02,33.65416666666666,27.75,,42.76666666666667,,7.541666666666667,,,,83.28571428571429,62.19047619047619
2013-01-03,35.079166666666666,32.483333333333334,,44.737500000000004,,7.208333333333333,,,,92.29166666666667,65.45833333333333
2013-01-04,37.425000000000004,29.9375,,39.266666666666666,,4.958333333333333,,,,84.125,62.375
2013-01-05,49.875,43.9625,,51.725,,4.125,,,,116.70833333333333,73.66666666666667
2013-01-06,20.116666666666667,17.579166666666666,,31.75,,15.666666666666666,,,,87.75,60.125
2013-01-07,14.487499999999999,14.475,,35.8375,,16.041666666666668,,,,55.541666666666664,29.166666666666668
2013-01-08,24.900000000000002,25.27916666666667,,37.0,,8.875,,,,63.875,38.583333333333336
2013-01-09,43.59583333333333,39.795833333333334,,56.729166666666664,,3.5416666666666665,,,,95.08333333333333,66.375
2013-01-10,30.204166666666666,26.645833333333332,,56.4625,,4.958333333333333,,,,96.91666666666667,67.04166666666667
2013-01-11,42.887499999999996,39.13333333333333,,57.3375,,7.583333333333333,,,,91.58333333333333,65.25
2013-01-12,52.12083333333334,47.5,,47.49166666666667,,6.291666666666667,,,,117.95833333333333,74.16666666666667
2013-01-13,38.8125,34.112500000000004,,41.27916666666667,,12.041666666666666,,,,127.54166666666667,77.25
2013-01-14,22.46666666666667,19.3875,,42.020833333333336,,18.25,,,,76.04166666666667,52.0
2013-01-15,31.116666666666664,25.495833333333334,,47.11666666666667,,15.125,,,,64.20833333333333,37.916666666666664
2013-01-16,40.975,36.925000000000004,,59.17916666666667,,2.7916666666666665,,,,100.41666666666667,68.33333333333333
2013-01-17,18.204166666666666,13.1875,,31.1875,,15.708333333333334,,,,79.58333333333333,54.75
2013-01-18,18.241666666666667,11.616666666666667,,29.916666666666668,,8.958333333333334,,,,39.375,20.0
2013-01-19,67.61666666666666,58.22083333333333,,73.5125,,0.375,,,,86.75,53.541666666666664
2013-01-20,77.57083333333334,67.02083333333333,,51.324999999999996,,0.9583333333333334,,,,158.58333333333334,97.58333333333333
2013-01-21,27.400000000000002,19.004166666666666,,36.112500000000004,,11.0,,,,113.54166666666667,71.33333333333333
2013-01-22,27.59583333333333,23.15833333333333,,47.458333333333336,,10.083333333333334,,,,64.70833333333333,38.541666666666664
2013-01-23,35.9,29.954166666666666,,56.050000000000004,,7.916666666666667,,,,81.625,60.916666666666664
2013-01-24,48.89166666666667,39.92916666666667,,64.65833333333333,,2.5416666666666665,,,,108.875,71.125
2013-01-25,23.745833333333334,17.233333333333334,,43.07916666666667,,11.916666666666666,,,,79.29166666666667,51.583333333333336
2013-01-26,27.46666666666667,23.358333333333334,,48.2125,,8.541666666666666,,,,66.58333333333333,41.208333333333336
2013-01-27,39.2625,32.82083333333333,,58.56666666666666,,7.75,,,,78.25,57.583333333333336
2013-01-28,44.82916666666667,36.416666666666664,,59.354166666666664,,5.125,,,,107.45833333333333,70.70833333333333
2013-01-29,41.270833333333336,33.675000000000004,,61.11666666666667,,2.875,,,,97.25,67.375
2013-01-30,45.85833333333333,41.108333333333334,,59.9625,,2.875,,,,107.875,70.91666666666667
2013-01-31,25.27916666666667,16.420833333333334,,41.92916666666667,,14.666666666666666,,,,84.45833333333333,56.458333333333336
2013-02-01,24.229166666666668,17.829166666666666,,45.87916666666666,,15.208333333333334,,,,58.833333333333336,32.5
2013-02-02,38.483333333333334,32.40833333333333,,58.725,,5.083333333333333,,,,72.70833333333333,48.791666666666664
2013-02-03,27.933333333333334,23.53333333333333,,41.59166666666666,,14.083333333333334,,,,96.75,67.16666666666667
2013-02-04,23.5625,19.2125,,39.15833333333333,,17.75,,,,70.375,46.625
2013-02-05,22.77916666666667,18.0,,41.81666666666667,,24.75,,,,54.083333333333336,30.25
2013-02-06,26.099999999999998,20.758333333333333,,50.69166666666666,,10.916666666666666,,,,67.375,41.458333333333336
2013-02-07,31.483333333333334,26.90833333333333,,52.916666666666664,,17.666666666666668,,,,75.83333333333333,55.375
2013-02-08,25.641666666666666,22.308333333333334,,47.80833333333334,,27.25,,,,76.95833333333333,57.875
2013-02-09,29.683333333333334,25.21666666666667,,45.324999999999996,,26.375,,,,72.45833333333333,50.166666666666664
2013-02-10,22.766666666666666,19.720833333333335,,42.166666666666664,,22.666666666666668,,,,74.04166666666667,53.208333333333336
2013-02-11,58.775,54.48333333333333,,60.89166666666667,,2.125,,,,93.29166666666667,59.625
2013-02-12,44.05416666666667,28.837500000000002,,50.14166666666667,,16.541666666666668,,,,130.66666666666666,78.625
2013-02-13,96.60833333333333,67.0125,,73.59583333333333,,4.458333333333333,,,,122.45833333333333,76.91666666666667
2013-02-14,80.25416666666666,43.145833333333336,,57.99583333333334,,10.666666666666666,,,,139.04166666666666,84.08333333333333
2013-02-15,79.74583333333334,62.81666666666666,,68.77916666666667,,7.125,,,,134.5,79.79166666666667
2013-02-16,95.175,81.68333333333334,,75.64583333333333,,2.8333333333333335,,,,162.95833333333334,103.95833333333333
2013-02-17,47.166666666666664,40.733333333333334,,41.545833333333334,,17.291666666666668,,,,138.0,85.04166666666667
2013-02-18,51.67916666666667,47.3375,,49.824999999999996,,12.5,,,,120.70833333333333,74.95833333333333
2013-02-19,81.94166666666666,72.50416666666666,,71.75833333333334,,3.75,,,,148.20833333333334,86.70833333333333
2013-02-20,89.66250000000001,83.50833333333334,,87.29583333333333,,3.25,,,,163.04166666666666,104.29166666666667
2013-02-21,59.21666666666667,47.47083333333333,,55.81666666666666,,14.083333333333334,,,,152.41666666666666,92.875
2013-02-22,58.17083333333333,49.12916666666666,,62.22083333333333,,7.166666666666667,,,,134.29166666666666,79.33333333333333
2013-02-23,79.2,75.75833333333334,,89.12083333333334,,6.166666666666667,,,,142.45833333333334,86.0
2013-02-24,38.61666666666667,34.0625,,57.3125,,15.041666666666666,,,,141.29166666666666,88.16666666666667
2013-02-25,33.75416666666667,25.74166666666667,,60.666666666666664,,21.791666666666668,,,,89.875,64.66666666666667
2013-02-26,31.329166666666666,26.354166666666668,,59.44166666666666,,25.541666666666668,,,,79.95833333333333,60.833333333333336
2013-02-27,24.570833333333336,22.183333333333334,,44.4375,,32.625,,,,69.58333333333333,45.875
2013-02-28,19.8375,15.708333333333334,,38.49166666666667,,43.416666666666664,,,,71.45833333333333,48.791666666666664
2013-03-01,18.0625,13.0625,,36.13333333333333,,40.5,,,,54.75,28.375
2013-03-02,16.891666666666666,12.85,,31.570833333333336,,24.875,,,,44.916666666666664,23.0
2013-03-03,54.59166666666667,48.104166666666664,,59.06666666666666,,12.666666666666666,,,,107.375,65.875
2013-03-04,19.6125,14.424999999999999,,32.270833333333336,,34.25,,,,78.33333333333333,47.5
2013-03-05,71.17083333333333,53.612500000000004,,63.92916666666667,,12.875,,,,81.45833333333333,51.416666666666664
2013-03-06,41.35,31.770833333333332,,52.46666666666667,,21.583333333333332,,,,140.875,82.5
2013-03-07,16.775000000000002,12.887500000000001,,31.304166666666664,,52.375,,,,69.75,45.625
2013-03-08,18.8125,13.304166666666667,,37.0,,28.458333333333332,,,,43.416666666666664,22.5
2013-03-09,38.625,34.545833333333334,,56.07083333333333,,14.583333333333334,,,,69.125,44.458333333333336
2013-03-10,71.05833333333334,69.94583333333334,,71.59166666666667,,16.583333333333332,,,,148.91666666666666,93.20833333333333
2013-03-11,38.30833333333333,38.15833333333333,,50.92916666666667,,13.75,,,,113.08333333333333,73.45833333333333
2013-03-12,50.1875,49.63333333333333,,64.29166666666667,,12.75,,,,124.33333333333333,76.20833333333333
2013-03-13,35.15833333333333,33.795833333333334,,54.775,,20.666666666666668,,,,113.0,72.5
2013-03-14,46.625,44.895833333333336,,67.60000000000001,,8.875,,,,122.0,75.45833333333333
2013-03-15,28.854166666666668,21.941666666666666,,49.4625,,16.416666666666668,,,,95.91666666666667,66.20833333333333
2013-03-16,34.49583333333333,25.84166666666667,,58.916666666666664,,21.541666666666668,,,,72.5,50.291666666666664
2013-03-17,21.683333333333334,16.304166666666667,,38.50833333333333,,15.875,,,,65.75,41.083333333333336
2013-03-18,26.97083333333333,22.325,,45.104166666666664,,19.416666666666668,,,,67.875,43.5
2013-03-19,13.4625,10.979166666666666,,31.349999999999998,,31.583333333333332,,,,56.666666666666664,31.875
2013-03-20,30.900000000000002,24.474999999999998,,43.63333333333333,,23.708333333333332,,,,65.58333333333333,42.875
2013-03-21,13.716666666666667,12.020833333333334,,31.358333333333334,,27.875,,,,60.375,35.208333333333336
2013-03-22,25.066666666666666,22.90833333333333,,43.666666666666664,,23.541666666666668,,,,62.291666666666664,36.958333333333336
2013-03-23,14.608333333333334,12.2875,,28.004166666666666,,35.833333333333336,,,,63.875,38.75
2013-03-24,7.8999999999999995,3.3375,,18.0,,48.833333333333336,,,,32.041666666666664,20.0
2013-03-25,9.85,5.658333333333334,,24.579166666666666,,37.833333333333336,,,,19.625,16.833333333333332
2013-03-26,12.5375,9.558333333333334,,29.28333333333333,,38.5,,,,31.083333333333332,19.666666666666668
2013-03-27,22.150000000000002,14.095833333333333,,40.862500000000004,,28.541666666666668,,,,49.5,24.958333333333332
2013-03-28,24.458333333333332,17.5625,,49.387499999999996,,40.041666666666664,,,,57.375,31.041666666666668
2013-03-29,46.54583333333333,36.895833333333336,,61.612500000000004,,27.666666666666668,,,,74.79166666666667,50.791666666666664
2013-03-30,44.987500000000004,33.9625,,58.887499999999996,,31.625,,,,120.08333333333333,74.79166666666667
2013-03-31,43.77916666666667,34.604166666666664,,54.90833333333333,,31.0,,,,71.70833333333333,48.25
2013-04-01,46.8375,43.71666666666667,,52.525,,31.25,,,,143.375,83.20833333333333
2013-04-02,40.65833333333333,23.429166666666664,,52.15416666666667,,37.958333333333336,,,,81.29166666666667,59.541666666666664
2013-04-03,36.225,23.962500000000002,,53.925000000000004,,42.125,,,,78.33333333333333,59.25
2013-04-04,24.670833333333334,16.245833333333334,,47.65833333333333,,49.333333333333336,,,,64.125,38.875
2013-04-05,57.55833333333334,34.395833333333336,,52.395833333333336,,34.875,,,,72.375,47.208333333333336
2013-04-06,39.55416666666667,22.804166666666664,,44.90416666666667,,41.75,,,,90.41666666666667,64.33333333333333
2013-04-07,19.358333333333334,14.670833333333334,,35.65,,48.875,,,,64.0,38.125
2013-04-08,55.15416666666667,45.291666666666664,,80.7,,31.791666666666668,,,,78.83333333333333,53.625
2013-04-09,90.3625,77.45833333333333,,110.69583333333333,,12.291666666666666,,,,150.79166666666666,89.04166666666667
2013-04-10,61.73333333333333,54.1875,,77.89999999999999,,30.75,,,,162.33333333333334,103.125
2013-04-11,43.987500000000004,38.75833333333333,,61.25416666666666,,32.75,,,,101.25,68.41666666666667
2013-04-12,44.04583333333333,39.858333333333334,,63.39166666666667,,20.083333333333332,,,,111.25,72.0
2013-04-13,50.13333333333333,44.15416666666667,,62.21666666666667,,26.208333333333332,,,,123.75,75.91666666666667
2013-04-14,41.15833333333333,38.137499999999996,,52.23333333333333,,28.458333333333332,,,,104.79166666666667,69.91666666666667
2013-04-15,91.56666666666666,74.0625,,101.3875,,13.375,,,,139.54166666666666,84.5
2013-04-16,63.22083333333333,54.00416666666666,,68.99583333333334,,24.125,,,,155.45833333333334,92.70833333333333
2013-04-17,54.6,47.02916666666667,,64.33749999999999,,29.708333333333332,,,,144.79166666666666,82.79166666666667
2013-04-18,35.895833333333336,26.72083333333333,,55.38333333333333,,35.541666666666664,,,,98.79166666666667,67.5
2013-04-19,33.97083333333333,23.733333333333334,,50.487500000000004,,44.0,,,,80.66666666666667,61.041666666666664
2013-04-20,41.5625,28.516666666666666,,59.96666666666667,,31.666666666666668,,,,83.625,61.416666666666664
2013-04-21,19.375,10.0875,,30.4375,,48.291666666666664,,,,62.5,38.5
2013-04-22,23.575,11.2875,,32.483333333333334,,43.5,,,,40.5,22.416666666666668
2013-04-23,43.025,40.36666666666667,,53.09166666666667,,23.375,,,,63.333333333333336,37.125
2013-04-24,32.61666666666667,22.675,,47.77916666666667,,36.458333333333336,,,,121.125,75.08333333333333
2013-04-25,21.40833333333333,10.9,,37.9125,,47.958333333333336,,,,48.166666666666664,27.166666666666668
2013-04-26,20.604166666666668,10.4125,,36.425000000000004,,47.375,,,,42.583333333333336,24.0
2013-04-27,19.224999999999998,16.679166666666667,,40.275,,42.708333333333336,,,,53.041666666666664,27.708333333333332
2013-04-28,20.733333333333334,23.47083333333333,,44.03333333333333,,37.541666666666664,,,,66.29166666666667,42.416666666666664
2013-04-29,30.349999999999998,28.52916666666667,,45.67083333333333,,37.416666666666664,,,,69.58333333333333,46.875
2013-04-30,34.079166666666666,23.804166666666664,,53.26666666666667,,35.958333333333336,,,,100.0,68.29166666666667
2013-05-01,24.195833333333336,12.5875,,38.17916666666667,,39.541666666666664,,,,55.5,30.333333333333332
2013-05-02,35.612500000000004,22.8625,,50.074999999999996,,31.75,,,,63.25,37.875
2013-05-03,27.770833333333332,19.045833333333334,,52.55833333333334,,33.333333333333336,,,,67.54166666666667,42.541666666666664
2013-05-04,44.35,38.88333333333333,,58.8375,,29.541666666666668,,,,94.95833333333333,63.375
2013-05-05,32.7125,26.579166666666666,,40.824999999999996,,28.333333333333332,,,,87.375,63.5
2013-05-06,16.433333333333334,10.5375,,28.4875,,51.541666666666664,,,,64.625,41.208333333333336
2013-05-07,28.129166666666666,23.870833333333334,,55.10833333333334,,33.875,,,,49.041666666666664,29.083333333333332
2013-05-08,25.541666666666668,18.120833333333334,,48.9375,,39.75,,,,79.58333333333333,58.916666666666664
2013-05-09,37.762499999999996,32.425000000000004,,66.75833333333334,,26.916666666666668,,,,72.83333333333333,49.083333333333336
2013-05-10,27.870833333333334,20.783333333333335,,46.93333333333334,,40.833333333333336,,,,84.625,61.125
2013-05-11,36.670833333333334,29.875,,51.50416666666666,,34.791666666666664,,,,78.20833333333333,55.625
2013-05-12,31.662499999999998,27.866666666666664,,47.90416666666667,,37.0,,,,86.375,63.375
2013-05-13,32.99166666666667,35.25416666666667,,61.375,,32.041666666666664,,,,90.79166666666667,64.95833333333333
2013-05-14,59.43333333333334,53.07083333333333,,76.75416666666666,,20.625,,,,116.79166666666667,73.79166666666667
2013-05-15,67.32916666666667,57.15833333333333,,77.08333333333333,,18.916666666666668,,,,150.625,85.79166666666667
2013-05-16,80.23333333333333,63.42916666666667,,72.25833333333334,,24.833333333333332,,,,152.75,88.5
2013-05-17,59.25,42.89166666666667,,39.025,,38.833333333333336,,,,148.04166666666666,86.33333333333333
2013-05-18,25.787499999999998,19.520833333333332,,34.574999999999996,,49.125,,,,79.25,53.375
2013-05-19,22.629166666666666,19.5125,,41.22083333333334,,40.208333333333336,,,,64.375,37.875
2013-05-20,27.025000000000002,20.008333333333333,,41.550000000000004,,38.583333333333336,,,,72.08333333333333,49.666666666666664
2013-05-21,16.633333333333333,13.65,,33.59166666666667,,46.583333333333336,,,,57.166666666666664,30.833333333333332
2013-05-22,22.275000000000002,18.720833333333335,,44.11666666666667,,30.833333333333332,,,,54.25,28.333333333333332
2013-05-23,40.50416666666667,36.3375,,56.79583333333334,,26.041666666666668,,,,100.45833333333333,66.66666666666667
2013-05-24,28.354166666666668,26.462500000000002,,52.44166666666666,,25.666666666666668,,,,77.625,54.208333333333336
2013-05-25,30.483333333333334,27.770833333333332,,53.02916666666667,,35.0,,,,82.70833333333333,62.041666666666664
2013-05-26,22.383333333333336,17.575,,42.791666666666664,,30.708333333333332,,,,77.75,54.916666666666664
2013-05-27,26.224999999999998,20.279166666666665,,46.645833333333336,,26.0,,,,63.791666666666664,37.833333333333336
2013-05-28,18.375,14.620833333333332,,27.291666666666668,,48.25,,,,59.208333333333336,32.791666666666664
2013-05-29,25.141666666666666,17.091666666666665,,49.00833333333333,,39.166666666666664,,,,55.375,30.375
2013-05-30,44.94583333333333,44.979166666666664,,74.31666666666666,,27.791666666666668,,,,88.45833333333333,59.916666666666664
2013-05-31,33.791666666666664,39.50416666666667,,59.69166666666666,,44.208333333333336,,,,131.70833333333334,78.5
2013-06-01,17.854166666666668,16.633333333333333,,36.7125,,43.291666666666664,,,,78.54166666666667,52.625
2013-06-02,14.595833333333333,10.820833333333333,,28.03333333333333,,48.541666666666664,,,,49.333333333333336,27.875
2013-06-03,17.704166666666666,15.195833333333333,,36.80416666666667,,38.75,,,,51.833333333333336,26.208333333333332
2013-06-04,24.708333333333332,20.591666666666665,,46.01666666666667,,29.541666666666668,,,,65.29166666666667,39.166666666666664
2013-06-05,21.162499999999998,16.9375,,38.829166666666666,,34.375,,,,65.70833333333333,38.875
2013-06-06,35.8375,35.65833333333333,,49.949999999999996,,25.125,,,,71.45833333333333,47.75
2013-06-07,49.00416666666666,42.387499999999996,,61.15416666666667,,22.041666666666668,,,,123.79166666666667,76.0
2013-06-08,68.02499999999999,82.3875,,91.60833333333333,,15.125,,,,148.5,92.875
2013-06-09,58.22083333333333,58.225,,82.85833333333333,,15.958333333333334,,,,146.375,87.16666666666667
2013-06-10,38.670833333333334,31.78333333333333,,50.73333333333333,,23.958333333333332,,,,140.95833333333334,83.625
2013-06-11,22.25,14.158333333333333,,37.50416666666667,,33.875,,,,62.833333333333336,37.375
2013-06-12,20.558333333333334,15.85,,42.083333333333336,,29.875,,,,57.416666666666664,30.916666666666668
2013-06-13,22.75,19.620833333333334,,40.50416666666667,,25.708333333333332,,,,58.875,32.25
2013-06-14,36.954166666666666,33.0375,,58.03333333333333,,22.625,,,,84.20833333333333,59.958333333333336
2013-06-15,30.058333333333334,23.6125,,48.975,,30.333333333333332,,,,84.95833333333333,62.291666666666664
2013-06-16,34.9625,28.991666666666664,,55.2125,,23.416666666666668,,,,75.875,55.125
2013-06-17,31.099999999999998,25.099999999999998,,51.137499999999996,,25.875,,,,86.45833333333333,63.291666666666664
2013-06-18,18.658333333333335,12.341666666666667,,35.4,,36.375,,,,61.875,37.25
2013-06-19,17.366666666666667,11.466666666666667,,30.462500000000002,,31.333333333333332,,,,52.083333333333336,26.0
2013-06-20,18.575,11.475,,28.40416666666667,,34.166666666666664,,,,44.708333333333336,21.375
2013-06-21,13.708333333333334,8.391666666666667,,19.5625,,39.416666666666664,,,,43.666666666666664,21.833333333333332
2013-06-22,20.525000000000002,8.908333333333333,,22.754166666666666,,32.166666666666664,,,,31.333333333333332,16.625
2013-06-23,23.900000000000002,17.1375,,32.0,,29.416666666666668,,,,48.791666666666664,25.708333333333332
2013-06-24,24.599999999999998,18.8875,,40.1125,,31.666666666666668,,,,64.58333333333333,37.625
2013-06-25,37.666666666666664,30.333333333333332,,51.96666666666667,,33.0,,,,80.375,57.625
2013-06-26,48.62916666666666,40.425000000000004,,64.02499999999999,,29.833333333333332,,,,94.29166666666667,66.25
2013-06-27,91.16250000000001,87.54166666666667,,108.35416666666667,,18.291666666666668,,,,154.95833333333334,97.70833333333333
2013-06-28,37.229166666666664,41.17916666666667,,74.56666666666666,,41.875,,,,145.29166666666666,87.625
2013-06-29,35.199999999999996,35.170833333333334,,55.50833333333333,,31.25,,,,109.16666666666667,71.41666666666667
2013-06-30,20.425,16.070833333333333,,39.85,,25.5,,,,74.20833333333333,48.375
2013-07-01,14.4,11.279166666666667,,32.545833333333334,,38.416666666666664,,,,52.458333333333336,26.666666666666668
2013-07-02,28.162499999999998,23.383333333333336,,50.8125,,35.375,,,,54.041666666666664,29.333333333333332
2013-07-03,45.9625,54.12083333333334,,79.74583333333332,,22.625,,,,116.375,73.33333333333333
2013-07-04,28.508333333333336,22.400000000000002,,50.37083333333334,,37.0,,,,108.625,70.875
2013-07-05,31.037499999999998,26.816666666666666,,46.92916666666667,,43.791666666666664,,,,74.875,54.458333333333336
2013-07-06,45.96666666666667,49.32083333333333,,74.25416666666666,,30.541666666666668,,,,91.58333333333333,65.20833333333333
2013-07-07,42.5875,39.641666666666666,,61.9625,,30.625,,,,147.58333333333334,85.58333333333333
2013-07-08,18.991666666666667,13.179166666666667,,34.858333333333334,,29.875,,,,71.16666666666667,45.333333333333336
2013-07-09,13.495833333333332,9.625,,26.258333333333336,,33.375,,,,43.166666666666664,21.625
2013-07-10,22.6875,14.033333333333333,,31.3,,24.708333333333332,,,,47.375,23.083333333333332
2013-07-11,30.745833333333334,20.708333333333332,,43.525,,23.791666666666668,,,,64.20833333333333,38.0
2013-07-12,30.366666666666664,21.995833333333334,,43.53333333333333,,25.791666666666668,,,,69.41666666666667,44.625
2013-07-13,25.05,18.733333333333334,,38.762499999999996,,30.875,,,,68.875,43.875
2013-07-14,26.787499999999998,22.020833333333332,,39.94583333333333,,29.125,,,,61.333333333333336,34.875
2013-07-15,30.866666666666664,24.900000000000002,,50.07083333333333,,18.041666666666668,,,,80.25,59.583333333333336
2013-07-16,31.375,19.904166666666665,,54.354166666666664,,20.791666666666668,,,,74.16666666666667,53.375
2013-07-17,17.145833333333332,8.454166666666667,,28.71666666666667,,39.291666666666664,,,,48.875,26.666666666666668
2013-07-18,22.474999999999998,12.775,,37.30833333333333,,23.875,,,,44.208333333333336,22.25
2013-07-19,23.8125,15.1,,37.36666666666667,,23.75,,,,56.583333333333336,30.375
2013-07-20,20.404166666666665,14.416666666666666,,40.17916666666667,,21.083333333333332,,,,50.666666666666664,25.208333333333332
2013-07-21,11.737499999999999,7.641666666666667,,24.27916666666667,,29.166666666666668,,,,49.5,24.791666666666668
2013-07-22,20.875,16.1875,,40.88333333333333,,26.458333333333332,,,,34.333333333333336,20.75
2013-07-23,29.291666666666668,24.537499999999998,,44.487500000000004,,16.333333333333332,,,,71.625,49.25
2013-07-24,31.983333333333334,36.49583333333333,,50.20416666666667,,20.208333333333332,,,,102.16666666666667,68.625
2013-07-25,17.879166666666666,12.604166666666666,,35.30833333333333,,26.125,,,,69.125,43.125
2013-07-26,13.691666666666668,7.470833333333334,,22.270833333333332,,37.541666666666664,,,,39.208333333333336,19.541666666666668
2013-07-27,22.195833333333336,10.424999999999999,,24.27916666666667,,30.041666666666668,,,,36.0,18.875
2013-07-28,22.229166666666668,11.645833333333334,,24.575,,30.291666666666668,,,,47.416666666666664,23.0
2013-07-29,19.758333333333333,11.883333333333333,,28.133333333333336,,37.291666666666664,,,,48.25,23.083333333333332
2013-07-30,20.8625,12.266666666666666,,26.108333333333334,,37.5,,,,50.125,24.25
2013-07-31,25.520833333333332,18.808333333333334,,32.604166666666664,,28.208333333333332,,,,57.75,31.333333333333332
2013-08-01,28.458333333333332,19.758333333333333,,36.1625,,28.708333333333332,,,,64.45833333333333,37.583333333333336
2013-08-02,21.59166666666667,12.570833333333333,,33.833333333333336,,31.958333333333332,,,,61.708333333333336,35.291666666666664
2013-08-03,20.954166666666666,11.795833333333334,,34.31666666666667,,27.958333333333332,,,,49.333333333333336,24.208333333333332
2013-08-04,18.454166666666666,9.566666666666666,,23.241666666666664,,31.375,,,,42.583333333333336,20.583333333333332
2013-08-05,23.141666666666666,9.595833333333333,,27.854166666666668,,34.625,,,,37.0,20.125
2013-08-06,26.833333333333332,13.866666666666667,,35.24583333333333,,24.916666666666668,,,,49.166666666666664,26.208333333333332
2013-08-07,22.570833333333336,13.695833333333333,,35.21666666666667,,24.125,,,,52.833333333333336,26.875
2013-08-08,38.208333333333336,27.933333333333334,,50.38333333333333,,26.5,,,,67.79166666666667,44.041666666666664
2013-08-09,80.39999999999999,64.08749999999999,,87.41250000000001,,26.041666666666668,,,,138.41666666666666,83.70833333333333
2013-08-10,34.21666666666667,20.2625,,48.12916666666666,,30.458333333333332,,,,101.08333333333333,67.5
2013-08-11,40.525,37.56666666666667,,62.34583333333333,,30.916666666666668,,,,81.91666666666667,54.791666666666664
2013-08-12,32.1625,23.59166666666667,,48.8375,,28.416666666666668,,,,92.25,64.125
2013-08-13,45.166666666666664,41.6,,70.32083333333334,,17.333333333333332,,,,88.66666666666667,61.416666666666664
2013-08-14,22.516666666666666,17.945833333333333,,44.458333333333336,,34.583333333333336,,,,96.16666666666667,64.54166666666667
2013-08-15,38.525,24.462500000000002,,54.64166666666667,,15.166666666666666,,,,66.91666666666667,41.75
2013-08-16,27.2625,15.275,,39.4,,20.458333333333332,,,,67.70833333333333,43.291666666666664
2013-08-17,32.11666666666667,22.045833333333334,,40.34166666666667,,20.791666666666668,,,,62.541666666666664,36.125
2013-08-18,52.09166666666667,50.112500000000004,,58.22083333333333,,14.916666666666666,,,,102.75,67.41666666666667
2013-08-19,61.479166666666664,56.300000000000004,,84.44583333333334,,14.833333333333334,,,,144.75,82.70833333333333
2013-08-20,104.375,104.30833333333334,,117.49583333333334,,21.625,,,,163.58333333333334,105.33333333333333
2013-08-21,45.73333333333333,33.983333333333334,,66.01666666666667,,24.375,,,,153.95833333333334,97.08333333333333
2013-08-22,42.395833333333336,37.108333333333334,,70.3625,,15.916666666666666,,,,92.41666666666667,65.5
2013-08-23,37.4,28.604166666666668,,64.72083333333333,,23.291666666666668,,,,92.875,65.54166666666667
2013-08-24,18.891666666666666,11.991666666666667,,27.462500000000002,,34.25,,,,72.375,48.833333333333336
2013-08-25,13.441666666666668,8.941666666666666,,23.84166666666667,,31.041666666666668,,,,37.166666666666664,18.291666666666668
2013-08-26,14.766666666666666,9.408333333333333,,28.883333333333336,,26.541666666666668,,,,39.916666666666664,19.708333333333332
2013-08-27,21.629166666666666,16.316666666666666,,37.28333333333333,,19.291666666666668,,,,44.125,22.0
2013-08-28,40.93333333333333,35.699999999999996,,52.4125,,14.541666666666666,,,,84.45833333333333,58.833333333333336
2013-08-29,35.420833333333334,26.495833333333334,,53.262499999999996,,13.583333333333334,,,,91.16666666666667,65.125
2013-08-30,40.87083333333333,34.5,,51.99166666666667,,14.125,,,,84.16666666666667,62.5
2013-08-31,22.204166666666666,19.5125,,33.5625,,35.166666666666664,,,,91.16666666666667,64.20833333333333
2013-09-01,22.458333333333332,10.987499999999999,,33.87916666666667,,29.25,,,,51.0,26.291666666666668
2013-09-02,33.3375,20.895833333333332,,43.05833333333334,,18.375,,,,57.708333333333336,31.416666666666668
2013-09-03,48.76666666666667,37.425000000000004,,59.56666666666666,,8.916666666666666,,,,73.0,47.708333333333336
2013-09-04,24.570833333333336,18.004166666666666,,31.40416666666667,,22.166666666666668,,,,106.125,69.41666666666667
2013-09-05,8.549999999999999,5.083333333333333,,19.075,,31.375,,,,34.291666666666664,17.583333333333332
2013-09-06,10.008333333333333,4.820833333333334,,23.27916666666667,,33.0,,,,19.791666666666668,14.375
2013-09-07,17.599999999999998,9.158333333333333,,31.525000000000002,,30.5,,,,26.583333333333332,17.25
2013-09-08,21.370833333333334,11.65,,32.09166666666667,,22.166666666666668,,,,44.916666666666664,22.125
2013-09-09,25.558333333333334,17.125,,38.012499999999996,,18.625,,,,54.625,28.375
2013-09-10,22.59166666666667,13.895833333333334,,35.295833333333334,,19.25,,,,58.916666666666664,32.541666666666664
2013-09-11,37.391666666666666,28.150000000000002,,54.65416666666667,,9.25,,,,63.791666666666664,39.166666666666664
2013-09-12,69.4375,60.44166666666666,,71.15833333333333,,8.25,,,,123.66666666666667,76.0
2013-09-13,62.75833333333333,55.875,,68.34166666666667,,10.208333333333334,,,,154.20833333333334,90.79166666666667
2013-09-14,24.558333333333334,18.016666666666666,,38.737500000000004,,21.208333333333332,,,,98.66666666666667,64.0
2013-09-15,17.616666666666667,14.508333333333333,,29.46666666666667,,29.083333333333332,,,,59.791666666666664,33.25
2013-09-16,24.925,20.9875,,40.920833333333334,,17.666666666666668,,,,61.125,34.875
2013-09-17,49.13333333333333,41.65416666666667,,60.145833333333336,,16.291666666666668,,,,74.91666666666667,47.875
2013-09-18,48.07916666666667,37.725,,54.675000000000004,,11.333333333333334,,,,131.33333333333334,78.54166666666667
2013-09-19,31.041666666666668,23.204166666666666,,38.49583333333333,,25.5,,,,83.33333333333333,59.25
2013-09-20,37.333333333333336,26.375,,36.22083333333333,,18.25,,,,81.29166666666667,60.666666666666664
2013-09-21,19.558333333333334,12.362499999999999,,29.0,,18.75,,,,67.83333333333333,44.291666666666664
2013-09-22,25.441666666666666,15.254166666666668,,32.75,,19.125,,,,42.208333333333336,21.625
2013-09-23,23.854166666666668,16.2375,,40.854166666666664,,14.041666666666666,,,,63.291666666666664,36.416666666666664
2013-09-24,24.429166666666664,17.479166666666668,,39.762499999999996,,16.125,,,,63.5,36.666666666666664
2013-09-25,13.504166666666665,7.379166666666666,,24.795833333333334,,26.458333333333332,,,,41.375,22.5
2013-09-26,21.1125,8.450000000000001,,30.65416666666667,,14.25,,,,32.75,18.416666666666668
2013-09-27,41.358333333333334,26.15833333333333,,42.291666666666664,,5.541666666666667,,,,56.208333333333336,35.125
2013-09-28,22.7625,14.299999999999999,,26.22083333333333,,5.125,,,,71.41666666666667,48.916666666666664
2013-09-29,22.900000000000002,12.854166666666666,,26.912499999999998,,7.833333333333333,,,,53.541666666666664,27.416666666666668
2013-09-30,18.9875,11.033333333333333,,32.85,,14.833333333333334,,,,48.791666666666664,23.75
2013-10-01,31.287499999999998,14.033333333333333,,38.604166666666664,,11.208333333333334,,,,50.166666666666664,25.208333333333332
2013-10-02,37.916666666666664,18.241666666666667,,37.5,,7.916666666666667,,,,59.125,35.166666666666664
2013-10-03,40.44166666666667,23.083333333333332,,45.65416666666667,,12.375,,,,68.20833333333333,42.916666666666664
2013-10-04,131.09583333333333,98.9375,,92.90833333333335,,1.4166666666666667,,,,128.5,83.54166666666667
2013-10-05,77.6125,59.65,,57.4625,,2.8333333333333335,,,,170.0,114.75
2013-10-06,30.295833333333334,17.3625,,39.9,,12.625,,,,91.20833333333333,58.25
2013-10-07,23.349999999999998,16.45,,36.416666666666664,,14.375,,,,60.833333333333336,34.166666666666664
2013-10-08,27.083333333333332,15.704166666666666,,35.92916666666667,,9.875,,,,55.708333333333336,29.5
2013-10-09,30.28333333333333,18.670833333333334,,41.229166666666664,,13.791666666666666,,,,65.66666666666667,39.0
2013-10-10,43.42083333333333,30.15416666666667,,46.166666666666664,,14.25,,,,65.91666666666667,40.458333333333336
2013-10-11,52.112500000000004,34.391666666666666,,57.4625,,6.958333333333333,,,,104.25,69.75
2013-10-12,29.40833333333333,17.508333333333333,,37.670833333333334,,10.083333333333334,,,,78.375,53.166666666666664
2013-10-13,24.116666666666664,14.458333333333334,,32.800000000000004,,14.375,,,,60.416666666666664,33.958333333333336
2013-10-14,36.104166666666664,16.720833333333335,,38.487500000000004,,11.875,,,,51.041666666666664,25.875
2013-10-15,33.0375,20.354166666666668,,39.67916666666667,,11.958333333333334,,,,69.75,48.166666666666664
2013-10-16,31.7,24.020833333333332,,36.50416666666667,,10.208333333333334,,,,68.0,43.125
2013-10-17,74.08333333333333,73.64583333333333,,83.67083333333333,,7.291666666666667,,,,91.58333333333333,59.791666666666664
2013-10-18,54.6875,42.7875,,50.21666666666667,,4.791666666666667,,,,162.45833333333334,104.95833333333333
2013-10-19,26.170833333333334,14.083333333333334,,36.104166666666664,,14.166666666666666,,,,76.0,49.916666666666664
2013-10-20,21.2375,11.554166666666667,,33.920833333333334,,17.333333333333332,,,,44.5,23.125
2013-10-21,62.84583333333333,34.520833333333336,,45.26666666666667,,5.041666666666667,,,,75.70833333333333,51.0
2013-10-22,47.49166666666667,26.441666666666666,,43.25,,7.041666666666667,,,,81.91666666666667,58.875
2013-10-23,55.04583333333333,36.59583333333333,,49.9625,,7.291666666666667,,,,111.41666666666667,71.91666666666667
2013-10-24,24.825,18.491666666666667,,34.59583333333333,,17.75,,,,69.41666666666667,43.375
2013-10-25,21.108333333333334,13.345833333333333,,34.025,,15.916666666666666,,,,61.625,34.958333333333336
2013-10-26,20.641666666666666,11.333333333333334,,33.800000000000004,,16.416666666666668,,,,48.125,23.375
2013-10-27,31.65416666666667,13.241666666666667,,40.92916666666667,,8.833333333333334,,,,47.916666666666664,24.333333333333332
2013-10-28,36.525,19.470833333333335,,40.354166666666664,,4.666666666666667,,,,62.708333333333336,43.625
2013-10-29,17.162499999999998,12.441666666666668,,36.7125,,19.5,,,,58.0,31.458333333333332
2013-10-30,18.954166666666666,12.716666666666667,,38.55833333333333,,16.541666666666668,,,,48.583333333333336,23.875
2013-10-31,21.629166666666666,13.737499999999999,,39.3125,,14.791666666666666,,,,55.75,29.375
2013-11-01,24.462500000000002,14.275,,39.125,,10.583333333333334,,,,51.875,25.833333333333332
2013-11-02,48.550000000000004,31.0125,,37.05416666666667,,8.25,,,,63.166666666666664,38.041666666666664
2013-11-03,59.30833333333334,39.891666666666666,,39.416666666666664,,2.2083333333333335,,,,116.95833333333333,73.83333333333333
2013-11-04,31.974999999999998,24.958333333333332,,35.84166666666666,,7.375,,,,94.79166666666667,66.375
2013-11-05,23.366666666666664,18.020833333333332,,42.612500000000004,,10.291666666666666,,,,63.041666666666664,37.625
2013-11-06,36.7875,27.670833333333334,,38.75416666666667,,20.791666666666668,,,,74.20833333333333,51.791666666666664
2013-11-07,25.554166666666664,19.008333333333333,,36.6875,,13.416666666666666,,,,75.5,53.625
2013-11-08,29.34583333333333,18.904166666666665,,34.87083333333333,,6.0,,,,59.708333333333336,33.0
2013-11-09,42.541666666666664,25.78333333333333,,45.72083333333333,,3.2916666666666665,,,,73.25,50.625
2013-11-10,25.316666666666666,18.683333333333334,,41.34583333333333,,12.25,,,,75.0,54.041666666666664
2013-11-11,36.641666666666666,26.354166666666668,,44.19583333333333,,8.833333333333334,,,,68.75,44.541666666666664
2013-11-12,73.17083333333333,52.46666666666667,,54.925000000000004,,5.666666666666667,,,,85.29166666666667,62.666666666666664
2013-11-13,39.5375,28.916666666666668,,50.125,,4.083333333333333,,,,146.33333333333334,85.625
2013-11-14,24.912499999999998,17.404166666666665,,36.06666666666667,,9.916666666666666,,,,66.75,40.666666666666664
2013-11-15,20.724999999999998,13.275,,35.6,,9.375,,,,54.708333333333336,28.416666666666668
2013-11-16,21.7375,14.570833333333333,,34.97083333333333,,7.458333333333333,,,,56.041666666666664,29.583333333333332
2013-11-17,17.758333333333333,11.7875,,27.708333333333332,,21.583333333333332,,,,52.541666666666664,26.375
2013-11-18,28.933333333333334,12.670833333333334,,31.029166666666665,,22.0,,,,39.458333333333336,21.5
2013-11-19,28.604166666666668,18.604166666666668,,44.949999999999996,,4.916666666666667,,,,65.70833333333333,41.083333333333336
2013-11-20,31.941666666666666,22.479166666666668,,47.11666666666667,,6.916666666666667,,,,62.541666666666664,36.125
2013-11-21,43.645833333333336,33.85,,47.225,,3.1666666666666665,,,,84.125,61.291666666666664
2013-11-22,69.95833333333333,43.95416666666667,,41.03333333333333,,3.4166666666666665,,,,104.79166666666667,69.91666666666667
2013-11-23,116.80000000000001,54.85,,41.025,,1.4166666666666667,,,,139.04166666666666,81.16666666666667
2013-11-24,73.14583333333333,43.62083333333334,,38.1,,4.041666666666667,,,,131.375,80.58333333333333
2013-11-25,80.72083333333333,61.6875,,42.775,,2.25,,,,138.5,81.33333333333333
2013-11-26,27.287499999999998,20.479166666666668,,29.133333333333336,,8.875,,,,127.54166666666667,77.66666666666667
2013-11-27,19.400000000000002,12.549999999999999,,28.233333333333334,,8.541666666666666,,,,48.458333333333336,24.583333333333332
2013-11-28,18.120833333333334,10.575000000000001,,36.300000000000004,,16.041666666666668,,,,48.875,24.708333333333332
2013-11-29,22.625,10.866666666666667,,32.6625,,15.083333333333334,,,,45.833333333333336,22.166666666666668
2013-11-30,33.97083333333333,18.758333333333333,,35.50416666666667,,3.125,,,,51.458333333333336,28.791666666666668
2013-12-01,19.270833333333332,13.979166666666666,,34.583333333333336,,11.333333333333334,,,,63.25,36.541666666666664
2013-12-02,10.8375,6.870833333333334,,23.224999999999998,,24.333333333333332,,,,46.25,22.541666666666668
2013-12-03,15.466666666666667,12.241666666666667,,29.804166666666664,,6.166666666666667,,,,34.916666666666664,18.041666666666668
2013-12-04,24.554166666666664,15.758333333333333,,36.483333333333334,,11.75,,,,53.291666666666664,27.0
2013-12-05,23.25,15.316666666666668,,34.88333333333333,,8.958333333333334,,,,57.375,30.958333333333332
2013-12-06,21.96666666666667,15.795833333333334,,46.737500000000004,,8.75,,,,62.375,35.625
2013-12-07,25.633333333333336,20.845833333333335,,42.32083333333333,,7.208333333333333,,,,57.166666666666664,30.75
2013-12-08,33.387499999999996,27.22083333333333,,32.762499999999996,,4.708333333333333,,,,82.08333333333333,59.166666666666664
2013-12-09,20.958333333333332,18.0125,,27.90416666666667,,9.125,,,,70.04166666666667,45.833333333333336
2013-12-10,13.3375,8.75,,22.433333333333334,,13.583333333333334,,,,50.416666666666664,26.375
2013-12-11,43.23333333333333,37.483333333333334,,49.041666666666664,,3.75,,,,64.33333333333333,40.375
2013-12-12,19.01666666666667,14.716666666666667,,36.704166666666666,,8.291666666666666,,,,85.54166666666667,56.833333333333336
2013-12-13,18.591666666666665,13.575000000000001,,23.254166666666666,,34.708333333333336,,,,59.25,32.5
2013-12-14,12.174999999999999,6.2124999999999995,,23.958333333333332,,16.166666666666668,,,,34.5,18.583333333333332
2013-12-15,19.479166666666668,12.345833333333333,,26.7,,5.25,,,,34.666666666666664,16.666666666666668
2013-12-16,32.0,27.170833333333334,,36.237500000000004,,0.875,,,,68.45833333333333,45.666666666666664
2013-12-17,22.15416666666667,17.716666666666665,,27.625,,12.541666666666666,,,,72.25,48.583333333333336
2013-12-18,17.933333333333334,12.979166666666666,,33.5625,,20.166666666666668,,,,58.625,32.166666666666664
2013-12-19,37.3875,28.441666666666666,,42.699999999999996,,8.166666666666666,,,,56.0,30.625
2013-12-20,26.566666666666666,21.733333333333334,,44.55833333333334,,2.9166666666666665,,,,88.16666666666667,63.583333333333336
2013-12-21,36.2875,27.445833333333336,,45.375,,4.416666666666667,,,,81.83333333333333,59.041666666666664
2013-12-22,24.662499999999998,18.408333333333335,,33.266666666666666,,10.583333333333334,,,,66.70833333333333,42.541666666666664
2013-12-23,29.354166666666668,24.97083333333333,,36.420833333333334,,10.875,,,,70.625,47.416666666666664
2013-12-24,23.84166666666667,14.791666666666666,,36.329166666666666,,10.916666666666666,,,,68.95833333333333,45.791666666666664
2013-12-25,28.84583333333333,23.4875,,40.34583333333333,,7.0,,,,63.125,37.708333333333336
2013-12-26,30.416666666666668,25.3,,50.06666666666666,,12.083333333333334,,,,76.29166666666667,57.333333333333336
2013-12-27,35.02916666666667,29.224999999999998,,51.02916666666667,,5.875,,,,84.20833333333333,62.5
2013-12-28,37.38333333333333,31.266666666666666,,40.387499999999996,,7.958333333333333,,,,85.45833333333333,62.875
2013-12-29,42.3125,33.983333333333334,,47.7125,,7.458333333333333,,,,96.95833333333333,67.16666666666667
2013-12-30,36.487500000000004,28.858333333333334,,36.30833333333333,,16.625,,,,94.58333333333333,66.25
2013-12-31,22.34166666666667,15.5,,32.6875,,11.083333333333334,,,,68.70833333333333,44.916666666666664
2014-01-01,24.241666666666664,18.783333333333335,,41.387499999999996,,6.625,,,,60.583333333333336,34.041666666666664
2014-01-02,30.058333333333334,24.570833333333336,,50.625,,6.333333333333333,,,,67.04166666666667,41.708333333333336
2014-01-03,40.800000000000004,32.31666666666667,,52.949999999999996,,1.5,,,,87.70833333333333,63.75
2014-01-04,32.30833333333333,27.554166666666664,,48.85833333333334,,3.75,,,,90.45833333333333,64.83333333333333
2014-01-05,29.245833333333334,25.175,,39.15416666666667,,3.75,,,,76.375,55.666666666666664
2014-01-06,55.541666666666664,41.2875,,49.458333333333336,,0.5833333333333334,,,,95.79166666666667,66.66666666666667
2014-01-07,76.22916666666667,45.604166666666664,,53.229166666666664,,0.2916666666666667,,,,122.08333333333333,75.41666666666667
2014-01-08,25.925,18.845833333333335,,37.63333333333333,,14.166666666666666,,,,94.75,62.166666666666664
2014-01-09,40.34583333333333,29.425,,44.479166666666664,,6.0,,,,75.58333333333333,52.25
2014-01-10,18.041666666666668,14.433333333333332,,38.18333333333333,,6.75,,,,73.95833333333333,50.583333333333336
2014-01-11,14.320833333333333,9.670833333333333,,30.8,,16.708333333333332,,,,49.833333333333336,24.75
2014-01-12,17.645833333333332,14.575000000000001,,37.25833333333333,,10.208333333333334,,,,40.916666666666664,20.791666666666668
2014-01-13,18.204166666666666,12.533333333333333,,30.258333333333336,,11.125,,,,58.0,31.416666666666668
2014-01-14,16.474999999999998,13.35,,33.199999999999996,,7.083333333333333,,,,47.333333333333336,22.875
2014-01-15,35.612500000000004,29.63333333333333,,53.00833333333333,,5.291666666666667,,,,62.708333333333336,37.458333333333336
2014-01-16,16.349999999999998,11.2125,,34.62916666666667,,11.333333333333334,,,,78.875,55.208333333333336
2014-01-17,19.841666666666665,13.295833333333334,,27.045833333333334,,9.25,,,,42.125,20.375
2014-01-18,38.0375,25.325,,32.958333333333336,,3.1666666666666665,,,,69.04166666666667,46.166666666666664
2014-01-19,25.625,15.591666666666667,,41.237500000000004,,12.333333333333334,,,,65.79166666666667,41.375
2014-01-20,42.050000000000004,28.09583333333333,,64.35833333333333,,5.541666666666667,,,,68.08333333333333,44.25
2014-01-21,62.79583333333334,42.875,,80.45416666666667,,2.2083333333333335,,,,94.625,66.25
2014-01-22,69.94166666666666,52.395833333333336,,76.19583333333334,,3.1666666666666665,,,,147.54166666666666,86.33333333333333
2014-01-23,20.962500000000002,15.975,,41.483333333333334,,20.041666666666668,,,,86.91666666666667,55.75
2014-01-24,20.991666666666667,12.879166666666668,,44.25833333333333,,19.125,,,,52.0,26.833333333333332
2014-01-25,28.854166666666668,19.629166666666666,,48.42083333333333,,11.375,,,,61.5,34.833333333333336
2014-01-26,35.96666666666667,26.900000000000002,,58.99583333333334,,8.583333333333334,,,,73.41666666666667,51.041666666666664
2014-01-27,34.97083333333333,24.65416666666667,,62.574999999999996,,12.458333333333334,,,,78.75,59.625
2014-01-28,27.295833333333334,19.525000000000002,,46.854166666666664,,18.416666666666668,,,,69.79166666666667,45.5
2014-01-29,28.2,21.854166666666668,,51.625,,19.583333333333332,,,,68.45833333333333,43.0
2014-01-30,85.28333333333333,55.916666666666664,,78.1125,,8.75,,,,101.54166666666667,66.16666666666667
2014-01-31,60.46666666666667,44.4375,,76.72500000000001,,8.541666666666666,,,,137.91666666666666,80.75
2014-02-01,44.64166666666667,34.38333333333333,,72.51666666666667,,10.0,,,,120.83333333333333,75.125
2014-02-02,25.270833333333332,20.254166666666666,,48.125,,29.5,,,,82.41666666666667,58.666666666666664
2014-02-03,26.204166666666666,21.520833333333332,,51.07083333333333,,24.208333333333332,,,,65.66666666666667,39.041666666666664
2014-02-04,20.629166666666666,16.320833333333333,,44.9,,26.791666666666668,,,,65.875,39.833333333333336
2014-02-05,40.49583333333333,32.675000000000004,,61.21666666666667,,11.541666666666666,,,,69.16666666666667,43.958333333333336
2014-02-06,53.50416666666666,42.237500000000004,,73.87083333333334,,6.25,,,,106.625,70.45833333333333
2014-02-07,39.291666666666664,32.55416666666667,,63.916666666666664,,8.333333333333334,,,,110.54166666666667,71.66666666666667
2014-02-08,59.666666666666664,50.57083333333333,,61.387499999999996,,3.1666666666666665,,,,119.45833333333333,74.45833333333333
2014-02-09,33.045833333333334,26.358333333333334,,54.04583333333333,,9.791666666666666,,,,107.08333333333333,70.5
2014-02-10,30.90833333333333,23.254166666666666,,55.22083333333333,,10.125,,,,74.75,53.75
2014-02-11,28.766666666666666,22.1875,,54.770833333333336,,5.791666666666667,,,,73.45833333333333,52.208333333333336
2014-02-12,40.416666666666664,30.90416666666667,,52.50416666666666,,4.875,,,,84.83333333333333,61.291666666666664
2014-02-13,43.2125,34.50416666666667,,61.37083333333334,,4.708333333333333,,,,87.70833333333333,63.791666666666664
2014-02-14,56.229166666666664,46.112500000000004,,63.020833333333336,,3.3333333333333335,,,,113.79166666666667,72.79166666666667
2014-02-15,42.12083333333333,35.69583333333333,,49.06666666666666,,4.75,,,,111.45833333333333,72.08333333333333
2014-02-16,45.041666666666664,38.733333333333334,,55.05416666666667,,5.583333333333333,,,,110.66666666666667,71.875
2014-02-17,28.212500000000002,22.71666666666667,,51.270833333333336,,10.041666666666666,,,,87.16666666666667,62.708333333333336
2014-02-18,20.179166666666667,14.908333333333333,,38.00416666666667,,20.458333333333332,,,,67.79166666666667,42.791666666666664
2014-02-19,18.724999999999998,14.595833333333333,,38.71666666666666,,24.583333333333332,,,,47.416666666666664,25.541666666666668
2014-02-20,38.979166666666664,28.304166666666664,,59.40416666666667,,11.875,,,,79.20833333333333,55.375
2014-02-21,29.733333333333334,18.162499999999998,,52.39166666666667,,12.291666666666666,,,,69.95833333333333,45.375
2014-02-22,31.650000000000002,25.28333333333333,,51.51666666666667,,8.791666666666666,,,,71.29166666666667,48.666666666666664
2014-02-23,25.95,18.083333333333332,,45.99166666666667,,16.208333333333332,,,,68.375,44.166666666666664
2014-02-24,35.87916666666667,28.2375,,56.62083333333334,,5.5,,,,74.70833333333333,52.208333333333336
2014-02-25,46.7875,38.30833333333333,,71.825,,10.291666666666666,,,,90.04166666666667,64.5
2014-02-26,52.1875,40.4125,,71.97916666666667,,9.791666666666666,,,,117.16666666666667,73.91666666666667
2014-02-27,50.80833333333334,39.612500000000004,,64.55833333333334,,9.416666666666666,,,,109.29166666666667,71.375
2014-02-28,51.625,41.862500000000004,,66.88333333333334,,11.25,,,,110.58333333333333,71.91666666666667
2014-03-01,52.62916666666666,40.62083333333333,,57.99166666666667,,11.041666666666666,,,,116.125,73.5
2014-03-02,51.75833333333333,46.916666666666664,,52.99583333333334,,6.291666666666667,,,,118.125,74.125
2014-03-03,58.012499999999996,40.69583333333333,,56.5,,5.75,,,,131.20833333333334,78.25
2014-03-04,40.858333333333334,29.96666666666667,,50.895833333333336,,7.958333333333333,,,,93.5,65.95833333333333
2014-03-05,39.608333333333334,27.020833333333332,,56.12083333333334,,8.875,,,,85.25,62.791666666666664
2014-03-06,53.708333333333336,39.15416666666667,,60.21666666666667,,7.75,,,,94.0,66.04166666666667
2014-03-07,60.9625,48.645833333333336,,81.47500000000001,,8.875,,,,120.54166666666667,74.95833333333333
2014-03-08,45.137499999999996,37.52916666666667,,48.40416666666667,,18.625,,,,124.08333333333333,76.08333333333333
2014-03-09,24.2625,17.716666666666665,,44.24166666666667,,28.875,,,,82.875,57.208333333333336
2014-03-10,26.099999999999998,19.070833333333333,,46.07916666666667,,35.291666666666664,,,,60.25,33.625
2014-03-11,21.825,15.0875,,39.9125,,45.375,,,,65.5,39.208333333333336
2014-03-12,14.954166666666667,9.970833333333333,,36.25,,39.125,,,,45.75,24.541666666666668
2014-03-13,19.066666666666666,12.916666666666666,,39.454166666666666,,43.083333333333336,,,,46.916666666666664,24.166666666666668
2014-03-14,22.46666666666667,16.2625,,42.27916666666667,,37.416666666666664,,,,58.375,31.958333333333332
2014-03-15,17.1875,12.875,,39.137499999999996,,49.416666666666664,,,,52.125,26.541666666666668
2014-03-16,12.195833333333333,7.7124999999999995,,35.92916666666667,,43.0,,,,45.333333333333336,25.25
2014-03-17,21.358333333333334,15.15,,55.050000000000004,,22.5,,,,47.458333333333336,28.541666666666668
2014-03-18,14.770833333333334,8.612499999999999,,34.454166666666666,,43.833333333333336,,,,47.833333333333336,25.333333333333332
2014-03-19,23.0625,17.716666666666665,,60.2125,,25.875,,,,48.5,30.0
2014-03-20,30.925,21.495833333333334,,63.395833333333336,,24.75,,,,65.625,41.25
2014-03-21,29.829166666666666,22.3,,56.17083333333333,,26.416666666666668,,,,75.95833333333333,55.166666666666664
2014-03-22,31.066666666666666,23.47083333333333,,49.11666666666667,,35.083333333333336,,,,66.625,40.791666666666664
2014-03-23,50.729166666666664,37.87083333333333,,74.60416666666667,,13.416666666666666,,,,91.79166666666667,64.91666666666667
2014-03-24,36.53333333333333,27.90833333333333,,61.925000000000004,,19.083333333333332,,,,93.75,65.875
2014-03-25,62.73333333333333,46.4,,93.89583333333333,,13.708333333333334,,,,96.45833333333333,66.91666666666667
2014-03-26,43.1875,32.420833333333334,,56.50833333333333,,34.5,,,,136.79166666666666,80.91666666666667
2014-03-27,35.65833333333333,24.483333333333334,,65.05416666666666,,26.75,,,,62.916666666666664,41.458333333333336
2014-03-28,16.879166666666666,11.408333333333333,,35.72083333333333,,46.291666666666664,,,,72.08333333333333,50.375
2014-03-29,11.595833333333333,6.833333333333333,,28.058333333333334,,53.583333333333336,,,,31.958333333333332,24.333333333333332
2014-03-30,25.525000000000002,17.791666666666668,,49.21666666666667,,31.625,,,,49.375,30.041666666666668
2014-03-31,35.020833333333336,25.40416666666667,,73.64999999999999,,19.833333333333332,,,,71.04166666666667,47.916666666666664
2014-04-01,12.366666666666667,8.241666666666667,,30.254166666666666,,56.541666666666664,,,,54.875,36.541666666666664
2014-04-02,22.816666666666666,16.787499999999998,,54.90416666666667,,32.666666666666664,,,,51.041666666666664,30.541666666666668
2014-04-03,26.108333333333334,19.341666666666665,,58.458333333333336,,29.708333333333332,,,,62.25,35.708333333333336
2014-04-04,28.833333333333332,19.212500000000002,,52.0375,,33.333333333333336,,,,72.25,49.958333333333336
2014-04-05,13.416666666666666,8.883333333333333,,33.895833333333336,,56.416666666666664,,,,42.958333333333336,28.791666666666668
2014-04-06,15.475,11.604166666666666,,31.575,,56.375,,,,45.5,23.625
2014-04-07,23.891666666666666,17.045833333333334,,49.550000000000004,,32.208333333333336,,,,52.333333333333336,27.416666666666668
2014-04-08,41.262499999999996,28.495833333333334,,70.35833333333333,,25.791666666666668,,,,81.5,57.0
2014-04-09,22.425,14.391666666666666,,50.416666666666664,,37.958333333333336,,,,65.58333333333333,41.291666666666664
2014-04-10,16.841666666666665,11.254166666666668,,34.47083333333333,,41.25,,,,46.041666666666664,25.25
2014-04-11,34.25833333333333,24.920833333333334,,65.14583333333333,,27.041666666666668,,,,63.375,41.875
2014-04-12,22.166666666666668,16.670833333333334,,47.449999999999996,,35.208333333333336,,,,71.5,49.291666666666664
2014-04-13,24.8875,19.791666666666668,,51.47083333333333,,25.375,,,,60.25,33.791666666666664
2014-04-14,22.308333333333334,15.541666666666666,,45.65833333333333,,24.041666666666668,,,,65.0,38.25
2014-04-15,25.491666666666664,19.45,,50.975,,29.208333333333332,,,,59.375,32.833333333333336
2014-04-16,29.583333333333332,21.0,,62.07083333333333,,30.166666666666668,,,,67.91666666666667,41.541666666666664
2014-04-17,22.641666666666666,15.466666666666667,,53.43333333333334,,37.708333333333336,,,,61.75,37.791666666666664
2014-04-18,52.12083333333334,37.229166666666664,,92.52916666666665,,23.416666666666668,,,,84.08333333333333,60.583333333333336
2014-04-19,76.02916666666667,53.199999999999996,,107.81666666666666,,18.875,,,,126.25,76.875
2014-04-20,67.03333333333333,53.90416666666667,,98.44166666666666,,30.291666666666668,,,,150.45833333333334,85.75
2014-04-21,37.62083333333333,29.325,,58.99166666666667,,42.375,,,,105.58333333333333,69.875
2014-04-22,48.87916666666666,38.4375,,66.58333333333333,,22.25,,,,91.66666666666667,65.25
2014-04-23,28.90833333333333,18.0625,,40.19166666666667,,44.458333333333336,,,,94.75,64.5
2014-04-24,13.791666666666666,8.483333333333333,,29.366666666666664,,59.166666666666664,,,,40.375,27.291666666666668
2014-04-25,15.433333333333332,11.625,,37.78333333333333,,56.916666666666664,,,,44.0,26.583333333333332
2014-04-26,21.7375,13.541666666666666,,46.26666666666667,,50.041666666666664,,,,47.041666666666664,28.625
2014-04-27,40.204166666666666,30.620833333333334,,73.9375,,29.083333333333332,,,,81.95833333333333,61.416666666666664
2014-04-28,28.508333333333336,20.087500000000002,,60.987500000000004,,33.916666666666664,,,,71.125,47.375
2014-04-29,45.19583333333333,33.75,,86.875,,28.041666666666668,,,,80.875,58.041666666666664
2014-04-30,37.99166666666667,27.395833333333332,,69.55416666666666,,37.083333333333336,,,,97.04166666666667,67.20833333333333
2014-05-01,30.3875,21.675,,64.08333333333333,,39.208333333333336,,,,70.29166666666667,46.083333333333336
2014-05-02,16.0125,11.887500000000001,,35.737500000000004,,55.125,,,,63.25,37.458333333333336
2014-05-03,17.020833333333332,11.154166666666667,,39.199999999999996,,46.291666666666664,,,,39.166666666666664,26.708333333333332
2014-05-04,25.895833333333332,20.775000000000002,,54.99166666666667,,37.625,,,,66.75,44.583333333333336
2014-05-05,18.95,12.095833333333333,,44.62916666666666,,37.25,,,,54.375,29.791666666666668
2014-05-06,12.391666666666666,9.441666666666666,,30.191666666666666,,47.166666666666664,,,,41.875,22.958333333333332
2014-05-07,16.070833333333333,12.375,,36.05833333333333,,47.708333333333336,,,,44.916666666666664,25.333333333333332
2014-05-08,17.6125,14.125,,42.0875,,48.875,,,,53.083333333333336,27.208333333333332
2014-05-09,16.175,12.466666666666667,,47.55416666666667,,50.791666666666664,,,,52.791666666666664,29.625
2014-05-10,27.22083333333333,21.516666666666666,,63.175000000000004,,26.958333333333332,,,,62.75,38.5
2014-05-11,24.266666666666666,18.925,,49.99583333333334,,31.833333333333332,,,,70.5,46.583333333333336
2014-05-12,20.516666666666666,15.804166666666667,,55.425000000000004,,37.333333333333336,,,,57.166666666666664,30.75
2014-05-13,19.704166666666666,14.799999999999999,,43.73333333333333,,42.041666666666664,,,,60.25,33.708333333333336
2014-05-14,18.429166666666667,13.620833333333332,,46.56666666666666,,32.25,,,,50.708333333333336,27.458333333333332
2014-05-15,19.579166666666666,12.316666666666668,,48.05416666666667,,36.291666666666664,,,,53.625,28.208333333333332
2014-05-16,14.520833333333334,10.370833333333334,,32.92916666666667,,47.416666666666664,,,,44.375,22.791666666666668
2014-05-17,16.770833333333332,10.166666666666666,,32.37916666666667,,44.5,,,,40.625,22.5
2014-05-18,19.379166666666666,14.575000000000001,,33.699999999999996,,43.583333333333336,,,,49.833333333333336,25.083333333333332
2014-05-19,25.825,18.204166666666666,,48.50833333333333,,34.416666666666664,,,,58.75,32.208333333333336
2014-05-20,38.858333333333334,29.495833333333334,,71.64583333333333,,36.916666666666664,,,,78.04166666666667,55.208333333333336
2014-05-21,28.383333333333336,21.150000000000002,,65.82916666666667,,38.625,,,,80.33333333333333,58.583333333333336
2014-05-22,22.733333333333334,16.775000000000002,,58.4375,,37.375,,,,62.916666666666664,37.541666666666664
2014-05-23,22.379166666666666,15.666666666666666,,52.50833333333333,,50.125,,,,57.416666666666664,33.875
2014-05-24,42.354166666666664,32.36666666666667,,87.0,,28.875,,,,75.20833333333333,53.5
2014-05-25,29.254166666666666,22.837500000000002,,63.2125,,51.666666666666664,,,,89.95833333333333,64.54166666666667
2014-05-26,22.90416666666667,17.233333333333334,,60.925000000000004,,35.833333333333336,,,,60.291666666666664,36.208333333333336
2014-05-27,25.7375,18.833333333333332,,52.30416666666667,,37.333333333333336,,,,68.33333333333333,43.333333333333336
2014-05-28,13.945833333333333,10.375,,32.9625,,36.375,,,,48.0,24.75
2014-05-29,12.200000000000001,9.191666666666666,,30.412499999999998,,44.25,,,,40.875,20.666666666666668
2014-05-30,15.754166666666668,11.404166666666667,,37.77916666666667,,38.875,,,,40.375,21.75
2014-05-31,16.279166666666665,12.683333333333332,,35.75,,41.875,,,,52.333333333333336,26.416666666666668
2014-06-01,31.083333333333332,17.404166666666665,,30.8875,,46.333333333333336,,,,52.375,26.333333333333332
2014-06-02,65.77083333333333,37.13333333333333,,38.300000000000004,,42.583333333333336,,,,79.58333333333333,55.958333333333336
2014-06-03,45.625,35.387499999999996,,51.6875,,34.708333333333336,,,,113.70833333333333,72.79166666666667
2014-06-04,24.666666666666668,18.258333333333333,,55.11666666666667,,27.125,,,,80.83333333333333,57.666666666666664
2014-06-05,35.44583333333333,24.962500000000002,,68.1125,,31.125,,,,65.375,41.083333333333336
2014-06-06,41.395833333333336,32.829166666666666,,90.79583333333333,,32.041666666666664,,,,90.08333333333333,64.625
2014-06-07,62.00416666666666,45.31666666666666,,109.6125,,32.583333333333336,,,,108.79166666666667,71.04166666666667
2014-06-08,37.31666666666667,29.804166666666664,,65.075,,36.083333333333336,,,,114.16666666666667,72.875
2014-06-09,17.129166666666666,13.4125,,45.06666666666666,,36.708333333333336,,,,64.04166666666667,39.041666666666664
2014-06-10,12.008333333333333,8.9,,30.733333333333334,,50.5,,,,42.666666666666664,22.458333333333332
2014-06-11,9.570833333333333,7.070833333333333,,19.520833333333332,,46.583333333333336,,,,30.5,19.833333333333332
2014-06-12,12.3125,8.3375,,28.954166666666666,,34.416666666666664,,,,32.833333333333336,19.041666666666668
2014-06-13,36.28333333333333,25.670833333333334,,77.45416666666667,,11.458333333333334,,,,57.208333333333336,38.375
2014-06-14,34.137499999999996,19.641666666666666,,64.70833333333333,,23.333333333333332,,,,79.91666666666667,58.958333333333336
2014-06-15,13.133333333333333,9.304166666666667,,33.72083333333333,,30.583333333333332,,,,49.041666666666664,25.125
2014-06-16,13.958333333333334,9.633333333333333,,34.7125,,38.208333333333336,,,,33.916666666666664,20.791666666666668
2014-06-17,14.258333333333333,10.120833333333334,,35.291666666666664,,35.0,,,,47.166666666666664,23.875
2014-06-18,10.1625,7.4624999999999995,,29.304166666666664,,39.125,,,,35.208333333333336,19.625
2014-06-19,11.454166666666666,8.383333333333333,,30.545833333333334,,36.708333333333336,,,,29.708333333333332,18.041666666666668
2014-06-20,14.166666666666666,10.475,,35.925000000000004,,37.708333333333336,,,,42.25,21.791666666666668
2014-06-21,21.229166666666668,16.974999999999998,,53.85833333333333,,30.625,,,,50.333333333333336,26.833333333333332
2014-06-22,13.025,9.125,,34.137499999999996,,34.333333333333336,,,,52.0,29.25
2014-06-23,18.091666666666665,14.037500000000001,,48.17916666666667,,24.958333333333332,,,,54.041666666666664,31.333333333333332
2014-06-24,15.229166666666666,11.279166666666667,,36.729166666666664,,27.291666666666668,,,,47.541666666666664,23.75
2014-06-25,15.379166666666668,11.137500000000001,,38.975,,30.791666666666668,,,,46.791666666666664,23.458333333333332
2014-06-26,15.133333333333333,10.674999999999999,,36.291666666666664,,27.833333333333332,,,,44.916666666666664,21.791666666666668
2014-06-27,12.695833333333333,8.7,,31.479166666666668,,30.166666666666668,,,,39.833333333333336,19.375
2014-06-28,9.783333333333333,5.608333333333333,,23.229166666666668,,38.5,,,,27.708333333333332,17.833333333333332
2014-06-29,13.358333333333334,9.795833333333333,,29.516666666666666,,34.958333333333336,,,,30.75,19.416666666666668
2014-06-30,16.275000000000002,13.424999999999999,,42.87916666666666,,35.791666666666664,,,,51.166666666666664,26.708333333333332
2014-07-01,19.916666666666668,17.108333333333334,,39.949999999999996,,50.25,,,,55.208333333333336,29.583333333333332
2014-07-02,17.283333333333335,13.545833333333334,,40.975,,41.166666666666664,,,,59.75,33.125
2014-07-03,14.208333333333334,10.779166666666667,,36.67916666666667,,39.708333333333336,,,,43.333333333333336,24.0
2014-07-04,22.066666666666666,15.495833333333332,,52.9,,27.666666666666668,,,,55.708333333333336,31.041666666666668
2014-07-05,21.004166666666666,14.691666666666668,,46.94583333333333,,34.666666666666664,,,,56.083333333333336,30.625
2014-07-06,24.7375,18.091666666666665,,57.99166666666667,,35.208333333333336,,,,58.791666666666664,32.875
2014-07-07,18.7375,14.225,,41.733333333333334,,44.083333333333336,,,,59.75,33.041666666666664
2014-07-08,19.404166666666665,14.325000000000001,,48.36666666666667,,32.541666666666664,,,,54.166666666666664,28.541666666666668
2014-07-09,21.416666666666668,16.095833333333335,,46.025,,31.0,,,,57.583333333333336,31.625
2014-07-10,18.866666666666667,14.208333333333334,,39.170833333333334,,28.708333333333332,,,,59.875,33.541666666666664
2014-07-11,11.049999999999999,8.079166666666667,,27.5625,,32.625,,,,33.875,18.208333333333332
2014-07-12,12.674999999999999,9.191666666666666,,27.129166666666666,,34.583333333333336,,,,37.375,19.0
2014-07-13,17.454166666666666,13.637500000000001,,31.866666666666664,,40.916666666666664,,,,47.333333333333336,24.083333333333332
2014-07-14,23.27916666666667,17.429166666666667,,52.34166666666667,,33.625,,,,57.458333333333336,31.583333333333332
2014-07-15,32.295833333333334,24.745833333333334,,69.82916666666667,,28.583333333333332,,,,73.04166666666667,52.0
2014-07-16,31.141666666666666,24.066666666666666,,67.7625,,39.458333333333336,,,,77.58333333333333,59.458333333333336
2014-07-17,23.333333333333332,17.791666666666668,,59.21666666666667,,43.916666666666664,,,,67.08333333333333,41.583333333333336
2014-07-18,18.325,13.3125,,38.949999999999996,,38.125,,,,55.875,29.791666666666668
2014-07-19,15.208333333333334,10.641666666666667,,36.0375,,37.208333333333336,,,,48.666666666666664,24.666666666666668
2014-07-20,18.679166666666667,13.733333333333334,,39.737500000000004,,29.666666666666668,,,,51.375,26.833333333333332
2014-07-21,15.116666666666667,10.770833333333334,,32.454166666666666,,31.458333333333332,,,,48.666666666666664,23.625
2014-07-22,15.466666666666667,9.541666666666666,,34.15,,28.25,,,,41.208333333333336,20.25
2014-07-23,18.7625,12.112499999999999,,35.44583333333333,,31.291666666666668,,,,44.041666666666664,22.25
2014-07-24,16.408333333333335,11.970833333333333,,36.78333333333333,,30.5,,,,51.666666666666664,25.916666666666668
2014-07-25,16.3875,11.475,,34.12916666666667,,41.0,,,,44.541666666666664,22.25
2014-07-26,14.004166666666668,11.408333333333333,,26.587500000000002,,42.791666666666664,,,,49.833333333333336,24.125
2014-07-27,21.40833333333333,15.479166666666666,,44.862500000000004,,34.5,,,,52.291666666666664,28.875
2014-07-28,22.991666666666664,17.4875,,51.583333333333336,,35.458333333333336,,,,60.583333333333336,34.291666666666664
2014-07-29,21.054166666666667,16.433333333333334,,49.99583333333334,,41.625,,,,60.208333333333336,33.791666666666664
2014-07-30,21.204166666666666,16.504166666666666,,40.56666666666667,,48.416666666666664,,,,58.0,32.333333333333336
2014-07-31,26.920833333333334,20.091666666666665,,59.112500000000004,,43.5,,,,64.04166666666667,39.208333333333336
2014-08-01,36.62916666666667,27.0,,89.14999999999999,,29.25,,,,75.83333333333333,56.833333333333336
2014-08-02,43.012499999999996,30.88333333333333,,79.22916666666667,,36.416666666666664,,,,91.625,65.375
2014-08-03,18.474999999999998,12.791666666666666,,33.90416666666667,,49.333333333333336,,,,65.20833333333333,40.916666666666664
2014-08-04,15.145833333333334,10.691666666666668,,31.808333333333334,,43.875,,,,46.833333333333336,24.0
2014-08-05,15.725,12.270833333333334,,27.458333333333332,,41.875,,,,46.166666666666664,22.541666666666668
2014-08-06,16.945833333333333,13.075000000000001,,33.862500000000004,,38.166666666666664,,,,51.583333333333336,25.791666666666668
2014-08-07,18.625,13.6625,,39.229166666666664,,37.916666666666664,,,,54.041666666666664,27.833333333333332
2014-08-08,21.4875,15.154166666666667,,48.29583333333333,,35.916666666666664,,,,54.458333333333336,28.166666666666668
2014-08-09,18.558333333333334,12.966666666666667,,38.67916666666667,,38.666666666666664,,,,54.666666666666664,29.625
2014-08-10,28.858333333333334,20.708333333333332,,56.979166666666664,,38.125,,,,64.25,40.916666666666664
2014-08-11,24.766666666666666,17.154166666666665,,56.4375,,43.833333333333336,,,,60.833333333333336,36.0
2014-08-12,31.8625,24.229166666666668,,74.63333333333334,,39.75,,,,70.25,48.416666666666664
2014-08-13,20.616666666666667,15.845833333333333,,50.95416666666667,,40.041666666666664,,,,68.875,45.166666666666664
2014-08-14,26.083333333333332,19.091666666666665,,63.36666666666667,,31.208333333333332,,,,59.125,35.5
2014-08-15,20.995833333333334,17.220833333333335,,43.09166666666667,,40.083333333333336,,,,63.958333333333336,37.041666666666664
2014-08-16,15.220833333333333,11.375,,44.737500000000004,,43.75,,,,50.708333333333336,31.125
2014-08-17,25.566666666666666,19.904166666666665,,62.24166666666667,,26.041666666666668,,,,63.25,40.583333333333336
2014-08-18,17.670833333333334,12.570833333333333,,43.84166666666667,,31.541666666666668,,,,49.916666666666664,29.041666666666668
2014-08-19,39.141666666666666,30.191666666666666,,76.3875,,27.25,,,,78.41666666666667,56.625
2014-08-20,30.099999999999998,22.129166666666666,,68.89999999999999,,28.666666666666668,,,,75.04166666666667,51.916666666666664
2014-08-21,26.145833333333332,20.6875,,61.65833333333333,,28.041666666666668,,,,70.83333333333333,47.125
2014-08-22,19.349999999999998,15.545833333333334,,41.05833333333333,,36.041666666666664,,,,65.29166666666667,38.791666666666664
2014-08-23,17.929166666666667,13.866666666666667,,48.56666666666666,,28.666666666666668,,,,49.458333333333336,27.416666666666668
2014-08-24,31.099999999999998,21.383333333333336,,66.34583333333333,,24.75,,,,65.20833333333333,40.791666666666664
2014-08-25,13.716666666666667,10.358333333333333,,34.699999999999996,,44.125,,,,57.625,31.5
2014-08-26,10.691666666666668,7.929166666666667,,28.662499999999998,,45.708333333333336,,,,34.291666666666664,21.125
2014-08-27,19.495833333333334,15.174999999999999,,56.55833333333334,,22.708333333333332,,,,47.625,27.125
2014-08-28,17.720833333333335,14.058333333333332,,54.4,,26.833333333333332,,,,55.791666666666664,30.0
2014-08-29,16.333333333333332,12.516666666666666,,43.80833333333334,,19.291666666666668,,,,54.458333333333336,28.333333333333332
2014-08-30,14.333333333333334,10.716666666666667,,37.52916666666667,,28.541666666666668,,,,46.25,23.208333333333332
2014-08-31,17.079166666666666,12.995833333333332,,43.48333333333333,,15.125,,,,47.208333333333336,23.875
2014-09-01,18.695833333333333,13.4375,,45.25416666666666,,20.291666666666668,,,,52.125,26.375
2014-09-02,18.558333333333334,13.158333333333333,,53.46666666666667,,25.708333333333332,,,,53.791666666666664,29.375
2014-09-03,14.025,10.65,,33.324999999999996,,34.291666666666664,,,,48.291666666666664,23.666666666666668
2014-09-04,21.7375,14.987499999999999,,42.266666666666666,,30.791666666666668,,,,49.666666666666664,24.958333333333332
2014-09-05,30.474999999999998,21.537499999999998,,54.925000000000004,,20.208333333333332,,,,61.208333333333336,35.666666666666664
2014-09-06,31.587500000000002,20.420833333333334,,56.675000000000004,,20.916666666666668,,,,72.25,49.875
2014-09-07,36.32083333333333,24.266666666666666,,54.1625,,19.333333333333332,,,,74.91666666666667,54.791666666666664
2014-09-08,41.916666666666664,24.84166666666667,,71.60833333333333,,14.375,,,,75.29166666666667,55.333333333333336
2014-09-09,30.354166666666668,22.516666666666666,,58.55833333333334,,16.5,,,,73.70833333333333,52.541666666666664
2014-09-10,36.141666666666666,24.395833333333332,,68.13333333333334,,14.041666666666666,,,,72.33333333333333,50.25
2014-09-11,50.7125,36.47083333333333,,72.5,,10.416666666666666,,,,90.875,64.83333333333333
2014-09-12,70.20416666666667,52.34583333333333,,103.98750000000001,,8.708333333333334,,,,120.375,74.95833333333333
2014-09-13,33.9625,26.7,,53.90416666666667,,26.333333333333332,,,,122.0,75.29166666666667
2014-09-14,10.870833333333332,8.316666666666666,,24.6125,,33.666666666666664,,,,51.041666666666664,28.291666666666668
2014-09-15,17.620833333333334,12.645833333333334,,32.69583333333333,,32.875,,,,43.958333333333336,21.458333333333332
2014-09-16,18.3625,11.983333333333334,,36.75,,29.833333333333332,,,,50.708333333333336,24.791666666666668
2014-09-17,22.974999999999998,16.0,,45.73333333333333,,23.458333333333332,,,,53.958333333333336,28.75
2014-09-18,41.704166666666666,26.5125,,64.73333333333333,,15.625,,,,68.16666666666667,43.458333333333336
2014-09-19,42.291666666666664,31.400000000000002,,66.50416666666666,,16.375,,,,93.625,65.875
2014-09-20,40.862500000000004,30.316666666666666,,61.49166666666667,,15.833333333333334,,,,80.75,60.541666666666664
2014-09-21,43.475,33.608333333333334,,67.9375,,19.125,,,,99.95833333333333,68.16666666666667
2014-09-22,35.233333333333334,28.77916666666667,,56.9,,15.875,,,,87.54166666666667,63.625
2014-09-23,58.487500000000004,43.012499999999996,,37.170833333333334,,31.666666666666668,,,,97.625,67.33333333333333
2014-09-24,25.837500000000002,21.058333333333334,,44.45416666666667,,24.041666666666668,,,,99.0,66.875
2014-09-25,17.866666666666667,11.379166666666668,,36.88333333333333,,25.291666666666668,,,,53.625,30.583333333333332
2014-09-26,47.29583333333333,32.87083333333333,,76.50833333333334,,7.625,,,,67.95833333333333,44.416666666666664
2014-09-27,23.866666666666664,17.724999999999998,,47.675000000000004,,19.708333333333332,,,,87.5,61.625
2014-09-28,14.470833333333333,10.095833333333333,,34.65,,23.166666666666668,,,,50.208333333333336,26.083333333333332
2014-09-29,19.104166666666668,12.004166666666668,,36.74166666666667,,24.25,,,,42.791666666666664,21.041666666666668
2014-09-30,13.433333333333332,9.737499999999999,,32.987500000000004,,30.916666666666668,,,,49.083333333333336,23.75
2014-10-01,9.875,6.7250000000000005,,25.870833333333334,,38.666666666666664,,,,31.333333333333332,18.666666666666668
2014-10-02,11.975,9.345833333333333,,35.083333333333336,,35.541666666666664,,,,31.708333333333332,19.833333333333332
2014-10-03,16.849999999999998,13.808333333333332,,37.333333333333336,,20.458333333333332,,,,49.125,24.333333333333332
2014-10-04,14.5375,10.275,,30.3,,30.291666666666668,,,,48.833333333333336,24.0
2014-10-05,18.966666666666665,13.924999999999999,,37.13333333333333,,12.458333333333334,,,,50.291666666666664,25.0
2014-10-06,34.19583333333333,21.974999999999998,,51.69166666666666,,9.208333333333334,,,,60.666666666666664,34.166666666666664
2014-10-07,45.21666666666667,27.087500000000002,,61.145833333333336,,12.375,,,,77.625,58.708333333333336
2014-10-08,68.01666666666667,57.916666666666664,,79.62916666666666,,6.916666666666667,,,,123.08333333333333,75.83333333333333
2014-10-09,29.795833333333334,25.162499999999998,,51.987500000000004,,19.75,,,,111.875,72.08333333333333
2014-10-10,27.15833333333333,23.150000000000002,,46.800000000000004,,22.166666666666668,,,,74.79166666666667,54.583333333333336
2014-10-11,28.954166666666666,21.525000000000002,,46.416666666666664,,21.916666666666668,,,,68.125,43.125
2014-10-12,70.7625,50.70416666666667,,113.925,,2.375,,,,99.125,68.41666666666667
2014-10-13,26.558333333333334,21.5125,,41.987500000000004,,16.541666666666668,,,,116.16666666666667,73.0
2014-10-14,35.94166666666667,25.733333333333334,,70.05,,8.875,,,,63.291666666666664,41.25
2014-10-15,38.4,30.208333333333332,,60.0875,,7.291666666666667,,,,89.04166666666667,64.29166666666667
2014-10-16,16.175,10.154166666666667,,41.49166666666667,,15.083333333333334,,,,69.125,45.458333333333336
2014-10-17,16.650000000000002,10.254166666666666,,38.020833333333336,,13.458333333333334,,,,42.291666666666664,21.041666666666668
2014-10-18,10.883333333333333,6.654166666666666,,28.333333333333332,,39.75,,,,32.583333333333336,18.208333333333332
2014-10-19,19.766666666666666,14.1,,47.92916666666667,,22.25,,,,42.708333333333336,24.208333333333332
2014-10-20,40.12083333333333,27.733333333333334,,65.40416666666667,,13.208333333333334,,,,58.458333333333336,37.708333333333336
2014-10-21,36.604166666666664,22.90833333333333,,47.18333333333334,,7.875,,,,95.08333333333333,66.29166666666667
2014-10-22,10.858333333333334,7.2124999999999995,,25.587500000000002,,41.833333333333336,,,,45.458333333333336,27.25
2014-10-23,13.458333333333334,8.904166666666667,,32.949999999999996,,45.333333333333336,,,,34.625,21.125
2014-10-24,16.4375,10.445833333333333,,41.975,,35.0,,,,39.666666666666664,22.041666666666668
2014-10-25,42.699999999999996,30.429166666666664,,85.49583333333334,,10.791666666666666,,,,62.958333333333336,44.916666666666664
2014-10-26,28.675,22.729166666666668,,57.80416666666667,,15.083333333333334,,,,88.25,63.583333333333336
2014-10-27,23.825,19.816666666666666,,43.29583333333333,,24.833333333333332,,,,68.08333333333333,42.041666666666664
2014-10-28,30.40833333333333,22.5125,,38.0375,,21.75,,,,67.54166666666667,41.333333333333336
2014-10-29,31.3,22.916666666666668,,52.07083333333333,,18.958333333333332,,,,73.33333333333333,51.833333333333336
2014-10-30,41.550000000000004,30.9875,,59.20416666666667,,13.166666666666666,,,,80.58333333333333,59.291666666666664
2014-10-31,38.87916666666667,28.075,,51.395833333333336,,8.083333333333334,,,,91.75,65.29166666666667
2014-11-01,21.204166666666666,14.9625,,39.53333333333333,,13.541666666666666,,,,70.125,46.25
2014-11-02,19.770833333333332,14.625,,41.979166666666664,,28.833333333333332,,,,44.958333333333336,26.375
2014-11-03,26.025000000000002,20.925,,62.52916666666667,,11.5,,,,68.5,44.875
2014-11-04,32.49166666666667,27.75,,57.25833333333333,,11.583333333333334,,,,72.91666666666667,49.875
2014-11-05,33.875,27.795833333333334,,56.79583333333333,,13.875,,,,85.58333333333333,62.958333333333336
2014-11-06,53.89166666666667,43.07083333333333,,76.92083333333333,,2.5833333333333335,,,,98.41666666666667,67.5
2014-11-07,41.57083333333333,33.59583333333333,,51.8125,,4.208333333333333,,,,109.625,71.5
2014-11-08,25.65833333333333,19.229166666666668,,42.50416666666667,,16.958333333333332,,,,84.58333333333333,60.5
2014-11-09,22.891666666666666,16.8875,,48.00833333333333,,9.458333333333334,,,,56.458333333333336,30.25
2014-11-10,30.349999999999998,21.170833333333334,,59.041666666666664,,3.625,,,,66.375,40.916666666666664
2014-11-11,36.579166666666666,26.037499999999998,,43.15416666666667,,4.791666666666667,,,,75.54166666666667,54.541666666666664
2014-11-12,36.833333333333336,28.608333333333334,,46.38333333333333,,9.708333333333334,,,,77.375,57.958333333333336
2014-11-13,121.73333333333333,85.29583333333333,,90.60416666666667,,1.5833333333333333,,,,132.83333333333334,84.20833333333333
2014-11-14,32.862500000000004,22.037499999999998,,50.36666666666667,,5.916666666666667,,,,136.54166666666666,86.79166666666667
2014-11-15,40.53333333333333,23.03333333333333,,49.59583333333333,,5.583333333333333,,,,74.08333333333333,53.041666666666664
2014-11-16,21.570833333333336,15.166666666666666,,52.362500000000004,,21.083333333333332,,,,61.708333333333336,37.083333333333336
2014-11-17,45.387499999999996,33.854166666666664,,76.60000000000001,,3.875,,,,71.16666666666667,47.125
2014-11-18,57.25833333333333,42.15,,78.575,,1.625,,,,109.91666666666667,71.58333333333333
2014-11-19,104.19583333333333,66.53333333333333,,99.97083333333335,,1.5833333333333333,,,,128.20833333333334,77.75
2014-11-20,179.25833333333333,109.10416666666667,,154.07500000000002,,0.5833333333333334,,,,172.0,117.70833333333333
2014-11-21,130.97916666666666,95.99166666666667,,100.71249999999999,,0.7916666666666666,,,,173.5,119.95833333333333
2014-11-22,47.199999999999996,41.31666666666667,,52.56666666666666,,2.0833333333333335,,,,155.16666666666666,97.04166666666667
2014-11-23,49.44166666666666,36.49583333333333,,53.7875,,3.125,,,,107.625,70.875
2014-11-24,44.87916666666666,34.266666666666666,,56.78333333333333,,3.8333333333333335,,,,95.83333333333333,66.91666666666667
2014-11-25,33.82083333333333,28.320833333333336,,52.82916666666667,,5.875,,,,94.83333333333333,66.5
2014-11-26,37.74166666666667,32.916666666666664,,58.52916666666667,,8.208333333333334,,,,82.33333333333333,61.75
2014-11-27,82.14166666666667,64.64999999999999,,86.05416666666667,,1.125,,,,133.58333333333334,80.875
2014-11-28,53.270833333333336,40.22083333333333,,69.55,,2.2083333333333335,,,,141.375,83.83333333333333
2014-11-29,38.7125,29.229166666666668,,57.0,,5.291666666666667,,,,93.29166666666667,65.79166666666667
2014-11-30,69.59583333333333,46.9,,66.82083333333334,,1.875,,,,105.04166666666667,69.83333333333333
2014-12-01,30.629166666666666,22.320833333333336,,43.525,,13.291666666666666,,,,108.16666666666667,70.625
2014-12-02,30.916666666666668,20.349999999999998,,57.47083333333333,,9.958333333333334,,,,60.125,35.708333333333336
2014-12-03,17.1375,11.637500000000001,,37.949999999999996,,30.166666666666668,,,,63.583333333333336,37.375
2014-12-04,21.25,14.387500000000001,,30.724999999999998,,32.666666666666664,,,,51.708333333333336,25.833333333333332
2014-12-05,25.22083333333333,17.504166666666666,,50.770833333333336,,11.583333333333334,,,,56.5,30.166666666666668
2014-12-06,27.462500000000002,21.833333333333332,,53.99166666666667,,10.041666666666666,,,,68.875,44.083333333333336
2014-12-07,30.84166666666667,24.40833333333333,,48.00416666666666,,12.333333333333334,,,,68.75,43.416666666666664
2014-12-08,37.25,29.7375,,58.53333333333333,,3.375,,,,82.20833333333333,61.625
2014-12-09,79.46666666666667,66.74583333333334,,84.62083333333334,,0.4166666666666667,,,,127.25,78.66666666666667
2014-12-10,80.75833333333334,61.887499999999996,,81.8,,1.1666666666666667,,,,153.375,89.45833333333333
2014-12-11,56.541666666666664,44.36666666666667,,53.22083333333333,,0.6666666666666666,,,,144.79166666666666,84.375
2014-12-12,38.69166666666667,32.19166666666667,,47.19583333333333,,1.7083333333333333,,,,119.79166666666667,74.75
2014-12-13,20.783333333333335,17.5125,,37.7125,,17.833333333333332,,,,74.125,50.208333333333336
2014-12-14,23.28333333333333,18.841666666666665,,40.612500000000004,,18.958333333333332,,,,57.958333333333336,31.458333333333332
2014-12-15,57.80833333333333,44.229166666666664,,69.6125,,4.5,,,,85.04166666666667,55.916666666666664
2014-12-16,32.295833333333334,25.15416666666667,,46.324999999999996,,5.0,,,,108.83333333333333,71.04166666666667
2014-12-17,28.65833333333333,23.016666666666666,,46.395833333333336,,12.375,,,,78.75,60.041666666666664
2014-12-18,20.970833333333335,16.287499999999998,,38.9,,16.125,,,,61.0,35.208333333333336
2014-12-19,24.816666666666666,21.375,,46.74583333333334,,7.583333333333333,,,,70.83333333333333,48.5
2014-12-20,13.9,10.7125,,39.0875,,12.916666666666666,,,,53.0,29.416666666666668
2014-12-21,15.674999999999999,12.1,,45.84166666666667,,22.875,,,,49.083333333333336,24.583333333333332
2014-12-22,13.700000000000001,11.8125,,45.0375,,16.75,,,,46.541666666666664,23.958333333333332
2014-12-23,13.645833333333334,12.295833333333334,,43.47083333333333,,11.416666666666666,,,,51.666666666666664,25.583333333333332
2014-12-24,12.041666666666666,7.045833333333333,,25.400000000000002,,27.625,,,,39.5,19.416666666666668
2014-12-25,14.941666666666668,11.058333333333332,,37.80833333333333,,19.041666666666668,,,,42.375,21.958333333333332
2014-12-26,17.425,12.4125,,37.12083333333333,,15.416666666666666,,,,42.791666666666664,21.416666666666668
2014-12-27,33.15,24.016666666666666,,49.77916666666667,,13.041666666666666,,,,56.125,30.166666666666668
2014-12-28,43.38333333333333,32.266666666666666,,49.4625,,14.833333333333334,,,,104.75,69.66666666666667
2014-12-29,23.116666666666664,17.895833333333332,,39.4375,,20.416666666666668,,,,65.54166666666667,39.833333333333336
2014-12-30,17.537499999999998,11.816666666666668,,34.24166666666667,,23.208333333333332,,,,57.5,30.916666666666668
2014-12-31,17.695833333333333,12.466666666666667,,40.65416666666667,,22.083333333333332,,,,52.0,26.0
2015-01-01,20.229166666666668,15.887500000000001,,39.295833333333334,,9.916666666666666,,,,49.416666666666664,25.083333333333332
2015-01-02,15.270833333333334,12.854166666666666,,40.762499999999996,,12.375,,,,56.375,30.041666666666668
2015-01-03,11.404166666666667,8.745833333333334,,35.07083333333333,,25.875,,,,45.0,22.458333333333332
2015-01-04,10.729166666666666,9.170833333333333,,40.699999999999996,,25.791666666666668,,,,37.25,20.833333333333332
2015-01-05,10.983333333333334,9.270833333333334,,24.420833333333334,,12.708333333333334,,,,38.0,18.25
2015-01-06,13.354166666666666,11.341666666666667,,31.754166666666666,,27.166666666666668,,,,41.625,20.666666666666668
2015-01-07,27.070833333333336,22.120833333333334,,48.69166666666666,,14.375,,,,57.833333333333336,31.75
2015-01-08,14.995833333333332,13.520833333333334,,41.50416666666667,,22.458333333333332,,,,68.5,44.541666666666664
2015-01-09,13.941666666666668,12.566666666666668,,43.8375,,17.125,,,,50.083333333333336,24.916666666666668
2015-01-10,28.504166666666666,22.1375,,46.541666666666664,,4.791666666666667,,,,54.625,28.833333333333332
2015-01-11,19.4375,16.5,,49.487500000000004,,7.125,,,,73.125,51.833333333333336
2015-01-12,15.166666666666666,12.854166666666666,,43.70416666666667,,18.958333333333332,,,,54.166666666666664,28.375
2015-01-13,12.475,10.741666666666667,,39.36666666666667,,19.75,,,,48.458333333333336,24.333333333333332
2015-01-14,22.245833333333334,17.395833333333332,,42.00416666666667,,16.125,,,,49.791666666666664,25.125
2015-01-15,25.8,22.370833333333334,,50.175000000000004,,6.708333333333333,,,,70.5,47.333333333333336
2015-01-16,26.71666666666667,21.175,,57.666666666666664,,8.916666666666666,,,,69.5,44.708333333333336
2015-01-17,20.1875,16.345833333333335,,42.15,,14.458333333333334,,,,64.66666666666667,38.333333333333336
2015-01-18,27.150000000000002,23.65416666666667,,44.44583333333333,,12.583333333333334,,,,64.25,38.375
2015-01-19,25.53333333333333,20.3,,54.0375,,8.833333333333334,,,,73.75,52.375
2015-01-20,25.84166666666667,22.083333333333332,,44.25833333333333,,5.458333333333333,,,,68.66666666666667,43.25
2015-01-21,71.13333333333334,59.72083333333333,,66.29583333333333,,1.4583333333333333,,,,105.79166666666667,68.58333333333333
2015-01-22,73.27083333333333,62.86666666666667,,58.28333333333333,,2.0,,,,156.0,93.41666666666667
2015-01-23,28.741666666666664,26.962500000000002,,50.80416666666667,,4.875,,,,118.54166666666667,74.625
2015-01-24,13.354166666666666,12.375,,44.550000000000004,,11.666666666666666,,,,67.08333333333333,43.833333333333336
2015-01-25,24.929166666666664,21.583333333333332,,54.1875,,8.125,,,,58.291666666666664,32.791666666666664
2015-01-26,32.49583333333333,27.84166666666667,,59.09583333333333,,6.166666666666667,,,,74.70833333333333,53.75
2015-01-27,43.800000000000004,34.99166666666667,,60.65833333333333,,1.9583333333333333,,,,96.875,67.20833333333333
2015-01-28,40.0375,32.96666666666667,,56.9,,2.5,,,,94.66666666666667,66.29166666666667
2015-01-29,28.670833333333334,25.40416666666667,,52.30416666666667,,9.041666666666666,,,,87.66666666666667,63.75
2015-01-30,24.954166666666666,22.804166666666664,,51.50416666666666,,12.75,,,,75.58333333333333,55.916666666666664
2015-01-31,19.079166666666666,17.579166666666666,,38.24583333333333,,22.875,,,,67.41666666666667,41.916666666666664
2015-02-01,19.729166666666668,17.133333333333333,,40.4625,,26.75,,,,57.666666666666664,31.875
2015-02-02,43.458333333333336,38.46666666666667,,57.74583333333334,,6.25,,,,87.91666666666667,60.25
2015-02-03,43.112500000000004,40.262499999999996,,56.637499999999996,,12.041666666666666,,,,126.16666666666667,76.79166666666667
2015-02-04,16.966666666666665,14.608333333333334,,39.983333333333334,,19.875,,,,69.45833333333333,42.458333333333336
2015-02-05,18.400000000000002,16.120833333333334,,36.324999999999996,,17.375,,,,54.833333333333336,28.458333333333332
2015-02-06,23.620833333333334,20.529166666666665,,51.0375,,12.958333333333334,,,,64.875,38.375
2015-02-07,23.27916666666667,18.533333333333335,,53.208333333333336,,16.375,,,,63.333333333333336,36.541666666666664
2015-02-08,15.245833333333332,13.200000000000001,,47.0875,,16.625,,,,63.666666666666664,36.833333333333336
2015-02-09,14.4375,11.404166666666667,,44.22083333333333,,25.166666666666668,,,,44.083333333333336,24.041666666666668
2015-02-10,31.724999999999998,24.541666666666668,,59.65833333333333,,8.958333333333334,,,,62.833333333333336,39.083333333333336
2015-02-11,21.254166666666666,18.279166666666665,,51.65416666666667,,15.875,,,,68.79166666666667,44.958333333333336
2015-02-12,26.40833333333333,22.395833333333332,,56.44166666666666,,14.208333333333334,,,,70.33333333333333,46.625
2015-02-13,34.770833333333336,30.270833333333332,,54.13333333333333,,15.291666666666666,,,,70.83333333333333,46.625
2015-02-14,36.295833333333334,30.441666666666666,,57.14166666666667,,12.0,,,,104.33333333333333,69.79166666666667
2015-02-15,17.116666666666667,14.304166666666667,,32.59166666666667,,27.666666666666668,,,,72.54166666666667,49.833333333333336
2015-02-16,13.4375,11.454166666666666,,33.40833333333333,,32.583333333333336,,,,40.083333333333336,22.0
2015-02-17,21.275000000000002,18.5125,,50.875,,19.125,,,,55.125,29.25
2015-02-18,18.150000000000002,15.966666666666667,,48.82083333333333,,24.75,,,,64.95833333333333,38.208333333333336
2015-02-19,29.791666666666668,23.070833333333336,,59.77916666666667,,14.5,,,,60.208333333333336,35.666666666666664
2015-02-20,24.208333333333332,20.099999999999998,,43.09583333333333,,14.5,,,,72.79166666666667,50.666666666666664
2015-02-21,42.262499999999996,37.199999999999996,,48.87916666666666,,9.333333333333334,,,,83.75,58.5
2015-02-22,27.870833333333334,24.337500000000002,,47.5625,,18.041666666666668,,,,94.29166666666667,66.16666666666667
2015-02-23,31.962500000000002,27.454166666666666,,58.79583333333333,,10.541666666666666,,,,75.91666666666667,56.25
2015-02-24,34.96666666666667,32.4125,,61.7875,,11.041666666666666,,,,92.45833333333333,65.5
2015-02-25,36.699999999999996,33.358333333333334,,62.62083333333334,,11.625,,,,93.54166666666667,65.875
2015-02-26,38.708333333333336,37.425000000000004,,61.574999999999996,,8.708333333333334,,,,95.16666666666667,66.58333333333333
2015-02-27,41.012499999999996,39.15416666666667,,53.229166666666664,,5.333333333333333,,,,111.91666666666667,72.125
2015-02-28,29.425,25.150000000000002,,51.53333333333333,,10.916666666666666,,,,89.125,64.25
2015-03-01,38.15833333333333,34.925000000000004,,54.36666666666667,,4.541666666666667,,,,91.75,65.29166666666667
2015-03-02,36.37916666666667,33.225,,55.4125,,6.791666666666667,,,,95.91666666666667,66.75
2015-03-03,30.925,29.4875,,52.612500000000004,,16.583333333333332,,,,90.16666666666667,64.66666666666667
2015-03-04,47.262499999999996,43.25,,58.05833333333334,,8.041666666666666,,,,98.33333333333333,67.66666666666667
2015-03-05,60.5625,56.887499999999996,,63.229166666666664,,3.375,,,,139.25,81.29166666666667
2015-03-06,47.550000000000004,43.31666666666666,,55.9625,,12.333333333333334,,,,141.125,81.70833333333333
2015-03-07,47.520833333333336,44.25833333333333,,60.05416666666667,,10.708333333333334,,,,118.625,74.375
2015-03-08,24.883333333333336,20.208333333333332,,51.291666666666664,,17.291666666666668,,,,98.16666666666667,66.20833333333333
2015-03-09,34.666666666666664,31.3,,47.27916666666667,,17.708333333333332,,,,75.625,52.041666666666664
2015-03-10,35.625,30.579166666666666,,60.39166666666667,,13.333333333333334,,,,85.875,63.208333333333336
2015-03-11,47.35833333333333,42.6,,68.175,,8.583333333333334,,,,103.875,69.45833333333333
2015-03-12,26.879166666666666,24.145833333333332,,41.050000000000004,,22.375,,,,107.625,70.625
2015-03-13,12.512500000000001,11.558333333333332,,36.69583333333333,,34.958333333333336,,,,54.583333333333336,30.5
2015-03-14,23.958333333333332,21.6375,,52.55833333333334,,22.875,,,,57.291666666666664,31.083333333333332
2015-03-15,35.65833333333334,33.37916666666667,,62.24166666666667,,16.333333333333332,,,,90.625,63.833333333333336
2015-03-16,25.754166666666666,23.395833333333332,,55.824999999999996,,20.416666666666668,,,,78.66666666666667,56.208333333333336
2015-03-17,36.708333333333336,32.69583333333333,,60.675000000000004,,18.0,,,,83.375,60.875
2015-03-18,50.041666666666664,47.24583333333334,,77.84583333333333,,10.125,,,,107.5,70.75
2015-03-19,84.2375,78.77083333333333,,96.89166666666667,,6.958333333333333,,,,143.33333333333334,85.0
2015-03-20,45.12916666666666,40.512499999999996,,68.625,,14.458333333333334,,,,155.625,96.83333333333333
2015-03-21,33.983333333333334,30.370833333333334,,60.59166666666667,,16.208333333333332,,,,99.375,68.0
2015-03-22,9.625,8.470833333333333,,31.991666666666664,,43.083333333333336,,,,63.875,40.25
2015-03-23,14.670833333333334,12.658333333333333,,44.72083333333333,,43.458333333333336,,,,40.583333333333336,26.833333333333332
2015-03-24,16.14166666666667,13.9375,,36.25833333333333,,43.375,,,,49.333333333333336,24.583333333333332
2015-03-25,27.191666666666666,23.337500000000002,,49.791666666666664,,21.583333333333332,,,,67.625,44.041666666666664
2015-03-26,14.808333333333332,13.670833333333334,,41.108333333333334,,30.166666666666668,,,,63.333333333333336,38.0
2015-03-27,16.5,15.329166666666666,,38.3125,,42.833333333333336,,,,53.875,27.666666666666668
2015-03-28,15.333333333333334,13.691666666666668,,36.975,,45.25,,,,57.75,31.333333333333332
2015-03-29,13.1,11.966666666666667,,28.441666666666666,,52.583333333333336,,,,50.541666666666664,24.708333333333332
2015-03-30,39.458333333333336,33.5625,,29.554166666666664,,43.166666666666664,,,,64.66666666666667,39.75
2015-03-31,73.175,50.82083333333333,,32.19583333333333,,36.916666666666664,,,,118.08333333333333,74.16666666666667
2015-04-01,41.43333333333333,28.808333333333334,,34.43333333333333,,33.916666666666664,,,,125.125,76.33333333333333
2015-04-02,22.3,19.9,,46.72083333333333,,27.625,,,,68.79166666666667,43.833333333333336
2015-04-03,27.179166666666664,24.079166666666666,,42.59166666666667,,14.875,,,,76.29166666666667,56.833333333333336
2015-04-04,28.741666666666664,25.7375,,48.020833333333336,,21.5,,,,76.625,57.0
2015-04-05,19.7625,18.383333333333333,,37.37916666666667,,32.708333333333336,,,,69.54166666666667,45.708333333333336
2015-04-06,24.212500000000002,22.741666666666664,,41.770833333333336,,18.333333333333332,,,,71.125,48.125
2015-04-07,23.858333333333334,21.96666666666667,,50.2875,,22.833333333333332,,,,67.45833333333333,42.041666666666664
2015-04-08,31.504166666666666,27.28333333333333,,64.16666666666667,,25.458333333333332,,,,85.5,62.125
2015-04-09,10.683333333333332,7.6000000000000005,,28.895833333333332,,50.125,,,,52.083333333333336,33.958333333333336
2015-04-10,13.375,11.033333333333333,,39.0,,45.041666666666664,,,,38.541666666666664,25.375
2015-04-11,16.270833333333332,13.799999999999999,,40.88333333333333,,42.833333333333336,,,,51.0,28.708333333333332
2015-04-12,36.395833333333336,33.862500000000004,,64.85416666666667,,33.208333333333336,,,,75.33333333333333,53.083333333333336
2015-04-13,17.6125,14.883333333333333,,41.675000000000004,,45.416666666666664,,,,76.45833333333333,52.333333333333336
2015-04-14,14.795833333333334,12.641666666666666,,41.920833333333334,,37.708333333333336,,,,56.875,30.5
2015-04-15,13.299999999999999,11.308333333333332,,43.2125,,41.375,,,,39.916666666666664,26.333333333333332
2015-04-16,13.85,12.458333333333334,,42.11666666666667,,30.333333333333332,,,,54.958333333333336,29.958333333333332
2015-04-17,13.325000000000001,11.416666666666666,,37.9125,,42.458333333333336,,,,38.208333333333336,25.125
2015-04-18,19.308333333333334,17.508333333333333,,47.23333333333333,,31.25,,,,61.666666666666664,37.041666666666664
2015-04-19,13.35,12.145833333333334,,33.28333333333333,,44.375,,,,53.708333333333336,28.458333333333332
2015-04-20,9.220833333333333,8.379166666666666,,26.025000000000002,,47.458333333333336,,,,42.166666666666664,21.791666666666668
2015-04-21,9.829166666666667,8.525,,26.191666666666666,,40.208333333333336,,,,31.041666666666668,19.708333333333332
2015-04-22,12.049999999999999,10.370833333333334,,34.862500000000004,,43.708333333333336,,,,40.708333333333336,23.458333333333332
2015-04-23,10.216666666666667,8.4,,30.933333333333334,,54.875,,,,40.291666666666664,23.291666666666668
2015-04-24,10.408333333333333,8.7125,,33.9625,,55.916666666666664,,,,33.166666666666664,26.333333333333332
2015-04-25,13.820833333333333,11.424999999999999,,39.025,,39.916666666666664,,,,45.875,26.833333333333332
2015-04-26,32.77916666666667,28.4375,,67.66250000000001,,22.166666666666668,,,,66.45833333333333,47.458333333333336
2015-04-27,37.795833333333334,35.75,,67.27499999999999,,32.0,,,,86.79166666666667,63.375
2015-04-28,44.79583333333333,41.895833333333336,,77.08749999999999,,30.416666666666668,,,,121.5,75.41666666666667
2015-04-29,32.329166666666666,29.270833333333332,,59.44583333333333,,34.958333333333336,,,,94.0,66.0
2015-04-30,16.195833333333333,14.4,,43.65416666666667,,41.958333333333336,,,,75.0,51.583333333333336
2015-05-01,13.704166666666667,12.591666666666667,,30.724999999999998,,53.958333333333336,,,,45.5,25.708333333333332
2015-05-02,25.566666666666666,23.675,,50.520833333333336,,32.958333333333336,,,,64.125,38.791666666666664
2015-05-03,26.291666666666668,23.662499999999998,,54.729166666666664,,33.041666666666664,,,,81.58333333333333,60.833333333333336
2015-05-04,11.879166666666668,10.475,,30.979166666666668,,54.833333333333336,,,,52.75,32.458333333333336
2015-05-05,14.625,12.608333333333334,,38.675000000000004,,47.75,,,,49.916666666666664,26.125
2015-05-06,16.633333333333333,14.762500000000001,,43.737500000000004,,46.333333333333336,,,,54.708333333333336,28.666666666666668
2015-05-07,15.395833333333334,13.633333333333333,,44.19166666666666,,48.75,,,,54.291666666666664,29.583333333333332
2015-05-08,17.816666666666666,15.737499999999999,,48.645833333333336,,47.333333333333336,,,,55.208333333333336,29.5
2015-05-09,19.2375,17.366666666666667,,50.74583333333334,,46.625,,,,62.208333333333336,35.458333333333336
2015-05-10,13.862499999999999,12.083333333333334,,31.170833333333334,,52.833333333333336,,,,51.375,28.541666666666668
2015-05-11,20.508333333333333,17.641666666666666,,51.82916666666667,,39.375,,,,56.166666666666664,30.166666666666668
2015-05-12,20.900000000000002,18.595833333333335,,49.270833333333336,,49.708333333333336,,,,62.75,36.208333333333336
2015-05-13,27.579166666666666,24.579166666666666,,62.604166666666664,,39.916666666666664,,,,74.83333333333333,54.666666666666664
2015-05-14,17.099999999999998,15.4375,,46.862500000000004,,34.041666666666664,,,,63.0,38.541666666666664
2015-05-15,29.254166666666666,26.825,,60.99166666666667,,29.25,,,,73.58333333333333,51.083333333333336
2015-05-16,11.333333333333334,10.295833333333333,,37.362500000000004,,45.875,,,,62.708333333333336,39.5
2015-05-17,7.991666666666667,7.391666666666667,,22.504166666666666,,48.875,,,,30.958333333333332,19.916666666666668
2015-05-18,7.7625,6.591666666666666,,23.72083333333333,,52.833333333333336,,,,31.25,21.666666666666668
2015-05-19,7.666666666666667,6.708333333333333,,26.370833333333334,,45.625,,,,26.416666666666668,19.791666666666668
2015-05-20,15.025,13.866666666666667,,38.016666666666666,,38.125,,,,36.708333333333336,23.333333333333332
2015-05-21,37.3125,33.55,,79.38333333333334,,29.583333333333332,,,,86.58333333333333,62.166666666666664
2015-05-22,30.604166666666668,28.866666666666664,,62.05416666666667,,34.458333333333336,,,,73.5,48.875
2015-05-23,33.34166666666667,29.770833333333332,,61.0875,,27.0,,,,99.125,67.95833333333333
2015-05-24,38.44583333333333,35.112500000000004,,64.6125,,32.458333333333336,,,,104.29166666666667,69.54166666666667
2015-05-25,22.4375,20.595833333333335,,58.84166666666667,,35.958333333333336,,,,72.08333333333333,45.791666666666664
2015-05-26,23.837500000000002,22.291666666666668,,54.95416666666667,,40.25,,,,65.95833333333333,39.666666666666664
2015-05-27,45.76666666666667,35.87083333333333,,46.6875,,42.208333333333336,,,,80.41666666666667,57.291666666666664
2015-05-28,50.34166666666667,45.275,,61.40416666666667,,30.875,,,,115.5,73.33333333333333
2015-05-29,63.82916666666667,59.13333333333333,,61.90416666666667,,32.791666666666664,,,,138.08333333333334,80.66666666666667
2015-05-30,44.92916666666667,41.32083333333333,,50.54583333333333,,35.708333333333336,,,,149.70833333333334,87.79166666666667
2015-05-31,21.733333333333334,19.120833333333334,,53.3375,,25.708333333333332,,,,78.70833333333333,53.333333333333336
2015-06-01,10.216666666666667,8.883333333333333,,27.070833333333336,,57.833333333333336,,,,54.291666666666664,30.083333333333332
2015-06-02,13.520833333333334,11.891666666666666,,34.4,,54.291666666666664,,,,38.333333333333336,25.625
2015-06-03,18.495833333333334,16.8,,44.59166666666667,,46.25,,,,57.291666666666664,31.958333333333332
2015-06-04,15.4125,13.416666666666666,,29.21666666666667,,55.541666666666664,,,,58.958333333333336,32.541666666666664
2015-06-05,8.808333333333334,7.6499999999999995,,24.625,,49.375,,,,37.916666666666664,23.375
2015-06-06,13.362499999999999,11.616666666666667,,33.6625,,40.875,,,,37.416666666666664,24.666666666666668
2015-06-07,20.941666666666666,18.445833333333333,,46.145833333333336,,40.25,,,,63.458333333333336,39.541666666666664
2015-06-08,11.816666666666668,10.049999999999999,,29.3,,52.083333333333336,,,,45.958333333333336,27.958333333333332
2015-06-09,13.341666666666667,11.879166666666668,,34.699999999999996,,39.166666666666664,,,,48.833333333333336,25.625
2015-06-10,14.8125,13.358333333333334,,37.7875,,35.5,,,,48.208333333333336,24.625
2015-06-11,18.212500000000002,16.445833333333333,,41.88333333333333,,34.208333333333336,,,,60.958333333333336,35.041666666666664
2015-06-12,12.908333333333333,11.445833333333333,,31.650000000000002,,44.25,,,,47.791666666666664,26.75
2015-06-13,16.591666666666665,13.862499999999999,,40.78333333333333,,37.25,,,,52.5,28.708333333333332
2015-06-14,19.604166666666668,17.383333333333333,,42.574999999999996,,47.416666666666664,,,,56.333333333333336,32.375
2015-06-15,18.170833333333334,15.9375,,35.237500000000004,,48.541666666666664,,,,62.333333333333336,35.875
2015-06-16,17.933333333333334,15.725,,46.458333333333336,,32.541666666666664,,,,57.5,30.791666666666668
2015-06-17,13.720833333333333,11.908333333333333,,35.987500000000004,,35.916666666666664,,,,54.666666666666664,28.333333333333332
2015-06-18,12.025,10.4375,,34.06666666666667,,44.833333333333336,,,,41.291666666666664,24.208333333333332
2015-06-19,14.9375,13.858333333333334,,35.8,,43.5,,,,49.958333333333336,24.833333333333332
2015-06-20,22.47083333333333,20.308333333333334,,45.3375,,34.75,,,,61.625,35.375
2015-06-21,23.1875,21.400000000000002,,48.291666666666664,,31.958333333333332,,,,65.83333333333333,38.916666666666664
2015-06-22,34.0,30.633333333333336,,58.125,,27.25,,,,79.91666666666667,59.375
2015-06-23,25.729166666666668,23.208333333333332,,43.725,,40.083333333333336,,,,89.95833333333333,64.5
2015-06-24,25.212500000000002,22.34166666666667,,62.887499999999996,,44.75,,,,65.41666666666667,39.708333333333336
2015-06-25,16.591666666666665,14.758333333333333,,37.012499999999996,,56.208333333333336,,,,65.66666666666667,40.125
2015-06-26,22.8,21.1875,,41.704166666666666,,41.208333333333336,,,,61.208333333333336,34.583333333333336
2015-06-27,18.420833333333334,16.575,,41.725,,32.708333333333336,,,,69.375,44.791666666666664
2015-06-28,10.366666666666667,9.220833333333333,,27.724999999999998,,48.875,,,,44.291666666666664,24.958333333333332
2015-06-29,13.891666666666666,12.5,,33.041666666666664,,41.416666666666664,,,,43.583333333333336,22.583333333333332
2015-06-30,19.320833333333333,17.295833333333334,,39.416666666666664,,27.75,,,,54.625,28.5
2015-07-01,18.279166666666665,16.941666666666666,,43.09166666666667,,37.625,,,,65.16666666666667,38.333333333333336
2015-07-02,13.158333333333333,11.995833333333332,,30.079166666666666,,43.583333333333336,,,,56.375,30.041666666666668
2015-07-03,8.583333333333334,7.825,,21.412499999999998,,43.166666666666664,,,,37.041666666666664,21.958333333333332
2015-07-04,10.708333333333334,9.233333333333333,,22.3625,,47.791666666666664,,,,35.458333333333336,21.625
2015-07-05,12.4625,11.008333333333333,,24.083333333333332,,52.208333333333336,,,,45.125,26.958333333333332
2015-07-06,10.545833333333333,9.254166666666666,,23.84166666666667,,34.708333333333336,,,,39.208333333333336,21.458333333333332
2015-07-07,12.525,11.15,,37.44166666666667,,35.083333333333336,,,,45.333333333333336,23.0
2015-07-08,13.795833333333334,11.295833333333334,,33.81666666666667,,37.125,,,,39.208333333333336,23.708333333333332
2015-07-09,17.495833333333334,16.266666666666666,,46.94583333333333,,38.958333333333336,,,,57.708333333333336,32.083333333333336
2015-07-10,14.366666666666667,12.674999999999999,,43.041666666666664,,42.75,,,,54.625,28.541666666666668
2015-07-11,9.591666666666667,8.583333333333334,,28.104166666666668,,28.208333333333332,,,,44.75,21.583333333333332
2015-07-12,7.091666666666666,6.504166666666666,,19.454166666666666,,27.833333333333332,,,,29.583333333333332,14.875
2015-07-13,10.004166666666666,9.354166666666666,,28.558333333333334,,24.583333333333332,,,,31.166666666666668,17.041666666666668
2015-07-14,17.020833333333332,14.854166666666666,,37.108333333333334,,22.083333333333332,,,,50.083333333333336,25.583333333333332
2015-07-15,20.770833333333332,18.829166666666666,,43.00833333333333,,26.25,,,,61.333333333333336,34.583333333333336
2015-07-16,17.945833333333333,16.650000000000002,,39.59166666666666,,34.333333333333336,,,,63.375,36.5
2015-07-17,22.604166666666668,20.0,,49.300000000000004,,26.416666666666668,,,,60.916666666666664,34.291666666666664
2015-07-18,31.662499999999998,27.891666666666666,,51.7875,,33.791666666666664,,,,83.20833333333333,60.291666666666664
2015-07-19,23.870833333333334,21.141666666666666,,51.237500000000004,,24.0,,,,75.29166666666667,54.375
2015-07-20,23.183333333333334,19.912499999999998,,55.7875,,15.333333333333334,,,,62.958333333333336,36.708333333333336
2015-07-21,8.229166666666666,7.4875,,23.462500000000002,,42.833333333333336,,,,50.416666666666664,26.875
2015-07-22,9.270833333333334,8.420833333333333,,29.925,,34.583333333333336,,,,33.625,19.291666666666668
2015-07-23,11.35,10.170833333333333,,32.295833333333334,,36.208333333333336,,,,36.666666666666664,21.583333333333332
2015-07-24,13.195833333333333,11.891666666666667,,38.25416666666667,,31.791666666666668,,,,49.375,24.916666666666668
2015-07-25,13.958333333333334,11.629166666666668,,37.93333333333333,,34.958333333333336,,,,46.041666666666664,25.333333333333332
2015-07-26,20.554166666666667,19.258333333333333,,51.54583333333333,,40.916666666666664,,,,58.583333333333336,33.375
2015-07-27,16.654166666666665,15.891666666666666,,44.27916666666667,,38.0,,,,61.541666666666664,34.833333333333336
2015-07-28,19.029166666666665,18.216666666666665,,46.416666666666664,,39.041666666666664,,,,58.666666666666664,32.25
2015-07-29,12.5875,11.387500000000001,,37.145833333333336,,36.125,,,,57.416666666666664,31.666666666666668
2015-07-30,15.049999999999999,12.174999999999999,,43.02916666666667,,34.166666666666664,,,,48.916666666666664,25.166666666666668
2015-07-31,13.720833333333333,11.270833333333334,,34.69583333333333,,44.583333333333336,,,,48.333333333333336,26.25
2015-08-01,13.729166666666666,11.966666666666667,,37.94166666666667,,26.041666666666668,,,,51.958333333333336,26.666666666666668
2015-08-02,11.9375,9.575000000000001,,33.725,,32.875,,,,38.833333333333336,23.0
2015-08-03,15.775,13.770833333333334,,41.862500000000004,,31.833333333333332,,,,49.458333333333336,26.458333333333332
2015-08-04,19.4875,17.633333333333333,,49.68333333333334,,44.625,,,,58.666666666666664,32.291666666666664
2015-08-05,16.829166666666666,14.75,,42.1,,31.5,,,,60.541666666666664,34.041666666666664
2015-08-06,15.575000000000001,14.204166666666666,,36.24166666666667,,23.166666666666668,,,,51.166666666666664,25.833333333333332
2015-08-07,27.125,24.150000000000002,,51.82083333333333,,32.791666666666664,,,,73.0,52.333333333333336
2015-08-08,16.954166666666666,15.129166666666668,,35.324999999999996,,51.458333333333336,,,,59.25,35.833333333333336
2015-08-09,29.358333333333334,25.745833333333334,,57.025,,42.541666666666664,,,,74.20833333333333,56.291666666666664
2015-08-10,21.40416666666667,19.816666666666666,,42.887499999999996,,43.666666666666664,,,,69.33333333333333,44.333333333333336
2015-08-11,16.033333333333335,13.916666666666666,,38.37083333333333,,36.833333333333336,,,,59.25,32.75
2015-08-12,19.591666666666665,17.391666666666666,,55.04583333333333,,27.5,,,,55.166666666666664,29.708333333333332
2015-08-13,15.245833333333332,14.083333333333334,,43.7125,,39.125,,,,60.083333333333336,33.458333333333336
2015-08-14,9.6,8.554166666666667,,25.929166666666664,,43.125,,,,42.916666666666664,24.5
2015-08-15,14.762500000000001,12.0375,,37.57083333333333,,29.083333333333332,,,,47.416666666666664,25.416666666666668
2015-08-16,8.674999999999999,7.3374999999999995,,22.025000000000002,,28.416666666666668,,,,38.333333333333336,18.5
2015-08-17,6.779166666666666,5.916666666666667,,17.420833333333334,,28.291666666666668,,,,28.166666666666668,14.583333333333334
2015-08-18,6.933333333333334,6.020833333333333,,20.158333333333335,,29.958333333333332,,,,22.916666666666668,13.916666666666666
2015-08-19,8.433333333333334,7.470833333333334,,21.454166666666666,,32.541666666666664,,,,29.083333333333332,16.166666666666668
2015-08-20,9.920833333333333,8.779166666666667,,27.483333333333334,,33.416666666666664,,,,33.125,18.75
2015-08-21,17.2375,15.325000000000001,,36.395833333333336,,29.708333333333332,,,,48.083333333333336,24.25
2015-08-22,22.8,19.604166666666668,,45.9625,,32.166666666666664,,,,64.04166666666667,37.208333333333336
2015-08-23,15.304166666666667,13.920833333333334,,32.0625,,34.791666666666664,,,,60.708333333333336,34.125
2015-08-24,17.837500000000002,16.254166666666666,,43.9125,,32.375,,,,49.083333333333336,26.333333333333332
2015-08-25,31.125,27.412499999999998,,61.050000000000004,,27.833333333333332,,,,81.70833333333333,59.833333333333336
2015-08-26,21.066666666666666,19.2,,56.137499999999996,,24.958333333333332,,,,68.58333333333333,43.166666666666664
2015-08-27,19.633333333333333,17.933333333333334,,49.00833333333333,,25.125,,,,64.375,37.541666666666664
2015-08-28,16.925,14.891666666666667,,48.791666666666664,,23.666666666666668,,,,56.208333333333336,31.083333333333332
2015-08-29,10.9,9.170833333333333,,30.4875,,42.291666666666664,,,,53.291666666666664,27.375
2015-08-30,7.745833333333334,6.3625,,24.224999999999998,,35.791666666666664,,,,27.583333333333332,18.916666666666668
2015-08-31,9.491666666666667,8.579166666666667,,29.166666666666668,,28.666666666666668,,,,30.833333333333332,18.625
2015-09-01,16.691666666666666,14.820833333333333,,41.208333333333336,,20.958333333333332,,,,44.083333333333336,22.958333333333332
2015-09-02,39.958333333333336,35.5625,,75.10000000000001,,6.541666666666667,,,,84.5,59.208333333333336
2015-09-03,35.44166666666667,31.0,,63.15,,19.375,,,,96.75,67.125
2015-09-04,41.6875,36.02916666666667,,62.770833333333336,,13.333333333333334,,,,78.625,56.208333333333336
2015-09-05,33.09166666666667,29.566666666666666,,59.89166666666667,,12.291666666666666,,,,116.875,73.83333333333333
2015-09-06,22.554166666666664,19.183333333333334,,55.49583333333334,,17.458333333333332,,,,69.25,43.75
2015-09-07,10.333333333333334,8.979166666666666,,35.362500000000004,,39.375,,,,51.791666666666664,28.166666666666668
2015-09-08,10.608333333333333,9.262500000000001,,32.479166666666664,,23.75,,,,37.0,19.333333333333332
2015-09-09,13.620833333333332,11.983333333333334,,37.05416666666667,,15.75,,,,46.666666666666664,22.833333333333332
2015-09-10,14.329166666666666,11.970833333333333,,35.99166666666667,,26.083333333333332,,,,49.708333333333336,25.0
2015-09-11,12.620833333333332,11.220833333333333,,33.483333333333334,,16.708333333333332,,,,47.833333333333336,23.0
2015-09-12,15.058333333333332,13.791666666666666,,43.574999999999996,,21.041666666666668,,,,46.083333333333336,24.0
2015-09-13,26.92916666666667,24.854166666666668,,54.90416666666667,,12.083333333333334,,,,67.91666666666667,43.708333333333336
2015-09-14,36.17916666666667,31.983333333333334,,68.77916666666667,,9.125,,,,82.95833333333333,61.958333333333336
2015-09-15,48.84583333333333,42.4625,,78.825,,7.875,,,,107.29166666666667,70.70833333333333
2015-09-16,42.7875,38.824999999999996,,79.79583333333333,,14.291666666666666,,,,118.54166666666667,74.25
2015-09-17,28.520833333333332,24.129166666666666,,61.387499999999996,,19.583333333333332,,,,88.79166666666667,64.08333333333333
2015-09-18,24.520833333333332,20.075,,47.0625,,23.0,,,,69.875,45.166666666666664
2015-09-19,19.974999999999998,16.412499999999998,,42.1625,,28.5,,,,65.29166666666667,38.875
2015-09-20,28.508333333333336,24.179166666666664,,64.14999999999999,,12.083333333333334,,,,64.66666666666667,39.458333333333336
2015-09-21,19.270833333333332,18.575,,50.458333333333336,,22.25,,,,68.875,44.5
2015-09-22,20.0625,18.3875,,52.36666666666667,,19.875,,,,66.875,40.583333333333336
2015-09-23,26.520833333333332,24.462500000000002,,57.30416666666667,,21.083333333333332,,,,64.20833333333333,38.416666666666664
2015-09-24,44.71666666666667,40.920833333333334,,71.42083333333333,,8.5,,,,93.875,65.95833333333333
2015-09-25,42.925000000000004,38.550000000000004,,68.17916666666666,,11.416666666666666,,,,119.41666666666667,74.79166666666667
2015-09-26,29.866666666666664,25.708333333333332,,54.49583333333334,,14.625,,,,89.95833333333333,64.54166666666667
2015-09-27,34.295833333333334,24.829166666666666,,54.104166666666664,,13.833333333333334,,,,77.66666666666667,58.708333333333336
2015-09-28,17.3,15.725000000000001,,46.574999999999996,,13.25,,,,71.79166666666667,50.0
2015-09-29,14.095833333333333,12.316666666666668,,35.34166666666667,,14.041666666666666,,,,51.416666666666664,25.458333333333332
2015-09-30,13.383333333333333,10.883333333333333,,38.21666666666667,,18.125,,,,47.583333333333336,25.25
2015-10-01,14.458333333333334,12.183333333333332,,39.80416666666667,,21.958333333333332,,,,46.958333333333336,23.125
2015-10-02,10.333333333333334,8.674999999999999,,29.395833333333332,,34.375,,,,44.458333333333336,21.5
2015-10-03,10.170833333333333,7.325,,29.433333333333334,,37.75,,,,32.541666666666664,20.708333333333332
2015-10-04,21.758333333333336,17.054166666666667,,55.96666666666667,,12.625,,,,49.291666666666664,29.625
2015-10-05,27.820833333333336,24.129166666666666,,45.362500000000004,,15.125,,,,64.33333333333333,39.041666666666664
2015-10-06,10.375,9.174999999999999,,29.15416666666667,,27.583333333333332,,,,64.58333333333333,41.208333333333336
2015-10-07,8.6625,7.304166666666667,,29.941666666666666,,26.291666666666668,,,,30.583333333333332,18.083333333333332
2015-10-08,9.320833333333333,7.604166666666667,,30.9375,,24.833333333333332,,,,31.958333333333332,18.083333333333332
2015-10-09,7.108333333333333,5.9125000000000005,,28.212500000000002,,30.833333333333332,,,,27.541666666666668,16.833333333333332
2015-10-10,7.604166666666667,6.441666666666666,,32.62916666666667,,31.375,,,,24.916666666666668,19.0
2015-10-11,11.15,8.641666666666667,,38.525,,23.25,,,,31.208333333333332,21.25
2015-10-12,16.766666666666666,13.708333333333334,,41.40833333333333,,13.875,,,,42.875,22.208333333333332
2015-10-13,29.245833333333334,25.608333333333334,,58.262499999999996,,9.125,,,,67.45833333333333,43.5
2015-10-14,25.8125,22.52916666666667,,55.67916666666667,,7.291666666666667,,,,74.91666666666667,54.5
2015-10-15,23.4875,20.5,,46.99583333333334,,7.708333333333333,,,,68.95833333333333,44.041666666666664
2015-10-16,29.275000000000002,25.875,,53.85833333333333,,5.125,,,,77.70833333333333,57.291666666666664
2015-10-17,24.933333333333334,21.3875,,46.833333333333336,,12.416666666666666,,,,73.375,51.541666666666664
2015-10-18,33.225,30.775000000000002,,46.67083333333333,,10.25,,,,79.20833333333333,57.25
2015-10-19,20.195833333333333,18.325,,37.137499999999996,,12.833333333333334,,,,83.58333333333333,59.875
2015-10-20,20.041666666666668,17.45,,47.37916666666666,,16.916666666666668,,,,49.083333333333336,27.375
2015-10-21,32.525,29.133333333333336,,63.208333333333336,,7.041666666666667,,,,83.58333333333333,58.333333333333336
2015-10-22,20.787499999999998,19.041666666666668,,49.55833333333334,,8.5,,,,71.54166666666667,46.958333333333336
2015-10-23,25.5125,22.825,,48.5375,,3.0,,,,67.16666666666667,41.166666666666664
2015-10-24,34.762499999999996,31.616666666666664,,50.9125,,1.6666666666666667,,,,79.125,58.5
2015-10-25,72.48333333333333,64.8625,,62.862500000000004,,1.0416666666666667,,,,131.25,79.45833333333333
2015-10-26,33.93333333333333,31.854166666666668,,47.0625,,2.1666666666666665,,,,134.66666666666666,81.45833333333333
2015-10-27,15.5625,13.533333333333333,,37.275,,10.0,,,,70.70833333333333,46.458333333333336
2015-10-28,5.8374999999999995,3.7916666666666665,,22.5625,,37.416666666666664,,,,33.333333333333336,19.0
2015-10-29,12.1,9.966666666666667,,38.237500000000004,,22.916666666666668,,,,25.916666666666668,20.083333333333332
2015-10-30,13.637500000000001,11.612499999999999,,38.775,,18.625,,,,47.625,23.166666666666668
2015-10-31,18.0625,14.295833333333334,,46.95416666666667,,14.0,,,,52.458333333333336,26.416666666666668
2015-11-01,23.558333333333334,19.4875,,39.9375,,13.583333333333334,,,,58.583333333333336,32.041666666666664
2015-11-02,32.19583333333333,29.829166666666666,,39.420833333333334,,12.166666666666666,,,,79.04166666666667,56.625
2015-11-03,13.612499999999999,10.6875,,35.704166666666666,,24.375,,,,68.20833333333333,44.25
2015-11-04,18.3625,15.424999999999999,,41.22083333333333,,14.291666666666666,,,,47.875,24.166666666666668
2015-11-05,13.116666666666667,10.25,,34.854166666666664,,21.916666666666668,,,,54.25,28.458333333333332
2015-11-06,25.108333333333334,21.375,,53.9,,7.833333333333333,,,,48.625,26.916666666666668
2015-11-07,43.416666666666664,38.74583333333333,,62.5,,1.625,,,,95.79166666666667,65.54166666666667
2015-11-08,25.650000000000002,21.349999999999998,,53.125,,9.333333333333334,,,,84.45833333333333,57.541666666666664
2015-11-09,53.50833333333333,48.275,,54.85,,0.6666666666666666,,,,98.75,65.75
2015-11-10,33.28333333333334,29.09583333333333,,39.699999999999996,,0.625,,,,114.33333333333333,72.95833333333333
2015-11-11,27.254166666666666,23.3,,33.041666666666664,,1.2083333333333333,,,,82.66666666666667,61.791666666666664
2015-11-12,23.5,19.7,,32.520833333333336,,2.0833333333333335,,,,63.208333333333336,36.916666666666664
2015-11-13,47.137499999999996,41.12083333333333,,44.97083333333333,,1.7916666666666667,,,,105.66666666666667,68.375
2015-11-14,42.55833333333333,38.145833333333336,,45.62083333333334,,2.5,,,,103.70833333333333,69.45833333333333
2015-11-15,12.904166666666667,11.391666666666666,,30.191666666666666,,16.5,,,,72.83333333333333,45.666666666666664
2015-11-16,16.108333333333334,13.875,,26.55,,4.916666666666667,,,,48.083333333333336,23.291666666666668
2015-11-17,46.612500000000004,39.99583333333333,,41.53333333333334,,0.9583333333333334,,,,78.20833333333333,50.416666666666664
2015-11-18,18.616666666666667,16.429166666666667,,39.858333333333334,,5.416666666666667,,,,92.70833333333333,61.416666666666664
2015-11-19,16.304166666666667,14.5,,39.71666666666667,,8.375,,,,53.166666666666664,27.041666666666668
2015-11-20,27.879166666666666,24.1125,,46.09583333333333,,1.125,,,,68.45833333333333,45.041666666666664
2015-11-21,23.025000000000002,18.904166666666665,,44.3375,,3.0,,,,68.125,43.25
2015-11-22,30.245833333333334,25.97083333333333,,48.02916666666667,,1.9583333333333333,,,,76.5,54.333333333333336
2015-11-23,21.991666666666664,18.833333333333332,,49.12916666666666,,6.458333333333333,,,,65.58333333333333,40.75
2015-11-24,22.46666666666667,19.145833333333332,,50.1,,4.166666666666667,,,,67.75,41.75
2015-11-25,69.54583333333333,64.50416666666668,,78.61666666666666,,1.1666666666666667,,,,91.95833333333333,60.041666666666664
2015-11-26,103.07916666666667,97.67916666666667,,88.825,,0.5,,,,171.29166666666666,116.66666666666667
2015-11-27,30.72083333333333,27.325,,53.81666666666666,,8.458333333333334,,,,138.95833333333334,87.29166666666667
2015-11-28,26.77916666666667,23.425,,51.78333333333333,,10.791666666666666,,,,75.29166666666667,54.708333333333336
2015-11-29,37.0875,34.0,,68.07083333333334,,2.8333333333333335,,,,86.75,63.041666666666664
2015-11-30,24.34166666666667,21.412499999999998,,44.425000000000004,,3.5416666666666665,,,,85.08333333333333,61.291666666666664
2015-12-01,20.26666666666667,16.945833333333333,,43.7125,,4.75,,,,64.04166666666667,37.375
2015-12-02,44.520833333333336,36.77916666666667,,69.01666666666667,,3.8333333333333335,,,,67.625,42.458333333333336
2015-12-03,41.94166666666667,36.35,,55.27916666666667,,4.625,,,,110.5,71.625
2015-12-04,22.7,19.379166666666666,,39.050000000000004,,7.583333333333333,,,,88.125,62.208333333333336
2015-12-05,14.179166666666667,10.841666666666667,,33.00416666666667,,19.916666666666668,,,,61.333333333333336,34.75
2015-12-06,14.674999999999999,11.583333333333334,,34.020833333333336,,18.75,,,,44.375,21.458333333333332
2015-12-07,12.120833333333332,9.237499999999999,,28.541666666666668,,34.875,,,,44.791666666666664,21.666666666666668
2015-12-08,9.179166666666667,6.954166666666667,,27.325,,30.333333333333332,,,,31.583333333333332,17.625
2015-12-09,15.783333333333333,12.441666666666668,,45.40416666666667,,11.458333333333334,,,,39.916666666666664,22.583333333333332
2015-12-10,15.725,13.200000000000001,,36.729166666666664,,13.875,,,,51.416666666666664,25.375
2015-12-11,19.395833333333332,16.520833333333332,,42.125,,10.875,,,,54.75,28.458333333333332
2015-12-12,17.295833333333334,13.941666666666668,,36.24583333333333,,12.541666666666666,,,,59.416666666666664,32.875
2015-12-13,20.695833333333333,16.879166666666666,,41.47083333333333,,5.708333333333333,,,,53.083333333333336,26.958333333333332
2015-12-14,77.1375,65.53333333333333,,69.78750000000001,,0.5833333333333334,,,,111.625,68.375
2015-12-15,60.01666666666667,50.9625,,64.11666666666666,,1.25,,,,156.75,95.08333333333333
2015-12-16,12.066666666666668,10.174999999999999,,39.55833333333333,,18.666666666666668,,,,72.95833333333333,44.291666666666664
2015-12-17,19.629166666666666,15.4125,,46.041666666666664,,15.375,,,,43.166666666666664,24.541666666666668
2015-12-18,42.35,34.920833333333334,,61.824999999999996,,1.125,,,,77.5,53.083333333333336
2015-12-19,16.941666666666666,15.433333333333332,,33.5625,,8.25,,,,85.66666666666667,59.875
2015-12-20,14.75,11.983333333333334,,39.204166666666666,,13.875,,,,50.791666666666664,25.208333333333332
2015-12-21,22.77916666666667,19.875,,29.1875,,13.791666666666666,,,,57.916666666666664,31.291666666666668
2015-12-22,17.6875,14.512500000000001,,35.833333333333336,,7.833333333333333,,,,61.458333333333336,34.833333333333336
2015-12-23,12.920833333333334,11.283333333333333,,39.791666666666664,,13.666666666666666,,,,53.083333333333336,26.958333333333332
2015-12-24,9.1,7.429166666666667,,26.570833333333336,,30.0,,,,37.625,18.708333333333332
2015-12-25,19.150000000000002,15.033333333333333,,42.34166666666667,,15.666666666666666,,,,43.375,23.166666666666668
2015-12-26,11.75,9.308333333333334,,38.3375,,22.416666666666668,,,,51.083333333333336,26.166666666666668
2015-12-27,8.075,5.958333333333333,,23.9375,,40.041666666666664,,,,31.916666666666668,17.791666666666668
2015-12-28,12.270833333333334,8.654166666666667,,36.21666666666667,,26.583333333333332,,,,29.333333333333332,19.833333333333332
2015-12-29,15.233333333333334,13.075000000000001,,30.454166666666666,,26.625,,,,47.125,23.041666666666668
2015-12-30,12.945833333333333,10.525,,35.19166666666667,,25.333333333333332,,,,46.833333333333336,23.708333333333332
2015-12-31,13.275,10.845833333333333,,32.42916666666667,,23.791666666666668,,,,47.416666666666664,22.791666666666668
2016-01-01,14.1625,11.845833333333333,302.3809523809524,29.433333333333334,10.58095238095238,16.083333333333332,,,,41.875,20.25
2016-01-02,18.929166666666667,15.883333333333333,349.2916666666667,34.18333333333333,12.070833333333333,13.375,,,,53.916666666666664,27.75
2016-01-03,37.829166666666666,33.425000000000004,587.5416666666666,48.2875,28.729166666666668,4.416666666666667,,,,75.16666666666667,50.041666666666664
2016-01-04,34.125,29.170833333333334,529.1666666666666,47.1625,33.12916666666667,6.166666666666667,,,,83.66666666666667,60.583333333333336
2016-01-05,38.329166666666666,32.69166666666667,498.4166666666667,44.19166666666666,36.862500000000004,2.5416666666666665,,,,100.70833333333333,68.41666666666667
2016-01-06,46.333333333333336,38.44166666666667,532.5833333333334,45.65416666666667,41.916666666666664,2.375,,,,97.875,67.54166666666667
2016-01-07,74.88333333333334,69.37916666666666,873.25,61.90416666666667,64.19583333333334,0.9166666666666666,,,,137.79166666666666,82.20833333333333
2016-01-08,49.81666666666666,41.9125,626.375,44.9375,28.03333333333333,1.6666666666666667,,,,150.0,88.45833333333333
2016-01-09,17.3625,15.9375,334.75,28.858333333333334,11.229166666666666,8.208333333333334,,,,83.41666666666667,56.833333333333336
2016-01-10,13.5875,11.775,343.1666666666667,27.75,9.387500000000001,14.708333333333334,,,,46.291666666666664,23.041666666666668
2016-01-11,49.1,40.17916666666667,779.7916666666666,49.94166666666666,23.691666666666666,4.208333333333333,,,,70.95833333333333,44.833333333333336
2016-01-12,15.679166666666667,14.366666666666667,331.5416666666667,36.85,14.320833333333333,20.5,,,,100.375,65.75
2016-01-13,12.708333333333334,11.237499999999999,355.0416666666667,35.916666666666664,15.133333333333333,12.0,,,,38.0,20.791666666666668
2016-01-14,17.008333333333333,15.454166666666666,395.75,49.175000000000004,17.5125,10.583333333333334,,,,55.375,29.291666666666668
2016-01-15,32.612500000000004,29.516666666666666,597.5,61.23333333333333,33.62083333333333,6.083333333333333,,,,66.08333333333333,41.458333333333336
2016-01-16,49.5375,48.729166666666664,737.0,58.291666666666664,29.933333333333334,6.75,,,,124.41666666666667,76.125
2016-01-17,18.087500000000002,16.420833333333334,423.4583333333333,37.824999999999996,17.241666666666667,10.958333333333334,,,,86.75,54.041666666666664
2016-01-18,45.637499999999996,38.016666666666666,778.7916666666666,50.72083333333333,32.020833333333336,2.125,,,,79.20833333333333,53.125
2016-01-19,16.304166666666667,14.233333333333334,360.4583333333333,31.795833333333334,10.466666666666667,15.958333333333334,,,,87.91666666666667,58.291666666666664
2016-01-20,20.116666666666667,17.208333333333332,372.5833333333333,39.35,12.145833333333334,18.708333333333332,,,,52.25,26.583333333333332
2016-01-21,49.70416666666667,44.52916666666667,741.0,64.08749999999999,37.800000000000004,6.416666666666667,,,,77.79166666666667,50.916666666666664
2016-01-22,34.225,29.2375,583.625,44.375,24.400000000000002,4.458333333333333,,,,128.08333333333334,77.45833333333333
2016-01-23,28.454166666666666,26.02916666666667,470.125,40.045833333333334,26.320833333333336,5.625,,,,76.04166666666667,55.083333333333336
2016-01-24,34.949999999999996,31.40833333333333,561.5,48.34583333333333,28.474999999999998,4.5,,,,80.29166666666667,60.666666666666664
2016-01-25,43.5625,40.425000000000004,633.0,55.79583333333333,36.12916666666667,2.8333333333333335,,,,102.83333333333333,69.29166666666667
2016-01-26,57.82916666666667,52.19583333333333,825.625,62.824999999999996,49.62916666666666,1.5416666666666667,,,,135.66666666666666,80.0
2016-01-27,23.09166666666667,19.55,470.375,45.68333333333334,26.729166666666668,5.625,,,,96.04166666666667,61.0
2016-01-28,24.129166666666666,20.712500000000002,484.0416666666667,44.574999999999996,23.40416666666667,2.4583333333333335,,,,74.33333333333333,52.958333333333336
2016-01-29,10.35,7.95,259.125,28.287499999999998,6.5375000000000005,33.875,,,,49.125,25.916666666666668
2016-01-30,18.150000000000002,15.291666666666666,305.625,39.0625,10.262500000000001,19.125,,,,43.791666666666664,22.458333333333332
2016-01-31,23.245833333333334,19.554166666666667,321.25,38.550000000000004,10.908333333333333,10.75,,,,64.41666666666667,37.916666666666664
2016-02-01,19.145833333333332,16.958333333333332,396.5,49.416666666666664,19.474999999999998,12.375,,,,59.75,33.166666666666664
2016-02-02,19.029166666666665,16.675,368.5416666666667,43.5875,17.633333333333333,11.125,,,,65.04166666666667,38.583333333333336
2016-02-03,18.479166666666668,15.320833333333333,327.2916666666667,46.52916666666667,15.362499999999999,22.208333333333332,,,,55.166666666666664,29.25
2016-02-04,20.3,17.604166666666668,439.7083333333333,44.275,17.837500000000002,23.208333333333332,,,,54.375,29.583333333333332
2016-02-05,29.575,25.420833333333334,529.25,55.762499999999996,30.662499999999998,5.375,,,,79.41666666666667,56.041666666666664
2016-02-06,22.333333333333332,18.345833333333335,442.5416666666667,47.449999999999996,21.849999999999998,10.458333333333334,,,,64.79166666666667,39.666666666666664
2016-02-07,29.6375,27.083333333333332,490.25,54.15416666666667,21.849999999999998,8.875,,,,79.33333333333333,57.541666666666664
2016-02-08,27.266666666666666,24.925,420.5833333333333,52.262499999999996,24.474999999999998,15.583333333333334,,,,74.66666666666667,53.958333333333336
2016-02-09,20.5,18.558333333333334,341.0833333333333,43.4125,15.5625,20.291666666666668,,,,73.33333333333333,51.916666666666664
2016-02-10,23.483333333333334,21.34166666666667,369.5,45.949999999999996,18.108333333333334,14.5,,,,63.0,36.25
2016-02-11,20.595833333333335,18.95,331.625,39.512499999999996,14.091666666666667,25.666666666666668,,,,71.08333333333333,47.458333333333336
2016-02-12,15.808333333333332,14.049999999999999,355.4583333333333,35.86666666666667,16.033333333333335,23.666666666666668,,,,57.5,31.208333333333332
2016-02-13,31.3625,28.212500000000002,457.75,50.333333333333336,26.608333333333334,5.833333333333333,,,,66.25,42.0
2016-02-14,18.308333333333334,16.533333333333335,314.5,37.233333333333334,12.983333333333334,19.916666666666668,,,,79.58333333333333,57.416666666666664
2016-02-15,19.816666666666666,17.795833333333334,393.2083333333333,39.0375,15.862499999999999,11.875,,,,54.916666666666664,28.75
2016-02-16,27.491666666666664,25.291666666666668,522.25,43.87916666666666,17.995833333333334,11.625,,,,82.20833333333333,59.416666666666664
2016-02-17,10.954166666666666,9.558333333333334,305.1666666666667,27.925,7.529166666666666,36.208333333333336,,,,49.25,27.458333333333332
2016-02-18,35.52916666666667,30.34166666666667,653.2083333333334,50.67916666666667,16.120833333333334,19.166666666666668,,,,54.916666666666664,31.166666666666668
2016-02-19,52.083333333333336,45.025,762.2916666666666,65.56666666666666,42.4625,4.666666666666667,,,,121.70833333333333,75.25
2016-02-20,44.89166666666667,41.0,563.9166666666666,58.32083333333333,40.59166666666667,5.208333333333333,,,,111.58333333333333,72.04166666666667
2016-02-21,58.3125,53.12916666666666,572.6666666666666,62.04583333333333,40.27916666666667,3.7916666666666665,,,,126.79166666666667,76.95833333333333
2016-02-22,22.254166666666666,19.770833333333332,388.625,45.53333333333333,17.741666666666667,10.0,,,,117.875,73.29166666666667
2016-02-23,18.154166666666665,15.458333333333334,367.5,47.291666666666664,15.85,22.75,,,,50.291666666666664,28.458333333333332
2016-02-24,59.541666666666664,51.2125,1088.25,82.44166666666666,52.80833333333334,4.166666666666667,,,,83.75,55.125
2016-02-25,87.10416666666667,72.77083333333333,1296.9583333333333,88.53750000000001,67.43333333333334,5.708333333333333,,,,161.5,102.54166666666667
2016-02-26,30.09583333333333,25.879166666666666,499.0833333333333,53.083333333333336,27.454166666666666,12.708333333333334,,,,107.45833333333333,71.41666666666667
2016-02-27,21.425,19.1875,416.75,50.775,19.2375,18.125,,,,71.41666666666667,48.291666666666664
2016-02-28,35.1625,31.8625,504.6666666666667,56.55416666666667,21.558333333333334,12.375,,,,79.16666666666667,56.708333333333336
2016-02-29,35.6875,31.641666666666666,515.4583333333334,61.875,24.608333333333334,9.875,,,,93.16666666666667,65.875
2016-03-01,30.308333333333334,26.054166666666664,543.6666666666666,54.737500000000004,15.308333333333332,14.041666666666666,,,,89.75,64.45833333333333
2016-03-02,19.441666666666666,16.416666666666668,385.0416666666667,41.65416666666667,11.725,18.083333333333332,,,,63.583333333333336,38.708333333333336
2016-03-03,30.90833333333333,27.6375,565.8333333333334,53.09166666666667,27.412499999999998,9.416666666666666,,,,68.0,43.333333333333336
2016-03-04,35.87083333333333,32.050000000000004,541.6666666666666,48.55416666666667,17.9875,10.666666666666666,,,,103.375,69.375
2016-03-05,19.895833333333332,18.1125,353.625,33.487500000000004,9.700000000000001,9.5,,,,67.54166666666667,42.625
2016-03-06,49.895833333333336,45.525,757.75,48.43333333333334,30.070833333333336,2.0416666666666665,,,,92.83333333333333,62.041666666666664
2016-03-07,47.85833333333333,42.791666666666664,645.3333333333334,65.12083333333334,39.079166666666666,5.125,,,,121.95833333333333,75.375
2016-03-08,46.895833333333336,42.27916666666667,505.5,56.916666666666664,28.77916666666667,10.0,,,,120.91666666666667,75.0
2016-03-09,51.44583333333333,44.175000000000004,564.125,59.57916666666667,29.129166666666666,8.791666666666666,,,,114.91666666666667,73.08333333333333
2016-03-10,57.975,51.916666666666664,1030.3333333333333,72.89583333333333,28.445833333333336,4.958333333333333,,,,138.125,80.625
2016-03-11,107.11666666666667,88.325,2004.4583333333333,120.64999999999999,44.9625,2.875,,,,151.29166666666666,91.04166666666667
2016-03-12,38.237500000000004,33.84583333333333,587.4583333333334,52.708333333333336,15.658333333333333,10.041666666666666,,,,149.66666666666666,94.58333333333333
2016-03-13,25.441666666666666,21.925,423.9166666666667,46.041666666666664,9.945833333333333,24.375,,,,80.20833333333333,57.791666666666664
2016-03-14,30.349999999999998,25.425,600.5,57.8375,12.475,19.083333333333332,,,,72.79166666666667,50.916666666666664
2016-03-15,35.354166666666664,31.037499999999998,676.375,56.291666666666664,16.820833333333333,16.791666666666668,,,,88.16666666666667,64.0
2016-03-16,20.754166666666666,18.454166666666666,342.2083333333333,37.9625,10.6875,34.25,,,,77.91666666666667,54.541666666666664
2016-03-17,16.804166666666667,14.079166666666666,313.875,35.666666666666664,10.620833333333334,31.625,,,,56.541666666666664,30.041666666666668
2016-03-18,13.950000000000001,11.637500000000001,364.625,45.02916666666667,9.225,33.791666666666664,,,,50.0,28.041666666666668
2016-03-19,16.020833333333332,13.329166666666666,362.6666666666667,48.333333333333336,13.3375,30.833333333333332,,,,50.375,27.458333333333332
2016-03-20,27.133333333333336,22.666666666666668,502.125,56.85,18.95416666666667,22.125,,,,63.5,38.0
2016-03-21,27.645833333333332,23.758333333333336,522.25,62.95416666666667,23.995833333333334,20.041666666666668,,,,74.16666666666667,53.416666666666664
2016-03-22,33.53333333333333,29.558333333333334,483.5833333333333,56.137499999999996,23.954166666666666,23.916666666666668,,,,85.54166666666667,62.666666666666664
2016-03-23,24.429166666666664,21.2375,373.4166666666667,42.0625,9.970833333333333,39.208333333333336,,,,75.5,53.375
2016-03-24,28.09583333333333,24.787499999999998,468.1666666666667,53.354166666666664,13.954166666666667,26.708333333333332,,,,72.20833333333333,49.75
2016-03-25,21.854166666666668,19.45,379.3333333333333,43.1875,9.691666666666666,33.75,,,,72.04166666666667,49.666666666666664
2016-03-26,25.945833333333336,23.162499999999998,426.4166666666667,42.79583333333333,9.450000000000001,27.125,,,,69.875,45.458333333333336
2016-03-27,24.849999999999998,21.816666666666666,427.5833333333333,47.30833333333334,8.4375,32.958333333333336,,,,70.83333333333333,47.041666666666664
2016-03-28,73.18333333333334,66.54166666666667,1253.875,89.14166666666667,27.358333333333334,18.916666666666668,,,,99.33333333333333,66.58333333333333
2016-03-29,73.36666666666666,61.92916666666667,1016.7083333333334,92.43333333333334,48.18333333333334,8.291666666666666,,,,162.625,103.54166666666667
2016-03-30,53.95416666666667,48.5875,755.6666666666666,72.70416666666667,38.666666666666664,10.666666666666666,,,,139.16666666666666,81.16666666666667
2016-03-31,33.31666666666667,29.03333333333333,545.5,62.27916666666667,23.133333333333336,13.166666666666666,,,,108.83333333333333,71.125
2016-04-01,17.258333333333333,15.058333333333332,365.4166666666667,42.6875,12.5375,27.583333333333332,,,,68.41666666666667,44.25
2016-04-02,15.041666666666666,13.5625,339.7083333333333,29.879166666666666,7.320833333333333,32.083333333333336,,,,56.458333333333336,30.0
2016-04-03,14.779166666666667,14.0875,277.0833333333333,19.204166666666666,4.2625,48.333333333333336,,,,51.75,25.75
2016-04-04,16.258333333333333,14.470833333333333,316.2916666666667,32.6625,7.433333333333334,43.5,,,,55.5,29.25
2016-04-05,17.254166666666666,15.108333333333334,392.375,45.57916666666667,9.433333333333334,34.708333333333336,,,,53.625,29.833333333333332
2016-04-06,55.1625,48.73333333333333,1021.7916666666666,92.45,34.275,10.25,,,,96.41666666666667,62.708333333333336
2016-04-07,43.59166666666667,38.53333333333333,645.625,63.51666666666667,25.695833333333336,12.541666666666666,,,,119.33333333333333,74.54166666666667
2016-04-08,39.59583333333333,35.875,713.5833333333334,73.7375,22.695833333333336,21.541666666666668,,,,103.29166666666667,69.375
2016-04-09,50.9375,42.43333333333333,525.125,71.46249999999999,25.47083333333333,23.333333333333332,,,,103.91666666666667,69.625
2016-04-10,55.65416666666667,46.0,520.5416666666666,56.72083333333333,21.733333333333334,22.333333333333332,,,,135.25,79.83333333333333
2016-04-11,18.754166666666666,16.366666666666667,335.5833333333333,38.65,8.691666666666666,54.125,,,,84.33333333333333,54.541666666666664
2016-04-12,24.275000000000002,21.90416666666667,454.7083333333333,48.42916666666667,9.791666666666666,39.375,,,,66.45833333333333,40.333333333333336
2016-04-13,38.266666666666666,34.329166666666666,607.125,57.68333333333334,14.1625,25.958333333333332,,,,83.83333333333333,60.333333333333336
2016-04-14,66.86666666666666,58.975,608.4583333333334,55.979166666666664,21.1875,15.291666666666666,,,,128.33333333333334,77.91666666666667
2016-04-15,25.125,21.754166666666666,432.4583333333333,44.05833333333334,15.616666666666667,30.0,,,,114.0,72.20833333333333
2016-04-16,15.225,13.220833333333333,345.375,39.3125,6.945833333333333,42.583333333333336,,,,58.291666666666664,33.583333333333336
2016-04-17,31.870833333333334,26.537499999999998,565.5833333333334,69.65833333333333,23.891666666666666,23.583333333333332,,,,66.83333333333333,43.458333333333336
2016-04-18,26.570833333333336,23.229166666666668,440.4583333333333,59.475,15.633333333333333,28.958333333333332,,,,81.0,61.125
2016-04-19,25.566666666666666,22.4375,496.25,63.0625,14.275,22.125,,,,72.0,49.5
2016-04-20,23.316666666666666,19.841666666666665,438.7083333333333,55.69583333333333,17.133333333333333,25.666666666666668,,,,68.125,42.333333333333336
2016-04-21,21.070833333333333,17.983333333333334,398.25,45.53333333333333,13.137500000000001,31.375,,,,68.95833333333333,43.875
2016-04-22,15.054166666666667,13.0625,419.5,47.550000000000004,15.554166666666667,27.708333333333332,,,,50.458333333333336,29.083333333333332
2016-04-23,15.774999999999999,13.754166666666668,373.4166666666667,40.262499999999996,8.754166666666666,33.75,,,,54.458333333333336,29.583333333333332
2016-04-24,24.004166666666666,19.825,446.0,55.38333333333333,19.766666666666666,27.916666666666668,,,,62.875,36.958333333333336
2016-04-25,17.691666666666666,15.908333333333333,299.375,33.987500000000004,12.416666666666666,39.041666666666664,,,,58.916666666666664,32.416666666666664
2016-04-26,22.070833333333336,16.629166666666666,256.5416666666667,25.508333333333336,7.008333333333333,37.916666666666664,,,,60.5,33.916666666666664
2016-04-27,28.270833333333332,24.025000000000002,301.375,37.59166666666667,11.108333333333334,26.916666666666668,,,,63.875,37.625
2016-04-28,24.2625,19.016666666666666,320.6666666666667,38.32083333333333,7.1125,35.625,,,,77.625,57.125
2016-04-29,15.549999999999999,12.6875,384.0,39.958333333333336,8.7875,41.375,,,,52.208333333333336,28.541666666666668
2016-04-30,25.204166666666666,20.941666666666666,499.2916666666667,47.74583333333334,11.5375,36.708333333333336,,,,65.625,40.458333333333336
2016-05-01,20.55,18.141666666666666,439.5,43.5875,7.125,39.75,,,,62.875,36.208333333333336
2016-05-02,25.816666666666666,23.40416666666667,587.25,55.27916666666667,8.958333333333334,26.0,,,,68.75,44.375
2016-05-03,37.204166666666666,33.50833333333333,773.4166666666666,61.15833333333333,20.866666666666667,22.125,,,,87.45833333333333,63.0
2016-05-04,19.666666666666668,17.029166666666665,426.6666666666667,43.94166666666666,6.7250000000000005,36.458333333333336,,,,76.875,52.458333333333336
2016-05-05,12.141666666666666,10.375,302.375,35.57083333333333,3.8166666666666664,48.041666666666664,,,,51.291666666666664,26.75
2016-05-06,19.766666666666666,17.816666666666666,395.0,37.43333333333333,6.8500000000000005,36.958333333333336,,,,51.791666666666664,26.458333333333332
2016-05-07,28.84583333333333,25.366666666666664,552.0,50.416666666666664,8.154166666666667,28.75,,,,72.5,50.791666666666664
2016-05-08,26.900000000000002,23.516666666666666,529.9166666666666,51.77916666666667,7.920833333333333,33.166666666666664,,,,77.20833333333333,57.958333333333336
2016-05-09,25.849999999999998,21.2625,477.375,52.800000000000004,9.9625,45.458333333333336,,,,73.33333333333333,51.625
2016-05-10,26.925,23.28333333333333,510.8333333333333,56.70416666666667,9.625,48.5,,,,65.875,40.5
2016-05-11,38.387499999999996,34.12916666666667,697.1666666666666,66.21249999999999,20.675,39.583333333333336,,,,98.66666666666667,67.41666666666667
2016-05-12,11.920833333333334,10.083333333333334,275.0416666666667,29.666666666666668,4.920833333333333,46.5,,,,64.08333333333333,38.583333333333336
2016-05-13,11.375,10.112499999999999,291.1666666666667,30.916666666666668,6.145833333333333,44.875,,,,38.208333333333336,22.208333333333332
2016-05-14,12.695833333333333,10.791666666666666,292.75,36.454166666666666,6.920833333333333,45.041666666666664,,,,45.791666666666664,25.5
2016-05-15,11.129166666666668,9.262500000000001,274.4166666666667,34.5375,6.191666666666666,46.0,,,,39.375,23.958333333333332
2016-05-16,20.308333333333334,17.733333333333334,370.25,43.512499999999996,10.112499999999999,22.291666666666668,,,,50.0,26.291666666666668
2016-05-17,29.754166666666666,25.075,407.2916666666667,50.854166666666664,22.008333333333336,13.916666666666666,,,,73.75,52.458333333333336
2016-05-18,17.283333333333335,15.358333333333334,289.875,37.24166666666667,12.270833333333334,33.083333333333336,,,,66.20833333333333,41.416666666666664
2016-05-19,24.104166666666668,20.829166666666666,402.2083333333333,50.59583333333333,15.674999999999999,18.291666666666668,,,,61.833333333333336,35.333333333333336
2016-05-20,15.4,13.025,349.0,45.55416666666667,9.333333333333334,24.458333333333332,,,,60.291666666666664,35.333333333333336
2016-05-21,13.725,11.737499999999999,309.8333333333333,39.708333333333336,10.991666666666667,41.333333333333336,,,,51.208333333333336,25.416666666666668
2016-05-22,16.491666666666667,14.529166666666667,357.4583333333333,42.8375,6.6499999999999995,41.166666666666664,,,,52.291666666666664,26.5
2016-05-23,20.337500000000002,18.091666666666665,462.375,44.8125,10.275,33.333333333333336,,,,54.958333333333336,28.958333333333332
2016-05-24,24.354166666666668,22.383333333333336,421.0833333333333,45.4125,10.012500000000001,34.458333333333336,,,,78.04166666666667,56.416666666666664
2016-05-25,21.579166666666666,18.6375,406.25,50.17916666666667,16.829166666666666,34.75,,,,59.041666666666664,34.083333333333336
2016-05-26,42.49583333333333,36.11666666666667,838.8333333333334,83.8875,40.454166666666666,22.5,,,,86.41666666666667,60.458333333333336
2016-05-27,49.15833333333333,46.31666666666666,668.3333333333334,79.74583333333334,26.141666666666666,37.541666666666664,,,,124.75,76.29166666666667
2016-05-28,20.8,18.279166666666665,351.4583333333333,37.166666666666664,6.841666666666668,49.625,,,,84.79166666666667,55.041666666666664
2016-05-29,17.420833333333334,15.416666666666666,299.875,31.53333333333333,5.533333333333334,44.166666666666664,,,,60.375,34.083333333333336
2016-05-30,16.4875,14.258333333333333,325.9166666666667,31.670833333333334,5.283333333333333,40.458333333333336,,,,56.541666666666664,30.125
2016-05-31,13.450000000000001,11.195833333333333,285.3333333333333,29.041666666666668,5.1625000000000005,39.5,,,,50.875,25.125
2016-06-01,14.862499999999999,11.979166666666666,340.125,39.854166666666664,6.458333333333333,39.916666666666664,,,,46.708333333333336,24.416666666666668
2016-06-02,35.199999999999996,30.2,645.75,62.65,18.037499999999998,25.416666666666668,,,,72.79166666666667,51.625
2016-06-03,30.21666666666667,26.545833333333334,656.3333333333334,58.824999999999996,11.125,29.208333333333332,,,,82.5,61.833333333333336
2016-06-04,22.22083333333333,18.354166666666668,401.4583333333333,43.19583333333333,11.404166666666667,36.75,,,,76.125,56.25
2016-06-05,15.245833333333332,12.979166666666666,331.125,37.050000000000004,7.583333333333333,31.166666666666668,,,,53.375,27.291666666666668
2016-06-06,11.225,9.5,283.0416666666667,31.833333333333332,4.591666666666667,34.291666666666664,,,,48.666666666666664,23.75
2016-06-07,7.5375000000000005,6.179166666666667,232.0,20.308333333333334,2.7416666666666667,40.125,,,,28.166666666666668,17.916666666666668
2016-06-08,11.725,9.941666666666666,291.9166666666667,33.895833333333336,6.1125,39.916666666666664,,,,32.583333333333336,21.375
2016-06-09,15.041666666666666,12.954166666666666,336.1666666666667,39.454166666666666,8.404166666666667,33.625,,,,47.25,23.666666666666668
2016-06-10,20.858333333333334,17.291666666666668,436.7083333333333,48.85833333333333,15.245833333333332,27.125,,,,57.916666666666664,32.083333333333336
2016-06-11,16.508333333333333,14.700000000000001,351.3333333333333,46.09166666666667,9.65,31.166666666666668,,,,61.666666666666664,35.0
2016-06-12,8.5375,7.6375,248.95833333333334,28.041666666666668,5.466666666666666,36.958333333333336,,,,41.416666666666664,21.416666666666668
2016-06-13,10.316666666666666,9.079166666666667,305.875,30.666666666666668,9.366666666666667,31.333333333333332,,,,30.333333333333332,19.125
2016-06-14,27.104166666666668,23.3625,532.9166666666666,57.2125,22.77916666666667,22.791666666666668,,,,58.333333333333336,34.541666666666664
2016-06-15,19.083333333333332,17.795833333333334,340.7916666666667,36.8375,9.745833333333334,39.875,,,,72.58333333333333,50.916666666666664
2016-06-16,20.974999999999998,19.258333333333333,329.375,40.56666666666667,12.241666666666667,34.541666666666664,,,,58.958333333333336,32.375
2016-06-17,28.84583333333333,26.55,503.6666666666667,59.71666666666667,24.525000000000002,32.041666666666664,,,,74.70833333333333,54.375
2016-06-18,23.458333333333332,19.825,390.2916666666667,47.800000000000004,12.841666666666667,40.375,,,,75.29166666666667,54.0
2016-06-19,20.645833333333332,17.295833333333334,340.375,43.75833333333333,7.133333333333333,42.208333333333336,,,,64.20833333333333,37.291666666666664
2016-06-20,19.766666666666666,17.666666666666668,396.9166666666667,48.041666666666664,6.129166666666666,32.833333333333336,,,,57.625,32.291666666666664
2016-06-21,28.929166666666664,24.520833333333332,406.1666666666667,52.47083333333333,16.729166666666668,42.875,,,,74.70833333333333,53.125
2016-06-22,14.833333333333334,12.670833333333334,234.20833333333334,27.479166666666668,6.095833333333334,54.416666666666664,,,,63.25,38.416666666666664
2016-06-23,16.508333333333333,14.512500000000001,292.0,33.65416666666667,6.8374999999999995,51.625,,,,49.958333333333336,27.0
2016-06-24,19.308333333333334,16.145833333333332,372.5,41.99166666666667,7.8999999999999995,36.625,,,,58.375,31.916666666666668
2016-06-25,19.712500000000002,15.995833333333332,334.0833333333333,41.15833333333333,9.983333333333333,38.083333333333336,,,,60.291666666666664,33.708333333333336
2016-06-26,18.766666666666666,15.85,267.2916666666667,37.12916666666667,8.625,49.333333333333336,,,,56.958333333333336,31.541666666666668
2016-06-27,16.679166666666667,13.725,273.7083333333333,31.054166666666664,7.154166666666666,48.916666666666664,,,,56.708333333333336,30.791666666666668
2016-06-28,13.233333333333334,12.041666666666666,268.5,33.1875,7.016666666666667,33.5,,,,49.958333333333336,24.416666666666668
2016-06-29,19.925,17.1125,385.2083333333333,42.375,11.416666666666666,29.083333333333332,,,,54.875,28.625
2016-06-30,21.941666666666666,18.783333333333335,388.4166666666667,45.6,10.9125,36.333333333333336,,,,65.04166666666667,38.125
2016-07-01,30.383333333333336,25.791666666666668,479.0833333333333,55.15,12.25,34.416666666666664,,,,70.08333333333333,46.25
2016-07-02,37.53333333333333,32.65833333333333,573.7916666666666,56.77916666666667,12.241666666666667,40.083333333333336,,,,94.91666666666667,66.66666666666667
2016-07-03,33.00416666666667,28.72083333333333,551.0833333333334,62.4,17.379166666666666,30.875,,,,78.875,58.416666666666664
2016-07-04,32.00833333333333,28.45,524.5,53.175000000000004,16.170833333333334,42.0,,,,97.29166666666667,67.25
2016-07-05,7.541666666666667,6.891666666666667,199.0,20.354166666666668,5.195833333333334,46.916666666666664,,,,48.916666666666664,29.291666666666668
2016-07-06,10.254166666666666,8.295833333333333,215.66666666666666,25.84583333333333,8.654166666666667,39.583333333333336,,,,30.75,19.333333333333332
2016-07-07,13.466666666666667,11.558333333333332,286.7083333333333,39.0375,11.654166666666667,39.583333333333336,,,,43.75,22.208333333333332
2016-07-08,10.445833333333333,9.075000000000001,259.0833333333333,31.275000000000002,11.170833333333334,27.25,,,,43.333333333333336,21.0
2016-07-09,11.333333333333334,9.491666666666667,265.1666666666667,30.104166666666668,7.566666666666666,33.333333333333336,,,,36.5,20.583333333333332
2016-07-10,13.908333333333333,11.825000000000001,291.8333333333333,37.44583333333333,10.225,28.083333333333332,,,,45.833333333333336,23.666666666666668
2016-07-11,14.387500000000001,12.458333333333334,275.4583333333333,34.27916666666667,9.520833333333334,35.916666666666664,,,,50.208333333333336,24.708333333333332
2016-07-12,14.708333333333334,13.1625,288.6666666666667,37.0,8.762500000000001,30.666666666666668,,,,51.708333333333336,25.666666666666668
2016-07-13,18.445833333333333,16.025000000000002,357.8333333333333,44.74583333333334,11.045833333333334,33.375,,,,53.583333333333336,28.75
2016-07-14,18.904166666666665,16.429166666666667,365.2083333333333,40.34166666666666,9.629166666666666,39.041666666666664,,,,60.958333333333336,34.375
2016-07-15,29.254166666666666,25.745833333333334,438.75,52.895833333333336,15.629166666666668,39.166666666666664,,,,65.16666666666667,40.5
2016-07-16,23.679166666666664,19.520833333333332,339.3333333333333,43.2875,9.049999999999999,38.75,,,,82.5,60.458333333333336
2016-07-17,16.5625,13.525,332.375,42.52916666666666,7.954166666666667,39.041666666666664,,,,50.875,27.875
2016-07-18,17.474999999999998,15.341666666666667,308.6666666666667,41.375,9.908333333333333,38.0,,,,55.125,29.458333333333332
2016-07-19,19.5625,17.912499999999998,377.25,45.74166666666667,10.408333333333333,39.583333333333336,,,,59.0,32.416666666666664
2016-07-20,13.670833333333334,12.525,309.875,33.72083333333333,6.654166666666666,35.541666666666664,,,,59.958333333333336,33.416666666666664
2016-07-21,18.229166666666668,16.091666666666665,400.5416666666667,43.10833333333333,16.075,25.5,,,,50.25,26.166666666666668
2016-07-22,20.666666666666668,18.837500000000002,450.0,43.1875,9.229166666666666,28.958333333333332,,,,68.79166666666667,44.5
2016-07-23,14.420833333333334,12.408333333333333,327.125,25.224999999999998,3.9958333333333336,44.083333333333336,,,,56.25,29.916666666666668
2016-07-24,26.541666666666668,24.724999999999998,457.625,32.737500000000004,4.258333333333334,40.916666666666664,,,,57.791666666666664,32.458333333333336
2016-07-25,28.5625,26.6125,518.75,36.354166666666664,5.416666666666667,39.25,,,,83.70833333333333,62.166666666666664
2016-07-26,35.875,32.141666666666666,733.9583333333334,59.737500000000004,12.408333333333333,30.0,,,,83.45833333333333,62.083333333333336
2016-07-27,43.541666666666664,37.15833333333333,745.7916666666666,73.5125,17.129166666666666,27.333333333333332,,,,104.79166666666667,69.79166666666667
2016-07-28,31.52916666666667,28.837500000000002,665.4166666666666,61.083333333333336,11.829166666666666,30.166666666666668,,,,91.54166666666667,65.16666666666667
2016-07-29,54.50416666666666,50.89166666666667,1050.625,85.89583333333333,31.72083333333333,23.75,,,,113.95833333333333,72.66666666666667
2016-07-30,31.0,27.662499999999998,514.25,55.02916666666667,18.683333333333334,39.083333333333336,,,,110.29166666666667,71.41666666666667
2016-07-31,23.641666666666666,20.6375,427.7916666666667,46.975,11.958333333333334,30.041666666666668,,,,75.20833333333333,53.5
2016-08-01,26.416666666666668,22.816666666666666,503.0416666666667,58.60833333333333,20.0,30.0,,,,69.75,45.416666666666664
2016-08-02,28.983333333333334,25.912499999999998,546.125,61.887499999999996,19.291666666666668,35.125,,,,71.29166666666667,47.958333333333336
2016-08-03,20.004166666666666,16.633333333333333,420.0,46.49583333333334,11.058333333333332,31.541666666666668,,,,78.45833333333333,57.875
2016-08-04,16.583333333333332,14.479166666666666,309.7083333333333,38.12083333333333,7.4750000000000005,31.458333333333332,,,,52.333333333333336,26.458333333333332
2016-08-05,23.133333333333336,19.816666666666666,453.4583333333333,53.050000000000004,16.279166666666665,32.041666666666664,,,,61.666666666666664,34.958333333333336
2016-08-06,27.683333333333334,22.8125,479.0,58.9625,21.65416666666667,31.541666666666668,,,,71.0,47.541666666666664
2016-08-07,29.7,24.195833333333336,441.75,56.3125,17.554166666666667,35.791666666666664,,,,75.875,56.541666666666664
2016-08-08,10.308333333333334,8.641666666666667,249.58333333333334,27.175,6.354166666666667,35.125,,,,55.166666666666664,32.333333333333336
2016-08-09,19.383333333333333,15.470833333333333,356.75,41.75416666666667,14.1875,28.833333333333332,,,,46.375,24.041666666666668
2016-08-10,34.65,29.5625,571.9583333333334,59.64166666666667,30.329166666666666,30.208333333333332,,,,77.125,54.0
2016-08-11,22.483333333333334,20.033333333333335,383.7916666666667,49.26666666666667,16.466666666666665,35.5,,,,75.45833333333333,52.375
2016-08-12,21.804166666666664,18.508333333333333,329.75,39.06666666666667,10.9125,30.5,,,,68.83333333333333,43.541666666666664
2016-08-13,11.141666666666666,9.770833333333334,267.4583333333333,33.395833333333336,4.533333333333333,36.791666666666664,,,,43.833333333333336,25.208333333333332
2016-08-14,16.8,15.408333333333333,346.5416666666667,39.108333333333334,7.1499999999999995,29.5,,,,54.875,29.708333333333332
2016-08-15,8.15,7.1125,249.25,27.495833333333334,4.016666666666667,39.333333333333336,,,,40.458333333333336,22.416666666666668
2016-08-16,11.012500000000001,9.466666666666667,306.125,33.75833333333333,10.479166666666666,23.0,,,,33.0,18.833333333333332
2016-08-17,16.795833333333334,14.916666666666666,379.5833333333333,42.762499999999996,11.816666666666668,23.833333333333332,,,,47.041666666666664,24.166666666666668
2016-08-18,20.816666666666666,19.158333333333335,367.5,46.875,13.504166666666668,36.25,,,,64.5,38.166666666666664
2016-08-19,27.912499999999998,25.241666666666664,491.7916666666667,51.199999999999996,12.4625,20.416666666666668,,,,68.83333333333333,44.166666666666664
2016-08-20,27.09583333333333,24.479166666666668,410.4583333333333,44.520833333333336,11.658333333333333,22.125,,,,78.41666666666667,59.958333333333336
2016-08-21,46.275,40.199999999999996,778.625,72.625,27.679166666666664,23.458333333333332,,,,97.58333333333333,67.25
2016-08-22,39.891666666666666,36.1125,633.4583333333334,64.75416666666666,14.620833333333332,27.5,,,,108.54166666666667,71.04166666666667
2016-08-23,36.6,32.670833333333334,592.125,58.050000000000004,15.533333333333333,26.375,,,,94.625,66.375
2016-08-24,23.474999999999998,20.183333333333334,487.5,44.93333333333334,13.895833333333334,27.375,,,,83.54166666666667,60.625
2016-08-25,10.612499999999999,9.4,271.0416666666667,29.141666666666666,3.9333333333333336,30.541666666666668,,,,48.75,26.333333333333332
2016-08-26,15.475,13.137500000000001,340.375,38.916666666666664,6.691666666666666,24.375,,,,45.916666666666664,22.625
2016-08-27,18.433333333333334,15.299999999999999,317.875,36.824999999999996,10.35,36.0,,,,56.458333333333336,30.041666666666668
2016-08-28,14.387500000000001,11.179166666666667,247.70833333333334,28.991666666666664,5.216666666666667,38.166666666666664,,,,52.75,26.833333333333332
2016-08-29,25.72083333333333,21.604166666666668,467.0416666666667,52.324999999999996,19.270833333333332,21.25,,,,60.333333333333336,35.0
2016-08-30,19.125,15.808333333333332,286.2083333333333,35.362500000000004,9.8375,45.291666666666664,,,,62.291666666666664,36.0
2016-08-31,10.525,9.070833333333333,242.5,29.058333333333334,6.6875,33.833333333333336,,,,49.0,24.916666666666668
2016-09-01,12.262500000000001,10.362499999999999,291.2916666666667,35.62083333333333,6.5874999999999995,28.541666666666668,,,,37.083333333333336,21.458333333333332
2016-09-02,24.525000000000002,19.587500000000002,467.1666666666667,49.86666666666667,12.054166666666667,18.083333333333332,,,,56.708333333333336,31.375
2016-09-03,24.15416666666667,18.875,371.9166666666667,43.87916666666666,10.391666666666667,23.166666666666668,,,,66.91666666666667,40.25
2016-09-04,19.808333333333334,15.741666666666667,362.4166666666667,45.104166666666664,11.875,16.25,,,,61.583333333333336,35.041666666666664
2016-09-05,20.020833333333332,17.508333333333333,547.5833333333334,55.60833333333333,16.233333333333334,9.5,,,,59.041666666666664,32.625
2016-09-06,13.3375,11.450000000000001,323.4583333333333,36.90416666666667,8.233333333333333,16.125,,,,54.25,28.458333333333332
2016-09-07,12.450000000000001,10.379166666666666,273.5833333333333,35.46666666666667,8.154166666666667,23.375,,,,46.916666666666664,22.958333333333332
2016-09-08,9.758333333333333,7.9375,214.95833333333334,25.8,4.741666666666666,33.666666666666664,,,,37.5,18.166666666666668
2016-09-09,9.579166666666667,7.679166666666667,249.25,28.483333333333334,5.316666666666666,23.5,,,,30.083333333333332,17.333333333333332
2016-09-10,16.287499999999998,13.716666666666667,356.8333333333333,42.291666666666664,11.7125,17.833333333333332,,,,46.083333333333336,24.916666666666668
2016-09-11,30.3875,26.9375,614.7083333333334,51.92083333333333,15.237499999999999,6.708333333333333,,,,60.291666666666664,34.541666666666664
2016-09-12,39.18333333333333,32.958333333333336,586.125,49.80416666666667,23.179166666666664,24.916666666666668,,,,106.125,70.25
2016-09-13,9.420833333333333,7.691666666666666,213.75,22.349999999999998,4.2875000000000005,35.666666666666664,,,,58.416666666666664,34.291666666666664
2016-09-14,9.283333333333333,7.6625000000000005,244.20833333333334,25.0,3.9125,24.25,,,,28.291666666666668,14.5
2016-09-15,9.079166666666667,7.379166666666666,259.75,30.6875,5.116666666666666,25.25,,,,31.083333333333332,17.75
2016-09-16,13.3125,11.145833333333334,320.625,37.145833333333336,8.245833333333334,13.708333333333334,,,,40.208333333333336,20.875
2016-09-17,11.475,9.1875,252.70833333333334,25.445833333333336,4.016666666666667,22.375,,,,42.875,20.666666666666668
2016-09-18,8.958333333333334,7.1625000000000005,230.375,25.3125,4.0874999999999995,26.708333333333332,,,,34.583333333333336,16.583333333333332
2016-09-19,9.520833333333334,7.933333333333334,256.5833333333333,32.24166666666667,6.041666666666667,27.583333333333332,,,,29.083333333333332,17.208333333333332
2016-09-20,17.879166666666666,16.216666666666665,499.1666666666667,42.22083333333333,10.279166666666667,11.041666666666666,,,,42.458333333333336,22.541666666666668
2016-09-21,16.633333333333333,14.0625,357.5833333333333,33.666666666666664,7.558333333333334,14.625,,,,62.708333333333336,35.916666666666664
2016-09-22,12.141666666666666,10.558333333333334,334.3333333333333,35.458333333333336,7.404166666666666,18.25,,,,42.916666666666664,23.041666666666668
2016-09-23,10.716666666666667,9.204166666666667,310.7916666666667,35.987500000000004,9.65,12.458333333333334,,,,45.375,21.791666666666668
2016-09-24,20.133333333333333,18.099999999999998,534.75,44.82083333333333,14.450000000000001,13.541666666666666,,,,40.041666666666664,23.583333333333332
2016-09-25,23.0625,20.075,492.8333333333333,39.574999999999996,9.145833333333334,19.458333333333332,,,,81.0,59.041666666666664
2016-09-26,11.491666666666667,10.379166666666666,272.375,24.679166666666664,5.233333333333333,27.791666666666668,,,,47.666666666666664,23.833333333333332
2016-09-27,10.295833333333333,8.9125,261.125,28.875,4.729166666666667,25.625,,,,39.375,19.25
2016-09-28,20.095833333333335,17.1375,458.875,46.666666666666664,9.237499999999999,19.041666666666668,,,,41.916666666666664,23.666666666666668
2016-09-29,32.72083333333333,26.570833333333336,603.125,62.416666666666664,28.054166666666664,4.791666666666667,,,,79.70833333333333,58.166666666666664
2016-09-30,21.095833333333335,17.958333333333332,355.7083333333333,43.43333333333334,14.770833333333334,12.75,,,,68.91666666666667,43.791666666666664
2016-10-01,20.141666666666666,14.137500000000001,306.375,39.104166666666664,12.033333333333333,19.416666666666668,,,,58.166666666666664,31.708333333333332
2016-10-02,36.00833333333333,28.516666666666666,619.9583333333334,58.68333333333334,27.27916666666667,5.041666666666667,,,,69.625,46.25
2016-10-03,47.44583333333333,38.550000000000004,731.0,58.90416666666667,25.929166666666664,6.291666666666667,,,,90.83333333333333,65.0
2016-10-04,22.429166666666664,19.566666666666666,434.5,44.987500000000004,9.65,14.041666666666666,,,,98.66666666666667,66.95833333333333
2016-10-05,16.329166666666666,14.854166666666666,285.9166666666667,26.875,6.25,23.833333333333332,,,,54.458333333333336,28.083333333333332
2016-10-06,20.7375,17.258333333333333,250.125,28.866666666666664,5.941666666666666,22.541666666666668,,,,56.666666666666664,30.291666666666668
2016-10-07,22.1875,19.55,355.9166666666667,32.59166666666667,9.366666666666667,8.625,,,,64.66666666666667,37.75
2016-10-08,26.116666666666664,24.2,385.9583333333333,34.833333333333336,13.362499999999999,7.541666666666667,,,,69.91666666666667,45.791666666666664
2016-10-09,17.841666666666665,13.970833333333333,255.04166666666666,24.575,4.4875,25.916666666666668,,,,71.20833333333333,49.0
2016-10-10,9.875,8.075000000000001,238.45833333333334,26.733333333333334,4.579166666666667,31.041666666666668,,,,37.0,19.75
2016-10-11,17.825,14.179166666666667,286.0,40.979166666666664,8.674999999999999,19.375,,,,44.833333333333336,22.375
2016-10-12,30.833333333333332,24.666666666666668,495.3333333333333,58.19166666666666,17.6125,11.166666666666666,,,,67.29166666666667,42.916666666666664
2016-10-13,25.770833333333332,21.016666666666666,400.25,49.22083333333333,13.504166666666668,10.75,,,,74.875,54.583333333333336
2016-10-14,17.741666666666667,14.329166666666666,317.625,37.579166666666666,7.166666666666667,13.416666666666666,,,,60.791666666666664,34.25
2016-10-15,13.458333333333334,11.025,294.875,38.416666666666664,7.091666666666666,16.583333333333332,,,,49.75,25.125
2016-10-16,17.75,13.858333333333334,318.6666666666667,43.21666666666667,5.991666666666667,19.208333333333332,,,,49.541666666666664,24.25
2016-10-17,20.724999999999998,16.837500000000002,352.7916666666667,47.86666666666667,12.220833333333333,11.041666666666666,,,,58.541666666666664,32.083333333333336
2016-10-18,20.7,17.537499999999998,383.5,44.1,16.224999999999998,11.041666666666666,,,,58.791666666666664,32.208333333333336
2016-10-19,44.041666666666664,37.97083333333334,813.0833333333334,63.94583333333333,20.400000000000002,7.125,,,,78.54166666666667,54.625
2016-10-20,52.56666666666666,46.28333333333333,971.2083333333334,67.6125,22.8625,4.541666666666667,,,,120.95833333333333,75.08333333333333
2016-10-21,62.67083333333333,55.824999999999996,1080.5833333333333,69.74166666666666,25.491666666666664,2.0,,,,134.20833333333334,79.29166666666667
2016-10-22,42.71666666666667,37.71666666666667,592.5833333333334,55.99166666666667,29.308333333333334,7.0,,,,145.125,83.625
2016-10-23,20.966666666666665,17.016666666666666,307.375,42.89166666666667,9.887500000000001,14.416666666666666,,,,74.04166666666667,47.791666666666664
2016-10-24,22.59166666666667,19.3125,338.5833333333333,44.074999999999996,15.950000000000001,13.291666666666666,,,,60.666666666666664,34.0
2016-10-25,22.55,19.933333333333334,330.7916666666667,44.43333333333334,19.6875,16.208333333333332,,,,69.66666666666667,44.958333333333336
2016-10-26,17.0,14.166666666666666,303.8333333333333,42.07083333333333,11.166666666666666,23.25,,,,59.125,32.583333333333336
2016-10-27,30.333333333333332,24.883333333333336,510.0,51.15,27.84166666666667,8.916666666666666,,,,60.958333333333336,34.958333333333336
2016-10-28,30.333333333333332,26.066666666666666,467.8333333333333,45.625,23.416666666666668,7.0,,,,86.625,63.458333333333336
2016-10-29,17.183333333333334,15.983333333333334,319.625,39.449999999999996,12.945833333333333,15.625,,,,67.70833333333333,43.291666666666664
2016-10-30,12.8125,11.679166666666667,282.7916666666667,32.12916666666667,9.704166666666667,22.083333333333332,,,,54.208333333333336,28.041666666666668
2016-10-31,15.9375,14.012500000000001,330.2083333333333,34.275,7.7250000000000005,15.25,,,,46.041666666666664,22.416666666666668
2016-11-01,33.74166666666667,28.087500000000002,585.5833333333334,44.770833333333336,21.708333333333332,7.125,,,,62.375,36.458333333333336
2016-11-02,50.32916666666667,43.479166666666664,640.375,56.82916666666666,39.40416666666667,3.6666666666666665,,,,123.20833333333333,75.75
2016-11-03,20.841666666666665,17.183333333333334,436.5,39.858333333333334,22.695833333333336,9.916666666666666,,,,76.66666666666667,48.833333333333336
2016-11-04,18.833333333333332,16.766666666666666,403.0833333333333,36.6625,21.78333333333333,5.208333333333333,,,,65.29166666666667,38.916666666666664
2016-11-05,17.704166666666666,15.429166666666667,352.4166666666667,38.99166666666667,17.720833333333335,8.958333333333334,,,,54.625,28.375
2016-11-06,43.40416666666667,36.449999999999996,668.5833333333334,56.791666666666664,32.583333333333336,5.041666666666667,,,,84.58333333333333,55.0
2016-11-07,11.725,10.333333333333334,338.2083333333333,35.324999999999996,10.4125,20.125,,,,70.875,44.958333333333336
2016-11-08,22.21666666666667,18.016666666666666,449.5416666666667,41.204166666666666,15.433333333333332,6.583333333333333,,,,49.541666666666664,24.875
2016-11-09,30.974999999999998,26.020833333333332,541.3333333333334,44.041666666666664,15.35,4.083333333333333,,,,80.08333333333333,57.791666666666664
2016-11-10,20.1875,17.966666666666665,495.0833333333333,29.870833333333334,9.5375,8.125,,,,61.416666666666664,35.875
2016-11-11,12.816666666666668,11.200000000000001,364.0,25.541666666666668,7.666666666666667,7.166666666666667,,,,61.958333333333336,35.416666666666664
2016-11-12,7.766666666666667,6.970833333333334,259.7083333333333,29.483333333333334,9.4375,23.833333333333332,,,,34.875,19.041666666666668
2016-11-13,28.96666666666667,25.95,545.125,54.92916666666667,26.84166666666667,13.708333333333334,,,,44.208333333333336,27.416666666666668
2016-11-14,73.40833333333333,63.8375,1261.875,71.22083333333333,43.15833333333333,1.625,,,,130.54166666666666,80.33333333333333
2016-11-15,75.4375,63.24583333333334,1332.7083333333333,77.37083333333334,44.862500000000004,2.0833333333333335,,,,151.83333333333334,87.16666666666667
2016-11-16,51.583333333333336,48.020833333333336,574.875,62.012499999999996,38.8375,2.2916666666666665,,,,154.16666666666666,91.91666666666667
2016-11-17,24.712500000000002,22.46666666666667,386.2083333333333,46.38333333333333,22.95,4.125,,,,89.91666666666667,63.291666666666664
2016-11-18,24.433333333333334,21.59166666666667,409.7916666666667,40.791666666666664,26.837500000000002,4.708333333333333,,,,70.33333333333333,46.416666666666664
2016-11-19,28.708333333333332,26.291666666666668,354.2083333333333,42.30416666666667,16.370833333333334,6.0,,,,75.75,55.416666666666664
2016-11-20,23.075,19.837500000000002,324.0,40.7125,16.408333333333335,15.083333333333334,,,,73.58333333333333,51.166666666666664
2016-11-21,23.599999999999998,20.254166666666666,322.4583333333333,45.78333333333333,18.65,13.125,,,,66.08333333333333,39.083333333333336
2016-11-22,27.570833333333336,23.650000000000002,349.0833333333333,52.60833333333333,26.666666666666668,10.833333333333334,,,,72.79166666666667,50.791666666666664
2016-11-23,24.245833333333334,21.379166666666666,357.6666666666667,50.46666666666667,25.445833333333336,12.333333333333334,,,,71.79166666666667,49.041666666666664
2016-11-24,26.0,23.304166666666664,348.7916666666667,44.90416666666667,21.329166666666666,17.083333333333332,,,,71.16666666666667,47.875
2016-11-25,14.495833333333332,12.554166666666667,308.5,39.25833333333333,10.145833333333334,22.916666666666668,,,,64.70833333333333,40.166666666666664
2016-11-26,15.887500000000001,14.258333333333333,372.7083333333333,40.762499999999996,16.150000000000002,10.208333333333334,,,,52.833333333333336,27.083333333333332
2016-11-27,11.654166666666667,10.570833333333333,297.9583333333333,40.4125,8.445833333333333,17.916666666666668,,,,48.625,25.583333333333332
2016-11-28,25.041666666666668,20.770833333333332,505.6666666666667,47.39166666666667,26.47083333333333,4.375,,,,58.958333333333336,35.458333333333336
2016-11-29,15.008333333333333,13.450000000000001,339.7083333333333,33.574999999999996,15.458333333333334,8.375,,,,58.333333333333336,32.0
2016-11-30,22.7,20.150000000000002,457.2916666666667,56.74166666666667,23.233333333333334,9.25,,,,57.125,31.25
2016-12-01,21.95,19.170833333333334,407.8333333333333,52.21666666666667,26.133333333333336,8.625,,,,68.5,43.208333333333336
2016-12-02,34.0875,27.495833333333334,533.875,52.3125,36.520833333333336,2.5833333333333335,,,,70.58333333333333,46.625
2016-12-03,78.87083333333334,73.06666666666666,1184.7083333333333,71.175,61.324999999999996,1.3333333333333333,,,,124.41666666666667,78.0
2016-12-04,62.0625,53.19583333333333,890.25,63.458333333333336,40.80833333333333,1.7916666666666667,,,,157.95833333333334,96.58333333333333
2016-12-05,12.229166666666666,10.933333333333332,304.0833333333333,35.5,13.508333333333333,21.791666666666668,,,,92.79166666666667,58.625
2016-12-06,10.158333333333333,8.629166666666666,294.2916666666667,29.679166666666664,8.4375,23.25,,,,31.416666666666668,17.458333333333332
2016-12-07,13.700000000000001,11.804166666666667,336.5416666666667,35.670833333333334,11.158333333333333,17.375,,,,42.291666666666664,20.583333333333332
2016-12-08,19.120833333333334,17.358333333333334,439.75,45.375,20.5625,14.416666666666666,,,,51.625,26.166666666666668
2016-12-09,36.074999999999996,32.25833333333333,673.2083333333334,57.275,34.42916666666667,1.2916666666666667,,,,86.95833333333333,60.583333333333336
2016-12-10,11.875,10.6,281.0833333333333,38.895833333333336,10.245833333333334,27.291666666666668,,,,64.5,40.375
2016-12-11,17.258333333333333,15.454166666666666,350.8333333333333,50.854166666666664,16.724999999999998,17.75,,,,49.708333333333336,25.625
2016-12-12,31.391666666666666,27.379166666666666,519.125,60.49583333333334,20.145833333333332,5.541666666666667,,,,74.20833333333333,51.416666666666664
2016-12-13,28.875,25.504166666666666,479.1666666666667,64.26666666666667,30.587500000000002,7.5,,,,75.0,53.916666666666664
2016-12-14,22.483333333333334,20.929166666666667,483.4166666666667,52.9125,27.895833333333332,8.5,,,,77.83333333333333,57.916666666666664
2016-12-15,20.325,17.308333333333334,364.7916666666667,44.25833333333333,11.65,18.083333333333332,,,,64.33333333333333,37.625
2016-12-16,64.14583333333333,56.57916666666666,916.375,79.87083333333334,48.72083333333333,2.75,,,,104.125,63.333333333333336
2016-12-17,31.058333333333334,28.058333333333334,442.7916666666667,52.50833333333333,29.09166666666667,4.458333333333333,,,,121.04166666666667,75.33333333333333
2016-12-18,15.166666666666666,13.941666666666668,298.5,41.4,13.395833333333334,15.75,,,,67.5,43.458333333333336
2016-12-19,14.958333333333334,13.275,306.625,36.2875,9.641666666666667,21.541666666666668,,,,53.166666666666664,27.041666666666668
2016-12-20,36.5375,32.074999999999996,685.1666666666666,52.479166666666664,28.241666666666664,5.291666666666667,,,,67.125,41.791666666666664
2016-12-21,23.087500000000002,19.408333333333335,414.4166666666667,39.420833333333334,19.158333333333335,13.166666666666666,,,,80.33333333333333,55.958333333333336
2016-12-22,32.525,27.129166666666666,459.6666666666667,47.54583333333333,27.266666666666666,3.0,,,,77.33333333333333,56.458333333333336
2016-12-23,34.06666666666667,29.279166666666665,486.3333333333333,48.020833333333336,26.820833333333336,4.25,,,,85.45833333333333,62.958333333333336
2016-12-24,21.608333333333334,19.258333333333333,423.5,44.324999999999996,20.491666666666667,4.583333333333333,,,,76.70833333333333,54.166666666666664
2016-12-25,22.808333333333334,20.391666666666666,383.9166666666667,45.24583333333334,14.9,8.708333333333334,,,,65.04166666666667,38.208333333333336
2016-12-26,18.233333333333334,16.320833333333333,394.0,43.09583333333333,18.954166666666666,11.208333333333334,,,,67.54166666666667,41.916666666666664
2016-12-27,15.799999999999999,13.970833333333333,403.625,43.94166666666666,15.387500000000001,9.916666666666666,,,,51.625,27.166666666666668
2016-12-28,57.03333333333333,42.85833333333333,940.3333333333334,72.44166666666666,33.30416666666667,3.625,,,,84.58333333333333,54.541666666666664
2016-12-29,22.2625,19.1125,441.375,46.64166666666667,12.920833333333334,13.333333333333334,,,,93.83333333333333,62.041666666666664
2016-12-30,18.108333333333334,15.866666666666667,367.1666666666667,42.416666666666664,15.579166666666666,15.666666666666666,,,,60.25,33.541666666666664
2016-12-31,27.425,21.025000000000002,313.5416666666667,36.762499999999996,9.166666666666666,13.875,,,,63.458333333333336,36.833333333333336
2017-01-01,23.037499999999998,15.883333333333333,200.91666666666666,30.870833333333334,1.3416666666666668,10.583333333333334,,,,67.41666666666667,41.833333333333336
2017-01-02,19.320833333333333,16.495833333333334,319.5416666666667,42.800000000000004,0.18333333333333335,8.041666666666666,,,,52.666666666666664,27.833333333333332
2017-01-03,24.09166666666667,22.337500000000002,248.5,44.987500000000004,0.024999999999999998,10.208333333333334,,,,70.25,46.875
2017-01-04,35.375,34.737500000000004,131.83333333333334,47.775,0.22083333333333333,4.291666666666667,,,,88.625,61.958333333333336
2017-01-05,11.487499999999999,10.799999999999999,114.16666666666667,29.166666666666668,0.041666666666666664,15.291666666666666,,,,69.79166666666667,44.791666666666664
2017-01-06,11.7125,11.304166666666667,59.5,26.479166666666668,0.041666666666666664,15.833333333333334,,,,42.916666666666664,20.75
2017-01-07,20.829166666666666,18.229166666666668,17.583333333333332,30.71666666666667,0.1375,11.0,,,,54.833333333333336,28.666666666666668
2017-01-08,36.34583333333333,32.770833333333336,30.25,42.525,0.0,4.25,,,,76.41666666666667,52.625
2017-01-09,75.6125,69.44583333333334,4.166666666666667,82.30416666666666,0.4166666666666667,1.875,,,,130.54166666666666,80.95833333333333
2017-01-10,28.016666666666666,25.912499999999998,174.33333333333334,58.78333333333333,0.075,8.375,,,,127.0,79.66666666666667
2017-01-11,29.183333333333334,26.925,196.58333333333334,56.84583333333333,0.5125000000000001,12.666666666666666,,,,76.08333333333333,56.708333333333336
2017-01-12,29.90416666666667,28.883333333333336,289.2916666666667,53.666666666666664,0.30416666666666664,8.75,,,,94.45833333333333,66.33333333333333
2017-01-13,31.9375,29.808333333333334,372.625,57.8125,1.075,3.375,,,,74.45833333333333,51.958333333333336
2017-01-14,24.6375,22.8625,290.125,45.39166666666667,1.9416666666666667,17.875,,,,90.375,64.625
2017-01-15,12.191666666666668,10.754166666666668,222.04166666666666,39.06666666666667,3.5666666666666664,30.125,,,,56.75,33.0
2017-01-16,35.854166666666664,32.925000000000004,414.7083333333333,57.05416666666667,0.8083333333333332,2.4166666666666665,,,,66.5,42.75
2017-01-17,36.17916666666667,32.24166666666667,155.375,58.862500000000004,0.3125,5.041666666666667,,,,94.33333333333333,66.45833333333333
2017-01-18,23.599999999999998,21.366666666666664,177.58333333333334,44.0625,0.30416666666666664,15.083333333333334,,,,86.25,62.208333333333336
2017-01-19,17.145833333333332,16.412499999999998,114.625,29.129166666666666,0.9041666666666667,32.791666666666664,,,,63.125,36.583333333333336
2017-01-20,13.125,12.299999999999999,144.625,30.45,1.4625000000000001,33.458333333333336,,,,55.625,29.291666666666668
2017-01-21,9.616666666666667,9.2125,173.0,35.300000000000004,0.8916666666666666,38.25,,,,47.416666666666664,22.791666666666668
2017-01-22,8.616666666666667,7.891666666666667,215.58333333333334,29.583333333333332,0.7708333333333334,40.5,,,,34.75,17.791666666666668
2017-01-23,17.4875,16.625,161.54166666666666,46.12916666666666,0.6333333333333334,13.166666666666666,,,,48.5,28.791666666666668
2017-01-24,10.691666666666668,10.108333333333333,128.125,30.666666666666668,0.5416666666666666,24.916666666666668,,,,51.375,26.333333333333332
2017-01-25,9.6,9.4125,98.16666666666667,25.695833333333336,0.6541666666666667,27.5,,,,35.708333333333336,17.583333333333332
2017-01-26,28.516666666666666,26.891666666666666,66.375,48.36666666666667,0.26666666666666666,13.583333333333334,,,,65.08333333333333,42.416666666666664
2017-01-27,16.175,15.487499999999999,90.79166666666667,40.166666666666664,0.21666666666666667,19.458333333333332,,,,66.5,43.416666666666664
2017-01-28,25.108333333333334,22.495833333333334,5.291666666666667,45.824999999999996,0.012499999999999999,13.458333333333334,,,,63.583333333333336,37.333333333333336
2017-01-29,35.137499999999996,32.35,100.58333333333333,57.67916666666667,0.07083333333333333,4.666666666666667,,,,84.33333333333333,61.541666666666664
2017-01-30,25.9375,24.087500000000002,182.91666666666666,45.69166666666666,0.5583333333333333,19.5,,,,86.20833333333333,63.208333333333336
2017-01-31,23.724999999999998,22.625,213.20833333333334,43.375,0.37083333333333335,26.541666666666668,,,,71.45833333333333,48.375
2017-02-01,18.854166666666668,17.191666666666666,230.41666666666666,34.65833333333333,0.03333333333333333,30.75,,,,70.79166666666667,47.5
2017-02-02,31.341666666666665,25.875,48.041666666666664,51.637499999999996,0.2708333333333333,23.166666666666668,,,,59.0,33.541666666666664
2017-02-03,87.47916666666667,75.3625,12.166666666666666,98.3875,0.23333333333333336,2.25,,,,140.04166666666666,86.625
2017-02-04,40.766666666666666,38.36666666666667,8.833333333333334,59.074999999999996,0.16666666666666666,8.416666666666666,,,,140.41666666666666,84.25
2017-02-05,22.09583333333333,20.6375,92.04166666666667,44.675000000000004,0.39999999999999997,19.708333333333332,,,,83.66666666666667,59.166666666666664
2017-02-06,18.920833333333334,17.958333333333332,184.125,37.71666666666667,0.19583333333333333,20.958333333333332,,,,66.08333333333333,39.625
2017-02-07,21.895833333333332,21.029166666666665,77.66666666666667,44.88333333333333,0.5708333333333333,16.75,,,,63.583333333333336,36.791666666666664
2017-02-08,24.879166666666666,23.570833333333336,119.91666666666667,53.40416666666667,0.9375,13.958333333333334,,,,72.875,51.25
2017-02-09,20.400000000000002,19.520833333333332,125.79166666666667,44.770833333333336,0.23750000000000002,19.291666666666668,,,,73.375,52.0
2017-02-10,13.424999999999999,12.933333333333332,127.45833333333333,36.5875,0.7541666666666668,33.291666666666664,,,,57.791666666666664,31.333333333333332
2017-02-11,10.950000000000001,9.975,97.25,33.07083333333333,0.85,34.75,,,,47.208333333333336,22.833333333333332
2017-02-12,17.599999999999998,16.245833333333334,135.79166666666666,39.5375,0.8958333333333334,34.083333333333336,,,,49.166666666666664,24.458333333333332
2017-02-13,21.516666666666666,19.9875,167.91666666666666,48.574999999999996,0.8250000000000001,25.083333333333332,,,,68.125,43.583333333333336
2017-02-14,6.804166666666667,5.445833333333333,146.0,19.670833333333334,0.33749999999999997,54.166666666666664,,,,44.958333333333336,28.291666666666668
2017-02-15,8.745833333333334,7.570833333333333,78.5,22.854166666666668,0.4583333333333333,56.166666666666664,,,,28.0,22.75
2017-02-16,43.8375,38.641666666666666,53.25,76.99166666666666,1.7208333333333332,14.625,,,,65.83333333333333,45.916666666666664
2017-02-17,27.358333333333334,25.004166666666666,237.04166666666666,53.65416666666667,0.38333333333333336,20.583333333333332,,,,94.95833333333333,65.25
2017-02-18,16.204166666666666,14.799999999999999,202.0,31.895833333333332,0.45,21.166666666666668,,,,72.08333333333333,50.416666666666664
2017-02-19,10.4625,9.9375,250.54166666666666,30.412499999999998,1.0875,41.791666666666664,,,,47.625,23.25
2017-02-20,18.758333333333333,16.520833333333332,357.0,23.979166666666668,1.4541666666666666,40.375,,,,49.625,24.75
2017-02-21,10.0,9.25,418.6666666666667,34.4625,0.9041666666666667,27.25,,,,53.541666666666664,28.875
2017-02-22,16.441666666666666,15.174999999999999,166.54166666666666,43.10833333333333,0.6083333333333333,20.5,,,,44.166666666666664,23.166666666666668
2017-02-23,29.625,26.775000000000002,138.125,60.09583333333333,0.9625,7.625,,,,71.95833333333333,49.791666666666664
2017-02-24,17.5125,15.679166666666667,294.375,50.00416666666666,0.42500000000000004,17.416666666666668,,,,71.16666666666667,48.0
2017-02-25,10.416666666666666,9.3,219.70833333333334,32.09166666666667,0.75,45.916666666666664,,,,47.5,24.5
2017-02-26,11.020833333333334,10.125,216.33333333333334,37.1875,1.1958333333333333,40.75,,,,41.333333333333336,22.291666666666668
2017-02-27,15.504166666666668,14.174999999999999,368.7083333333333,44.04583333333333,0.8416666666666667,17.041666666666668,,,,47.333333333333336,23.625
2017-02-28,42.9125,40.125,221.04166666666666,73.99166666666666,0.15416666666666667,7.875,,,,86.125,56.041666666666664
2017-03-01,32.92916666666667,29.3,160.04166666666666,54.35,2.2666666666666666,19.041666666666668,,,,95.625,66.54166666666667
2017-03-02,34.1625,28.979166666666668,140.29166666666666,54.69583333333333,1.7750000000000001,16.458333333333332,,,,86.0,63.0
2017-03-03,25.916666666666668,22.483333333333334,326.0833333333333,57.15,0.3958333333333333,13.541666666666666,,,,82.875,61.625
2017-03-04,22.400000000000002,19.829166666666666,365.2916666666667,42.98333333333333,1.6041666666666667,27.666666666666668,,,,65.33333333333333,39.333333333333336
2017-03-05,28.5625,24.837500000000002,114.125,52.5875,1.3916666666666666,16.041666666666668,,,,69.5,44.458333333333336
2017-03-06,21.270833333333332,18.833333333333332,24.0,48.020833333333336,0.13749999999999998,16.208333333333332,,,,80.33333333333333,59.458333333333336
2017-03-07,20.941666666666666,18.858333333333334,1.9166666666666667,35.233333333333334,0.20416666666666664,27.291666666666668,,,,57.166666666666664,30.708333333333332
2017-03-08,38.145833333333336,33.37916666666667,6.208333333333333,52.6875,0.1708333333333333,9.791666666666666,,,,77.83333333333333,55.125
2017-03-09,42.645833333333336,37.84166666666667,38.083333333333336,62.94166666666666,0.05833333333333333,6.875,,,,109.95833333333333,71.54166666666667
2017-03-10,22.945833333333336,21.224999999999998,91.45833333333333,49.80416666666667,0.19999999999999998,15.666666666666666,,,,84.45833333333333,59.375
2017-03-11,44.65,38.55,97.95833333333333,60.19166666666666,0.11666666666666665,7.083333333333333,,,,79.875,54.5
2017-03-12,55.199999999999996,45.44166666666666,115.33333333333333,62.88333333333333,0.5166666666666667,6.75,,,,124.125,76.20833333333333
2017-03-13,78.625,70.72916666666667,35.708333333333336,97.09583333333335,1.05,4.125,,,,143.95833333333334,84.5
2017-03-14,66.35416666666667,57.699999999999996,3.5,79.14166666666667,0.2541666666666667,10.291666666666666,,,,155.16666666666666,92.25
2017-03-15,56.39166666666667,44.574999999999996,149.41666666666666,56.67083333333333,0.6583333333333333,18.083333333333332,,,,145.0,83.04166666666667
2017-03-16,42.3375,37.7875,113.79166666666667,67.53333333333333,1.0208333333333333,12.541666666666666,,,,102.45833333333333,69.125
2017-03-17,49.85833333333333,41.65416666666667,62.833333333333336,69.35833333333333,0.3625,10.375,,,,124.08333333333333,76.04166666666667
2017-03-18,30.90416666666667,25.95,45.333333333333336,49.262499999999996,0.08333333333333333,25.583333333333332,,,,97.0,67.0
2017-03-19,29.366666666666664,26.212500000000002,103.20833333333333,46.387499999999996,1.6041666666666667,27.041666666666668,,,,74.95833333333333,54.708333333333336
2017-03-20,35.06666666666667,31.775000000000002,19.583333333333332,61.65416666666667,0.25833333333333336,7.75,,,,86.45833333333333,63.291666666666664
2017-03-21,33.604166666666664,30.229166666666668,53.5,60.35,0.31666666666666665,16.125,,,,92.54166666666667,65.5
2017-03-22,27.28333333333333,24.070833333333336,174.29166666666666,59.63333333333333,0.775,17.583333333333332,,,,81.66666666666667,61.375
2017-03-23,18.979166666666668,15.883333333333333,271.9166666666667,46.44166666666666,0.9791666666666666,37.458333333333336,,,,68.08333333333333,43.666666666666664
2017-03-24,24.241666666666664,20.658333333333335,190.54166666666666,58.862500000000004,0.8250000000000001,26.458333333333332,,,,64.70833333333333,38.416666666666664
2017-03-25,13.529166666666667,11.791666666666666,193.375,38.25,0.43333333333333335,51.083333333333336,,,,57.166666666666664,32.625
2017-03-26,17.537499999999998,14.954166666666666,202.45833333333334,47.25,0.3833333333333333,45.833333333333336,,,,56.25,32.25
2017-03-27,8.358333333333333,6.295833333333333,147.08333333333334,24.979166666666668,0.3458333333333334,64.29166666666667,,,,39.916666666666664,27.916666666666668
2017-03-28,9.266666666666667,7.858333333333333,116.54166666666667,30.4875,0.5375,53.291666666666664,,,,31.625,23.583333333333332
2017-03-29,13.4375,10.808333333333332,155.5,37.4375,0.65,51.25,,,,34.083333333333336,27.166666666666668
2017-03-30,16.004166666666666,13.345833333333333,133.08333333333334,44.81666666666666,0.5791666666666667,43.5,,,,53.916666666666664,30.583333333333332
2017-03-31,20.783333333333335,17.537499999999998,122.125,62.37916666666667,1.0416666666666667,28.791666666666668,,,,55.916666666666664,32.458333333333336
2017-04-01,21.77916666666667,18.529166666666665,84.75,55.52916666666667,0.24166666666666667,39.208333333333336,,,,62.958333333333336,36.5
2017-04-02,20.208333333333332,17.508333333333333,165.79166666666666,36.141666666666666,0.25833333333333336,45.791666666666664,,,,59.0,32.333333333333336
2017-04-03,34.229166666666664,31.429166666666664,61.083333333333336,64.07083333333334,0.26666666666666666,19.125,,,,89.79166666666667,61.75
2017-04-04,23.758333333333336,21.283333333333335,3.5416666666666665,58.2125,0.24166666666666667,22.541666666666668,,,,68.625,43.666666666666664
2017-04-05,19.266666666666666,16.620833333333334,71.75,45.083333333333336,0.13749999999999998,35.833333333333336,,,,68.95833333333333,44.583333333333336
2017-04-06,22.8,20.175,127.95833333333333,46.61666666666667,1.0541666666666667,40.75,,,,60.875,34.25
2017-04-07,38.62916666666667,34.52916666666667,187.33333333333334,71.02916666666667,1.0958333333333334,10.916666666666666,,,,80.375,56.583333333333336
2017-04-08,29.125,24.616666666666664,103.58333333333333,52.79583333333333,0.22916666666666666,26.708333333333332,,,,94.79166666666667,66.33333333333333
2017-04-09,13.950000000000001,11.629166666666668,206.875,44.60833333333333,0.4083333333333334,43.625,,,,56.416666666666664,36.833333333333336
2017-04-10,17.108333333333334,14.654166666666667,118.25,45.45416666666667,1.1208333333333333,37.083333333333336,,,,53.291666666666664,28.041666666666668
2017-04-11,19.625,17.229166666666668,216.41666666666666,38.0375,1.1166666666666667,49.125,,,,60.25,33.5
2017-04-12,11.033333333333333,8.808333333333334,172.45833333333334,33.6875,0.9833333333333334,46.166666666666664,,,,50.458333333333336,28.125
2017-04-13,11.870833333333332,10.333333333333334,163.75,44.90416666666667,0.6208333333333333,41.875,,,,40.0,23.625
2017-04-14,10.733333333333334,8.875,194.20833333333334,27.791666666666668,0.30416666666666664,48.833333333333336,,,,40.416666666666664,22.708333333333332
2017-04-15,12.329166666666666,10.820833333333333,131.29166666666666,37.020833333333336,0.02916666666666667,52.875,,,,38.666666666666664,27.166666666666668
2017-04-16,23.099999999999998,21.287499999999998,120.45833333333333,65.14166666666667,0.07083333333333333,28.083333333333332,,,,61.208333333333336,39.208333333333336
2017-04-17,12.295833333333334,10.4125,136.95833333333334,40.4625,0.21666666666666667,53.041666666666664,,,,54.833333333333336,33.083333333333336
2017-04-18,15.779166666666667,13.225,98.875,46.56666666666666,0.11666666666666665,39.958333333333336,,,,50.708333333333336,28.208333333333332
2017-04-19,13.454166666666666,11.216666666666667,61.458333333333336,35.791666666666664,0.06666666666666667,57.25,,,,50.541666666666664,28.125
2017-04-20,10.695833333333333,8.029166666666667,73.875,32.25,0.2333333333333333,63.416666666666664,,,,36.833333333333336,28.708333333333332
2017-04-21,13.804166666666667,12.070833333333333,132.25,45.37083333333334,0.9208333333333334,52.208333333333336,,,,47.375,29.583333333333332
2017-04-22,12.195833333333333,10.070833333333333,218.91666666666666,31.683333333333334,1.5791666666666666,56.833333333333336,,,,44.916666666666664,24.416666666666668
2017-04-23,8.845833333333333,6.95,182.41666666666666,27.349999999999998,0.7958333333333334,59.041666666666664,,,,34.625,27.333333333333332
2017-04-24,17.7,15.8375,198.125,51.7125,0.7583333333333333,32.541666666666664,,,,49.625,29.666666666666668
2017-04-25,16.5625,14.220833333333333,142.125,52.458333333333336,0.8375,35.958333333333336,,,,55.625,31.416666666666668
2017-04-26,16.900000000000002,14.0875,81.66666666666667,42.49166666666667,0.7916666666666666,47.833333333333336,,,,54.166666666666664,28.333333333333332
2017-04-27,31.28333333333333,28.325,66.54166666666667,78.85416666666667,0.4708333333333334,23.0,,,,68.16666666666667,47.666666666666664
2017-04-28,14.875,13.470833333333333,6.708333333333333,51.87916666666666,0.0625,45.375,,,,69.5,46.125
2017-04-29,21.795833333333334,18.2375,58.166666666666664,45.574999999999996,1.0041666666666667,42.708333333333336,,,,57.791666666666664,31.375
2017-04-30,26.295833333333334,20.929166666666667,75.0,50.92083333333333,1.0833333333333333,35.75,,,,67.95833333333333,42.041666666666664
2017-05-01,31.516666666666666,22.458333333333332,78.5,56.42916666666667,0.5833333333333334,25.625,,,,71.95833333333333,49.416666666666664
2017-05-02,35.016666666666666,24.366666666666664,80.54166666666667,41.574999999999996,0.041666666666666664,34.166666666666664,,,,73.91666666666667,52.708333333333336
2017-05-03,9.933333333333334,8.370833333333334,124.04166666666667,26.395833333333332,0.05833333333333334,64.33333333333333,,,,56.125,37.125
2017-05-04,11.279166666666667,8.991666666666667,86.29166666666667,30.912499999999998,0.08333333333333333,46.625,,,,37.125,22.833333333333332
2017-05-05,14.983333333333334,12.341666666666667,131.45833333333334,42.699999999999996,0.47500000000000003,42.375,,,,48.75,26.875
2017-05-06,9.2125,7.2250000000000005,166.375,25.979166666666668,0.6666666666666666,54.208333333333336,,,,35.708333333333336,24.25
2017-05-07,18.633333333333333,13.475,34.875,50.975,0.0375,39.458333333333336,,,,34.916666666666664,27.041666666666668
2017-05-08,10.254166666666666,8.6875,17.541666666666668,41.737500000000004,0.05416666666666667,45.666666666666664,,,,52.541666666666664,27.916666666666668
2017-05-09,10.666666666666666,9.058333333333334,65.29166666666667,34.354166666666664,0.2708333333333333,51.041666666666664,,,,29.166666666666668,24.208333333333332
2017-05-10,18.858333333333334,16.258333333333333,96.375,46.67916666666667,0.5583333333333333,29.541666666666668,,,,57.708333333333336,33.166666666666664
2017-05-11,12.954166666666666,11.604166666666666,144.75,45.729166666666664,0.625,34.208333333333336,,,,48.291666666666664,27.708333333333332
2017-05-12,12.174999999999999,10.670833333333334,134.16666666666666,38.137499999999996,0.19999999999999998,42.875,,,,47.0,26.041666666666668
2017-05-13,16.716666666666665,14.783333333333333,162.29166666666666,44.9625,0.09583333333333333,39.5,,,,51.916666666666664,29.041666666666668
2017-05-14,15.441666666666668,13.554166666666667,78.75,41.90833333333333,0.17916666666666667,49.375,,,,57.041666666666664,31.625
2017-05-15,15.395833333333334,13.333333333333334,129.79166666666666,51.44166666666666,0.4583333333333333,47.625,,,,51.583333333333336,29.625
2017-05-16,10.183333333333334,8.825000000000001,83.58333333333333,32.90833333333333,0.7666666666666666,55.583333333333336,,,,44.041666666666664,24.416666666666668
2017-05-17,8.991666666666667,7.358333333333333,92.125,25.916666666666668,0.1125,57.708333333333336,,,,31.0,23.208333333333332
2017-05-18,18.970833333333335,16.054166666666667,40.208333333333336,36.40416666666667,0.25,51.291666666666664,,,,45.083333333333336,24.166666666666668
2017-05-19,27.320833333333336,23.5,96.91666666666667,51.8375,0.1875,34.958333333333336,,,,65.375,38.833333333333336
2017-05-20,26.3125,22.108333333333334,26.416666666666668,55.324999999999996,0.1125,38.083333333333336,,,,81.875,61.0
2017-05-21,10.120833333333334,8.25,47.833333333333336,30.97083333333333,0.12916666666666668,46.083333333333336,,,,49.875,28.416666666666668
2017-05-22,15.266666666666666,11.045833333333334,10.291666666666666,34.137499999999996,0.425,49.791666666666664,,,,33.625,24.208333333333332
2017-05-23,26.4875,22.004166666666666,102.29166666666667,62.19583333333333,0.9833333333333334,29.333333333333332,,,,65.45833333333333,44.041666666666664
2017-05-24,18.954166666666666,16.087500000000002,167.95833333333334,56.49583333333334,1.0458333333333334,35.75,,,,61.958333333333336,36.0
2017-05-25,12.991666666666667,10.654166666666667,190.91666666666666,38.9,0.6749999999999999,51.333333333333336,,,,53.125,29.166666666666668
2017-05-26,14.299999999999999,12.429166666666667,114.08333333333333,43.012499999999996,0.7166666666666667,37.166666666666664,,,,49.458333333333336,25.958333333333332
2017-05-27,9.720833333333333,7.941666666666666,75.58333333333333,28.304166666666664,0.5583333333333333,43.333333333333336,,,,39.291666666666664,23.458333333333332
2017-05-28,16.704166666666666,14.545833333333334,27.375,43.50416666666666,0.2625,34.916666666666664,,,,46.625,27.416666666666668
2017-05-29,12.958333333333334,11.120833333333332,167.33333333333334,30.833333333333332,1.0,53.916666666666664,,,,50.5,26.208333333333332
2017-05-30,11.200000000000001,10.0875,151.25,31.891666666666666,0.2791666666666667,50.416666666666664,,,,45.75,25.208333333333332
2017-05-31,14.608333333333334,13.520833333333334,186.95833333333334,50.479166666666664,0.7208333333333333,38.333333333333336,,,,48.208333333333336,25.625
2017-06-01,8.620833333333334,7.329166666666667,180.58333333333334,25.945833333333336,0.9708333333333333,51.375,,,,41.541666666666664,23.25
2017-06-02,7.141666666666667,5.9624999999999995,163.75,25.45,0.9666666666666667,48.541666666666664,,,,28.041666666666668,21.208333333333332
2017-06-03,6.804166666666667,5.641666666666667,146.45833333333334,26.15416666666667,0.46249999999999997,48.666666666666664,,,,25.083333333333332,20.5
2017-06-04,7.820833333333333,6.608333333333333,141.875,28.079166666666666,0.4375,43.208333333333336,,,,26.416666666666668,22.541666666666668
2017-06-05,17.054166666666667,15.612499999999999,166.54166666666666,54.18333333333334,1.7291666666666667,25.166666666666668,,,,46.375,28.0
2017-06-06,12.537500000000001,11.029166666666667,70.83333333333333,32.895833333333336,0.4458333333333333,50.625,,,,46.833333333333336,28.166666666666668
2017-06-07,16.974999999999998,15.370833333333332,76.70833333333333,42.70416666666667,0.10833333333333334,39.291666666666664,,,,56.583333333333336,31.208333333333332
2017-06-08,16.791666666666668,13.841666666666667,78.95833333333333,44.0,0.6041666666666666,38.0,,,,56.333333333333336,30.0
2017-06-09,12.637500000000001,10.508333333333333,4.958333333333333,38.00833333333333,0.2041666666666667,42.666666666666664,,,,42.25,25.125
2017-06-10,20.608333333333334,17.75,83.0,55.90833333333333,0.05416666666666667,26.958333333333332,,,,55.458333333333336,29.833333333333332
2017-06-11,17.625,15.8125,18.0,51.44583333333333,0.2625,43.666666666666664,,,,61.75,35.375
2017-06-12,14.845833333333333,14.045833333333334,108.29166666666667,41.62083333333333,0.8708333333333332,34.875,,,,57.166666666666664,31.0
2017-06-13,11.033333333333333,9.966666666666667,224.70833333333334,36.949999999999996,1.4708333333333332,35.916666666666664,,,,48.791666666666664,24.541666666666668
2017-06-14,7.5375000000000005,6.845833333333334,165.95833333333334,24.983333333333334,1.2,39.666666666666664,,,,32.375,17.708333333333332
2017-06-15,7.358333333333333,6.229166666666667,75.33333333333333,28.34583333333333,0.2333333333333333,39.958333333333336,,,,25.375,17.541666666666668
2017-06-16,10.387500000000001,9.004166666666666,53.25,30.349999999999998,0.020833333333333332,41.0,,,,30.5,18.791666666666668
2017-06-17,11.191666666666668,9.529166666666667,78.0,30.974999999999998,0.020833333333333332,38.916666666666664,,,,42.208333333333336,22.708333333333332
2017-06-18,12.170833333333334,11.1625,27.5,34.9125,0.049999999999999996,39.25,,,,41.666666666666664,24.333333333333332
2017-06-19,9.995833333333334,9.383333333333333,129.91666666666666,35.34583333333333,0.875,39.291666666666664,,,,45.333333333333336,23.791666666666668
2017-06-20,9.35,7.5125,102.625,28.633333333333336,0.5750000000000001,47.958333333333336,,,,33.541666666666664,21.958333333333332
2017-06-21,6.045833333333333,4.954166666666667,107.41666666666667,19.25,0.22083333333333333,52.041666666666664,,,,27.583333333333332,21.333333333333332
2017-06-22,7.445833333333333,6.1625000000000005,126.54166666666667,28.912499999999998,0.3458333333333334,41.958333333333336,,,,22.125,19.041666666666668
2017-06-23,10.166666666666666,8.591666666666667,92.20833333333333,34.391666666666666,0.225,34.791666666666664,,,,30.166666666666668,20.875
2017-06-24,15.291666666666666,13.804166666666667,51.416666666666664,39.641666666666666,0.09166666666666667,30.083333333333332,,,,46.875,24.5
2017-06-25,18.70416666666667,17.337500000000002,92.79166666666667,47.6625,0.12083333333333333,26.708333333333332,,,,63.041666666666664,37.375
2017-06-26,10.904166666666667,9.933333333333334,149.29166666666666,35.920833333333334,0.4375,35.541666666666664,,,,44.375,23.75
2017-06-27,10.012500000000001,7.4375,87.16666666666667,27.4375,0.9,43.458333333333336,,,,37.833333333333336,22.208333333333332
2017-06-28,11.529166666666667,8.629166666666666,73.58333333333333,33.104166666666664,0.7125,45.208333333333336,,,,31.708333333333332,23.375
2017-06-29,16.599999999999998,14.966666666666667,31.291666666666668,51.92916666666667,0.08333333333333333,30.333333333333332,,,,50.583333333333336,29.0
2017-06-30,16.6125,14.237499999999999,117.08333333333333,43.3375,0.65,44.291666666666664,,,,53.041666666666664,27.833333333333332
2017-07-01,11.145833333333334,10.095833333333333,144.0,31.4375,0.5333333333333333,51.25,,,,50.208333333333336,28.916666666666668
2017-07-02,17.9875,16.579166666666666,29.083333333333332,44.1,0.4791666666666667,21.416666666666668,,,,53.25,30.0
2017-07-03,19.816666666666666,17.8,58.375,48.112500000000004,0.5875,18.458333333333332,,,,62.708333333333336,36.0
2017-07-04,12.204166666666666,11.204166666666666,69.95833333333333,35.55416666666667,0.7541666666666668,22.5,,,,52.166666666666664,27.125
2017-07-05,13.008333333333333,11.7125,84.20833333333333,38.49166666666667,0.7041666666666666,34.75,,,,50.5,25.416666666666668
2017-07-06,6.866666666666667,6.370833333333334,142.58333333333334,22.974999999999998,0.5458333333333333,39.166666666666664,,,,33.208333333333336,19.958333333333332
2017-07-07,7.354166666666667,6.591666666666666,113.33333333333333,23.695833333333336,0.3458333333333334,35.458333333333336,,,,28.458333333333332,16.708333333333332
2017-07-08,5.904166666666666,4.929166666666666,61.583333333333336,22.454166666666666,0.17500000000000002,32.666666666666664,,,,22.416666666666668,13.958333333333334
2017-07-09,7.241666666666667,6.441666666666666,51.625,27.1125,0.075,30.583333333333332,,,,24.0,15.666666666666666
2017-07-10,8.633333333333333,7.533333333333334,68.45833333333333,26.275000000000002,0.04583333333333334,42.041666666666664,,,,28.25,20.875
2017-07-11,16.441666666666666,14.804166666666667,70.41666666666667,47.770833333333336,0.20833333333333334,35.708333333333336,,,,44.125,27.0
2017-07-12,13.916666666666666,12.450000000000001,146.20833333333334,43.52916666666667,0.05833333333333333,43.416666666666664,,,,56.541666666666664,30.375
2017-07-13,15.700000000000001,13.991666666666667,147.29166666666666,48.987500000000004,0.35000000000000003,35.958333333333336,,,,50.166666666666664,25.25
2017-07-14,16.4375,14.674999999999999,153.20833333333334,47.75416666666666,0.4708333333333334,37.291666666666664,,,,54.875,28.833333333333332
2017-07-15,18.616666666666667,16.170833333333334,154.0,49.77916666666667,0.2625,44.291666666666664,,,,57.25,31.375
2017-07-16,13.616666666666667,12.679166666666667,51.833333333333336,38.795833333333334,0.24583333333333335,35.375,,,,57.333333333333336,31.166666666666668
2017-07-17,10.579166666666667,9.5625,75.83333333333333,36.770833333333336,0.23750000000000002,27.166666666666668,,,,43.375,22.375
2017-07-18,13.204166666666666,12.049999999999999,186.54166666666666,38.17916666666667,0.6208333333333333,31.125,,,,45.583333333333336,24.25
2017-07-19,15.424999999999999,10.987499999999999,136.95833333333334,35.36666666666667,0.9916666666666667,31.333333333333332,,,,46.666666666666664,23.666666666666668
2017-07-20,20.254166666666666,16.045833333333334,125.91666666666667,45.449999999999996,0.6916666666666668,25.708333333333332,,,,54.416666666666664,28.875
2017-07-21,15.745833333333335,13.525,137.29166666666666,43.395833333333336,0.2791666666666667,32.541666666666664,,,,56.666666666666664,30.333333333333332
2017-07-22,20.379166666666666,19.1875,47.833333333333336,55.35833333333333,0.5083333333333333,15.958333333333334,,,,55.875,29.583333333333332
2017-07-23,12.174999999999999,10.674999999999999,83.125,33.65416666666667,0.0375,28.625,,,,59.333333333333336,33.125
2017-07-24,11.966666666666667,10.833333333333334,98.08333333333333,38.52916666666667,0.020833333333333332,29.416666666666668,,,,41.625,23.291666666666668
2017-07-25,21.691666666666666,19.191666666666666,48.416666666666664,53.05416666666667,0.049999999999999996,25.541666666666668,,,,53.541666666666664,30.25
2017-07-26,19.629166666666666,19.0625,44.875,53.99166666666667,0.32916666666666666,38.666666666666664,,,,70.125,46.0
2017-07-27,15.5875,14.241666666666667,138.875,44.583333333333336,0.2333333333333333,48.75,,,,57.75,31.833333333333332
2017-07-28,27.1125,23.429166666666664,236.29166666666666,67.48333333333333,0.1708333333333333,31.916666666666668,,,,64.16666666666667,38.875
2017-07-29,19.954166666666666,17.679166666666667,226.58333333333334,46.51666666666667,0.19583333333333333,52.75,,,,69.45833333333333,45.166666666666664
2017-07-30,22.241666666666664,20.745833333333334,159.0,50.89166666666667,0.07083333333333333,31.125,,,,63.958333333333336,37.208333333333336
2017-07-31,9.566666666666666,8.291666666666666,104.08333333333333,27.191666666666666,0.05416666666666667,51.333333333333336,,,,53.708333333333336,32.375
2017-08-01,14.6,12.383333333333333,143.125,36.733333333333334,0.4916666666666667,36.291666666666664,,,,45.916666666666664,25.0
2017-08-02,16.020833333333332,13.654166666666667,143.125,42.85833333333333,1.25,42.333333333333336,,,,51.416666666666664,26.791666666666668
2017-08-03,12.9625,11.079166666666666,227.54166666666666,33.31666666666667,0.7000000000000001,54.333333333333336,,,,49.375,26.0
2017-08-04,17.675,15.345833333333333,153.75,52.074999999999996,1.0083333333333333,29.166666666666668,,,,53.5,29.041666666666668
2017-08-05,11.4,9.737499999999999,218.125,29.983333333333334,1.8499999999999999,50.583333333333336,,,,49.666666666666664,27.708333333333332
2017-08-06,13.404166666666667,10.4625,167.45833333333334,38.045833333333334,1.9833333333333334,40.0,,,,40.083333333333336,26.541666666666668
2017-08-07,13.049999999999999,11.966666666666667,145.875,47.324999999999996,1.4041666666666668,34.291666666666664,,,,50.458333333333336,29.0
2017-08-08,11.166666666666666,9.366666666666667,134.375,34.420833333333334,0.75,35.833333333333336,,,,40.625,22.416666666666668
2017-08-09,13.816666666666668,11.354166666666666,62.375,36.475,0.24583333333333335,37.541666666666664,,,,42.541666666666664,23.875
2017-08-10,24.97083333333333,22.354166666666668,53.291666666666664,51.708333333333336,0.45416666666666666,37.541666666666664,,,,63.541666666666664,38.291666666666664
2017-08-11,14.387500000000001,13.083333333333334,106.375,46.49166666666667,0.45416666666666666,38.875,,,,58.708333333333336,33.083333333333336
2017-08-12,19.504166666666666,16.633333333333333,111.91666666666667,52.1875,0.12916666666666668,45.958333333333336,,,,54.916666666666664,30.375
2017-08-13,22.383333333333336,20.504166666666666,105.125,56.1,0.17083333333333336,45.416666666666664,,,,67.625,42.666666666666664
2017-08-14,19.8875,18.1125,148.41666666666666,51.225,0.7999999999999999,42.166666666666664,,,,64.79166666666667,38.083333333333336
2017-08-15,9.483333333333333,8.358333333333333,77.70833333333333,27.4875,0.55,42.625,,,,49.083333333333336,27.25
2017-08-16,14.612499999999999,12.387500000000001,81.45833333333333,42.36666666666667,0.5375,32.25,,,,40.625,23.833333333333332
2017-08-17,21.879166666666666,19.4875,57.416666666666664,57.14166666666667,0.25416666666666665,35.25,,,,58.166666666666664,32.125
2017-08-18,23.491666666666664,20.441666666666666,112.08333333333333,61.5,0.6,29.916666666666668,,,,68.25,42.666666666666664
2017-08-19,22.224999999999998,19.916666666666668,113.5,62.69166666666666,0.7208333333333333,30.083333333333332,,,,66.79166666666667,39.916666666666664
2017-08-20,23.620833333333334,20.991666666666667,85.33333333333333,58.958333333333336,0.9208333333333334,32.875,,,,67.66666666666667,42.083333333333336
2017-08-21,23.458333333333332,21.3,72.375,63.387499999999996,0.5375,33.0,,,,71.91666666666667,49.125
2017-08-22,18.004166666666666,17.337500000000002,31.875,47.291666666666664,0.5083333333333334,40.416666666666664,,,,65.5,38.75
2017-08-23,15.575000000000001,14.65,71.41666666666667,38.895833333333336,0.4041666666666666,43.75,,,,56.625,30.166666666666668
2017-08-24,9.279166666666667,8.0,218.125,32.2125,0.9125000000000001,42.875,,,,47.041666666666664,25.041666666666668
2017-08-25,9.6,8.112499999999999,191.66666666666666,35.862500000000004,0.27499999999999997,28.083333333333332,,,,31.958333333333332,18.541666666666668
2017-08-26,11.4,9.8125,209.75,35.13333333333333,0.7833333333333333,29.416666666666668,,,,39.916666666666664,21.75
2017-08-27,11.129166666666668,10.120833333333334,141.95833333333334,36.57083333333333,0.3958333333333333,33.75,,,,36.75,24.166666666666668
2017-08-28,17.608333333333334,16.091666666666665,95.83333333333333,52.23333333333333,0.5833333333333334,19.541666666666668,,,,59.416666666666664,35.541666666666664
2017-08-29,8.325000000000001,7.608333333333333,62.375,25.2625,0.5125000000000001,33.625,,,,36.5,20.0
2017-08-30,16.341666666666665,13.429166666666667,29.416666666666668,40.4625,0.4166666666666667,33.541666666666664,,,,38.291666666666664,21.958333333333332
2017-08-31,24.912499999999998,21.65833333333333,42.833333333333336,64.93333333333334,0.5416666666666666,19.166666666666668,,,,67.66666666666667,45.291666666666664
2017-09-01,36.55833333333333,30.65833333333333,66.16666666666667,74.92916666666666,0.45,14.916666666666666,,,,73.95833333333333,51.0
2017-09-02,26.166666666666668,23.34583333333333,82.04166666666667,46.31666666666666,0.47500000000000003,41.916666666666664,,,,90.41666666666667,64.75
2017-09-03,13.741666666666667,11.6875,180.625,33.59583333333333,1.0666666666666667,35.625,,,,56.791666666666664,30.958333333333332
2017-09-04,15.083333333333334,12.458333333333334,103.58333333333333,41.68333333333333,1.6291666666666667,22.958333333333332,,,,51.291666666666664,25.375
2017-09-05,10.029166666666667,9.012500000000001,118.29166666666667,32.829166666666666,0.6416666666666667,25.291666666666668,,,,42.916666666666664,20.625
2017-09-06,12.770833333333334,11.529166666666667,72.66666666666667,36.979166666666664,0.22916666666666666,22.041666666666668,,,,39.541666666666664,20.5
2017-09-07,27.295833333333334,23.46666666666667,110.0,54.520833333333336,0.44166666666666665,8.791666666666666,,,,64.125,39.541666666666664
2017-09-08,13.362499999999999,11.987499999999999,198.95833333333334,42.083333333333336,1.2625,18.708333333333332,,,,60.958333333333336,36.083333333333336
2017-09-09,13.033333333333333,11.654166666666667,150.79166666666666,38.0625,1.6833333333333333,23.791666666666668,,,,45.75,23.75
2017-09-10,25.84583333333333,19.920833333333334,125.04166666666667,51.79583333333333,1.3041666666666667,22.125,,,,60.833333333333336,34.25
2017-09-11,20.566666666666666,18.570833333333333,90.91666666666667,46.40833333333333,0.6208333333333333,33.125,,,,63.333333333333336,36.583333333333336
2017-09-12,28.541666666666668,24.141666666666666,96.70833333333333,59.362500000000004,0.27499999999999997,25.333333333333332,,,,70.04166666666667,46.333333333333336
2017-09-13,24.2375,22.583333333333332,143.45833333333334,48.98333333333333,0.5208333333333334,24.25,,,,76.08333333333333,57.125
2017-09-14,10.916666666666666,9.395833333333334,232.83333333333334,28.829166666666666,2.379166666666667,39.416666666666664,,,,57.041666666666664,31.75
2017-09-15,9.466666666666667,8.379166666666666,146.29166666666666,31.55,2.4791666666666665,42.75,,,,37.75,20.5
2017-09-16,11.058333333333332,9.2875,243.375,31.004166666666666,4.254166666666666,30.958333333333332,,,,33.958333333333336,18.833333333333332
2017-09-17,22.8,18.5,186.5,54.729166666666664,1.6416666666666666,10.708333333333334,,,,51.583333333333336,28.333333333333332
2017-09-18,20.083333333333332,17.979166666666668,162.375,48.29583333333333,0.6875,26.583333333333332,,,,66.08333333333333,39.458333333333336
2017-09-19,7.541666666666667,6.741666666666667,174.41666666666666,27.1875,1.5083333333333335,42.75,,,,46.333333333333336,25.0
2017-09-20,23.650000000000002,21.42916666666667,213.95833333333334,52.42083333333333,1.9416666666666667,13.5,,,,42.958333333333336,26.375
2017-09-21,18.429166666666667,17.179166666666667,41.25,46.17083333333333,0.2708333333333333,19.125,,,,76.75,56.791666666666664
2017-09-22,10.1625,9.2875,76.0,29.84583333333333,0.13333333333333333,30.916666666666668,,,,44.0,22.708333333333332
2017-09-23,15.179166666666667,13.7875,22.125,42.74166666666667,0.5875,23.208333333333332,,,,45.791666666666664,23.208333333333332
2017-09-24,18.1125,15.9125,38.458333333333336,41.03333333333333,0.1875,21.916666666666668,,,,59.708333333333336,33.083333333333336
2017-09-25,24.004166666666666,20.933333333333334,26.791666666666668,55.208333333333336,0.42083333333333334,17.041666666666668,,,,61.666666666666664,35.041666666666664
2017-09-26,15.1875,12.6,34.5,39.520833333333336,0.225,22.083333333333332,,,,60.666666666666664,34.625
2017-09-27,20.058333333333334,17.708333333333332,24.458333333333332,55.15416666666667,0.525,14.583333333333334,,,,54.083333333333336,28.625
2017-09-28,26.445833333333336,23.09166666666667,53.875,60.77916666666667,0.6833333333333332,9.875,,,,70.66666666666667,47.708333333333336
2017-09-29,17.5,14.516666666666666,57.958333333333336,41.175000000000004,0.37916666666666665,24.458333333333332,,,,64.625,39.375
2017-09-30,11.5,9.733333333333333,116.29166666666667,32.637499999999996,0.19166666666666665,34.041666666666664,,,,48.541666666666664,23.833333333333332
2017-10-01,12.262500000000001,10.720833333333333,138.875,39.925000000000004,0.5666666666666667,24.916666666666668,,,,37.958333333333336,21.041666666666668
2017-10-02,49.74583333333334,41.52916666666667,185.375,78.50833333333334,1.1208333333333333,2.7916666666666665,,,,74.75,49.916666666666664
2017-10-03,26.900000000000002,23.679166666666664,157.04166666666666,53.71666666666667,0.875,13.083333333333334,,,,107.79166666666667,70.58333333333333
2017-10-04,15.070833333333333,13.6625,114.70833333333333,43.37083333333334,1.8125,23.791666666666668,,,,59.208333333333336,33.208333333333336
2017-10-05,10.891666666666666,9.508333333333333,145.875,38.61666666666667,1.1624999999999999,20.875,,,,47.291666666666664,24.0
2017-10-06,18.245833333333334,16.150000000000002,196.66666666666666,45.520833333333336,0.7708333333333334,9.291666666666666,,,,48.041666666666664,24.291666666666668
2017-10-07,12.866666666666667,11.208333333333334,261.4166666666667,37.38333333333333,2.0625,16.083333333333332,,,,55.75,29.541666666666668
2017-10-08,20.229166666666668,18.212500000000002,302.3333333333333,45.4125,1.7333333333333334,9.875,,,,54.666666666666664,28.625
2017-10-09,22.587500000000002,14.991666666666667,162.625,33.9125,0.37083333333333335,23.208333333333332,,,,58.625,32.083333333333336
2017-10-10,15.358333333333334,14.129166666666668,224.95833333333334,43.75416666666666,2.2708333333333335,15.791666666666666,,,,55.166666666666664,29.416666666666668
2017-10-11,20.625,18.616666666666667,222.5,43.291666666666664,2.9499999999999997,9.25,,,,60.5,33.875
2017-10-12,24.59166666666667,21.900000000000002,172.79166666666666,48.275,0.8833333333333333,6.0,,,,67.04166666666667,40.583333333333336
2017-10-13,15.725,14.383333333333333,260.125,45.675000000000004,0.6791666666666667,6.875,,,,64.54166666666667,38.416666666666664
2017-10-14,11.75,10.554166666666667,140.0,34.55833333333333,0.35000000000000003,15.875,,,,51.958333333333336,26.125
2017-10-15,11.975,10.450000000000001,145.125,34.44583333333333,0.9708333333333333,16.791666666666668,,,,40.75,20.708333333333332
2017-10-16,12.979166666666666,11.141666666666666,161.79166666666666,33.795833333333334,0.8791666666666668,26.333333333333332,,,,37.083333333333336,22.0
2017-10-17,12.183333333333332,10.237499999999999,120.125,37.920833333333334,1.3541666666666667,21.0,,,,52.375,26.75
2017-10-18,17.5625,13.566666666666668,104.375,30.270833333333332,2.2416666666666667,37.541666666666664,,,,45.375,22.25
2017-10-19,10.745833333333332,8.795833333333333,166.33333333333334,35.56666666666667,0.8541666666666666,32.083333333333336,,,,44.0,24.458333333333332
2017-10-20,18.066666666666666,15.829166666666666,155.45833333333334,44.56666666666666,1.0708333333333333,10.25,,,,47.458333333333336,24.5
2017-10-21,15.883333333333333,14.058333333333332,218.375,36.670833333333334,1.3,11.958333333333334,,,,60.166666666666664,33.666666666666664
2017-10-22,15.529166666666667,13.629166666666668,143.0,46.30833333333334,0.29583333333333334,22.958333333333332,,,,52.541666666666664,26.958333333333332
2017-10-23,12.566666666666668,11.479166666666666,146.33333333333334,37.56666666666667,0.225,21.958333333333332,,,,49.291666666666664,24.375
2017-10-24,25.387500000000003,21.84583333333333,7.541666666666667,60.800000000000004,0.10416666666666667,12.875,,,,57.083333333333336,32.083333333333336
2017-10-25,32.025,30.045833333333334,2.7083333333333335,66.65416666666667,0.09999999999999999,6.583333333333333,,,,79.04166666666667,59.625
2017-10-26,28.712500000000002,26.191666666666666,67.79166666666667,52.28333333333333,0.25,9.916666666666666,,,,96.66666666666667,67.04166666666667
2017-10-27,21.283333333333335,19.154166666666665,86.95833333333333,48.07916666666667,0.14583333333333334,7.125,,,,60.541666666666664,34.875
2017-10-28,21.3625,19.8625,115.16666666666667,44.270833333333336,0.23333333333333336,4.916666666666667,,,,70.91666666666667,47.333333333333336
2017-10-29,18.279166666666665,15.829166666666666,210.5,40.68333333333333,0.37916666666666665,5.333333333333333,,,,63.416666666666664,36.458333333333336
2017-10-30,11.691666666666668,10.645833333333334,192.54166666666666,38.84583333333333,1.25,10.625,,,,50.583333333333336,25.25
2017-10-31,8.166666666666666,7.416666666666667,76.79166666666667,31.304166666666664,0.3833333333333333,18.041666666666668,,,,40.416666666666664,19.416666666666668
2017-11-01,7.4375,5.2124999999999995,124.16666666666667,21.787499999999998,0.3833333333333333,48.333333333333336,,,,24.583333333333332,19.375
2017-11-02,21.420833333333334,17.308333333333334,175.66666666666666,51.80416666666667,0.7000000000000001,27.541666666666668,,,,34.125,26.0
2017-11-03,56.11666666666667,48.925000000000004,187.75,91.675,0.5625,3.0416666666666665,,,,104.20833333333333,67.16666666666667
2017-11-04,22.229166666666668,19.158333333333335,291.75,52.9625,0.7541666666666668,10.75,,,,98.875,66.16666666666667
2017-11-05,20.083333333333332,17.633333333333333,189.79166666666666,47.354166666666664,0.5458333333333333,6.583333333333333,,,,60.583333333333336,33.875
2017-11-06,20.891666666666666,19.783333333333335,155.83333333333334,50.84166666666667,0.09166666666666667,7.666666666666667,,,,65.66666666666667,38.833333333333336
2017-11-07,24.704166666666666,22.587500000000002,116.0,42.104166666666664,0.19583333333333333,11.416666666666666,,,,68.04166666666667,42.208333333333336
2017-11-08,26.104166666666668,22.28333333333333,111.25,49.98333333333333,0.19999999999999998,6.583333333333333,,,,70.70833333333333,46.916666666666664
2017-11-09,54.2875,46.75416666666666,96.79166666666667,66.95416666666667,0.075,1.3333333333333333,,,,103.04166666666667,68.0
2017-11-10,25.27916666666667,22.391666666666666,134.54166666666666,52.46666666666667,0.5875,8.708333333333334,,,,102.125,68.16666666666667
2017-11-11,17.724999999999998,16.337500000000002,123.375,38.37083333333333,0.7625000000000001,8.0,,,,63.0,36.666666666666664
2017-11-12,18.375,15.970833333333333,144.29166666666666,41.275,0.7583333333333333,10.458333333333334,,,,56.25,29.875
2017-11-13,28.566666666666666,25.833333333333332,83.875,53.75833333333333,0.06666666666666667,4.666666666666667,,,,70.875,48.708333333333336
2017-11-14,13.833333333333334,12.445833333333333,224.29166666666666,42.84166666666667,0.13333333333333333,12.916666666666666,,,,67.29166666666667,43.458333333333336
2017-11-15,15.941666666666668,13.616666666666667,272.5,40.4125,0.7791666666666667,12.916666666666666,,,,48.791666666666664,23.916666666666668
2017-11-16,10.929166666666667,9.266666666666667,214.5,33.0,0.7041666666666666,22.208333333333332,,,,50.875,25.625
2017-11-17,14.870833333333332,12.033333333333333,141.54166666666666,40.63333333333333,0.44999999999999996,28.333333333333332,,,,37.833333333333336,21.0
2017-11-18,20.95,18.575,264.4583333333333,37.670833333333334,0.37916666666666665,21.875,,,,54.833333333333336,28.666666666666668
2017-11-19,21.974999999999998,19.783333333333335,164.54166666666666,47.895833333333336,0.08750000000000001,2.4166666666666665,,,,69.91666666666667,45.583333333333336
2017-11-20,33.800000000000004,29.354166666666668,242.91666666666666,50.15,0.06666666666666667,3.9166666666666665,,,,66.91666666666667,41.291666666666664
2017-11-21,22.395833333333332,20.008333333333333,170.66666666666666,38.925000000000004,0.024999999999999998,10.0,,,,88.66666666666667,63.5
2017-11-22,12.508333333333333,10.487499999999999,134.20833333333334,27.558333333333334,0.6708333333333334,21.666666666666668,,,,55.083333333333336,28.958333333333332
2017-11-23,9.495833333333334,7.541666666666667,152.58333333333334,26.0125,1.375,29.791666666666668,,,,33.375,16.833333333333332
2017-11-24,38.21666666666667,31.991666666666664,63.25,63.57083333333333,1.2708333333333333,7.958333333333333,,,,56.916666666666664,37.375
2017-11-25,40.86666666666667,37.50833333333333,93.83333333333333,58.79583333333333,0.5666666666666667,1.3333333333333333,,,,107.875,70.875
2017-11-26,27.400000000000002,26.691666666666666,84.45833333333333,51.199999999999996,0.14583333333333334,4.333333333333333,,,,92.41666666666667,65.45833333333333
2017-11-27,24.53333333333333,23.691666666666666,162.54166666666666,50.89166666666667,0.18333333333333332,3.5833333333333335,,,,77.29166666666667,58.583333333333336
2017-11-28,22.629166666666666,21.458333333333332,144.45833333333334,54.975,0.5208333333333334,7.75,,,,70.875,47.125
2017-11-29,25.71666666666667,23.991666666666664,179.29166666666666,52.39166666666667,0.26666666666666666,6.875,,,,74.79166666666667,54.333333333333336
2017-11-30,21.59583333333333,18.033333333333335,57.666666666666664,46.61666666666667,0.14583333333333334,8.958333333333334,,,,68.625,43.625
2017-12-01,13.720833333333333,12.070833333333333,139.875,35.47083333333333,1.0083333333333333,17.958333333333332,,,,60.041666666666664,33.416666666666664
2017-12-02,22.508333333333336,21.016666666666666,330.2916666666667,43.25,0.7583333333333333,7.0,,,,49.625,25.708333333333332
2017-12-03,60.59166666666667,55.854166666666664,226.08333333333334,61.987500000000004,0.6541666666666667,0.4166666666666667,,,,115.33333333333333,71.91666666666667
2017-12-04,30.45,26.9875,110.75,46.487500000000004,0.26666666666666666,1.5833333333333333,,,,123.625,75.95833333333333
2017-12-05,23.766666666666666,22.25,386.2083333333333,44.31666666666666,0.09999999999999999,10.208333333333334,,,,65.70833333333333,40.25
2017-12-06,23.0625,21.708333333333332,261.9166666666667,50.699999999999996,0.425,3.125,,,,76.95833333333333,57.125
2017-12-07,23.8625,22.295833333333334,119.70833333333333,42.12916666666667,1.1166666666666667,3.9583333333333335,,,,68.20833333333333,42.791666666666664
2017-12-08,39.24166666666667,36.199999999999996,26.583333333333332,59.99583333333334,0.225,3.0416666666666665,,,,90.95833333333333,63.375
2017-12-09,32.166666666666664,30.983333333333334,230.5,46.89166666666667,0.625,4.791666666666667,,,,86.5,63.041666666666664
2017-12-10,30.070833333333336,26.7,221.70833333333334,37.84583333333333,5.091666666666667,6.375,,,,95.91666666666667,66.75
2017-12-11,17.670833333333334,15.658333333333333,198.41666666666666,39.6,6.229166666666667,10.375,,,,67.45833333333333,43.083333333333336
2017-12-12,33.59583333333333,31.816666666666666,47.208333333333336,51.77916666666667,0.19166666666666668,7.375,,,,72.91666666666667,48.041666666666664
2017-12-13,24.7,23.037499999999998,102.58333333333333,44.44166666666666,2.470833333333333,2.875,,,,81.125,57.083333333333336
2017-12-14,51.1875,46.42083333333333,36.791666666666664,55.9,0.30416666666666664,0.4166666666666667,,,,100.5,67.625
2017-12-15,38.949999999999996,35.645833333333336,122.29166666666667,55.145833333333336,0.30833333333333335,1.125,,,,121.375,75.25
2017-12-16,21.866666666666664,18.083333333333332,128.25,39.46666666666667,1.8958333333333333,8.291666666666666,,,,80.0,57.958333333333336
2017-12-17,12.9375,10.958333333333334,227.91666666666666,30.8,4.3875,16.333333333333332,,,,50.958333333333336,25.875
2017-12-18,19.912499999999998,17.191666666666666,142.625,40.324999999999996,0.30833333333333335,12.958333333333334,,,,56.916666666666664,30.75
2017-12-19,23.670833333333334,19.970833333333335,226.83333333333334,36.0875,0.17500000000000002,7.833333333333333,,,,55.125,28.791666666666668
2017-12-20,83.6875,73.825,248.66666666666666,65.42083333333333,0.3541666666666667,0.5,,,,105.125,68.25
2017-12-21,68.96666666666667,63.6875,191.58333333333334,70.35833333333333,0.041666666666666664,0.4583333333333333,,,,164.45833333333334,106.375
2017-12-22,29.462500000000002,27.900000000000002,253.5,43.541666666666664,0.5166666666666667,2.5,,,,118.25,74.66666666666667
2017-12-23,24.708333333333332,21.525000000000002,294.2916666666667,41.25416666666667,0.12916666666666668,4.375,,,,78.41666666666667,59.208333333333336
2017-12-24,7.683333333333334,6.704166666666667,179.16666666666666,32.766666666666666,0.3333333333333333,34.166666666666664,,,,52.083333333333336,28.791666666666668
2017-12-25,7.766666666666667,7.204166666666667,127.33333333333333,27.254166666666666,0.49583333333333335,42.541666666666664,,,,24.75,18.041666666666668
2017-12-26,13.862499999999999,11.891666666666666,140.45833333333334,41.75833333333333,1.9166666666666667,20.458333333333332,,,,44.0,23.791666666666668
2017-12-27,26.583333333333332,23.8625,275.0416666666667,42.50416666666667,1.2833333333333334,10.25,,,,56.791666666666664,30.875
2017-12-28,53.75833333333333,48.54583333333333,266.4583333333333,53.34583333333333,0.08750000000000001,0.6666666666666666,,,,101.91666666666667,68.375
2017-12-29,40.141666666666666,31.745833333333334,288.7916666666667,44.09583333333333,6.358333333333333,4.75,,,,118.66666666666667,74.375
2017-12-30,24.420833333333334,20.662499999999998,229.58333333333334,41.84166666666667,3.8541666666666665,14.041666666666666,,,,80.875,59.0
2017-12-31,29.179166666666664,26.191666666666666,127.79166666666667,50.40833333333333,0.9333333333333332,3.5833333333333335,,,,66.83333333333333,41.0
2018-01-01,61.01666666666667,50.112500000000004,551.4166666666666,44.583333333333336,50.300000000000004,5.5,,0.0,,84.5,62.5
2018-01-02,32.833333333333336,26.970833333333335,346.25,36.50416666666667,25.3875,17.833333333333332,,0.0,,89.66666666666667,62.666666666666664
2018-01-03,47.49583333333333,37.708333333333336,378.2916666666667,41.225,39.65,8.291666666666666,,0.9583333333333334,,99.41666666666667,67.95833333333333
2018-01-04,38.99583333333333,30.108333333333334,298.125,36.266666666666666,28.3625,25.0,,2.7083333333333335,,92.375,65.66666666666667
2018-01-05,48.9625,40.391666666666666,382.875,41.237500000000004,46.24166666666667,11.166666666666666,,1.7083333333333333,,102.25,69.04166666666667
2018-01-06,31.22083333333333,27.025000000000002,363.25,32.166666666666664,20.9375,8.041666666666666,,0.08333333333333333,,98.16666666666667,67.54166666666667
2018-01-07,21.974999999999998,17.6375,288.9166666666667,25.083333333333332,10.825000000000001,25.416666666666668,,0.0,,74.5,53.541666666666664
2018-01-08,12.829166666666666,9.933333333333334,223.33333333333334,18.970833333333335,8.475,48.708333333333336,,0.0,,48.833333333333336,24.958333333333332
2018-01-09,14.7875,11.245833333333332,235.95833333333334,21.895833333333332,10.604166666666666,45.541666666666664,,0.0,,42.5,20.75
2018-01-10,32.083333333333336,24.5125,326.6666666666667,39.170833333333334,18.233333333333334,25.916666666666668,,0.0,,56.208333333333336,30.333333333333332
2018-01-11,42.5625,33.65833333333333,422.5,46.1,28.891666666666666,12.041666666666666,,0.0,,97.41666666666667,67.125
2018-01-12,28.041666666666668,22.03333333333333,308.9583333333333,37.979166666666664,17.962500000000002,22.166666666666668,,0.0,,78.375,54.208333333333336
2018-01-13,35.80833333333333,29.041666666666668,372.8333333333333,44.19166666666666,21.025000000000002,18.75,,0.0,,80.20833333333333,58.625
2018-01-14,48.675000000000004,40.50833333333333,435.7083333333333,49.89166666666667,25.575000000000003,6.25,,0.0,,94.79166666666667,66.41666666666667
2018-01-15,88.64166666666667,71.87916666666666,606.375,50.333333333333336,60.62916666666666,2.0833333333333335,,0.0,,138.79166666666666,83.5
2018-01-16,63.79583333333333,50.24166666666667,486.875,42.75,51.12916666666666,12.083333333333334,,0.0,,155.875,94.41666666666667
2018-01-17,33.87083333333333,27.787499999999998,296.875,30.379166666666666,22.7375,34.416666666666664,,0.0,,103.29166666666667,69.20833333333333
2018-01-18,30.608333333333334,25.5125,307.5833333333333,34.275,28.6375,31.166666666666668,,0.0,,79.16666666666667,60.458333333333336
2018-01-19,32.020833333333336,26.175,289.375,31.25,27.0125,37.541666666666664,,0.0,,80.29166666666667,60.833333333333336
2018-01-20,30.441666666666666,27.366666666666664,309.625,33.708333333333336,24.691666666666666,36.083333333333336,,0.0,,78.70833333333333,59.875
2018-01-21,70.25,62.00833333333333,644.2916666666666,46.4375,61.104166666666664,3.5,,0.0,,111.95833333333333,72.125
2018-01-22,55.75416666666666,49.025,529.8333333333334,41.06666666666667,36.19583333333333,8.083333333333334,,0.0,,147.66666666666666,84.91666666666667
2018-01-23,83.54583333333333,71.6125,737.6666666666666,54.675000000000004,55.87916666666666,1.9166666666666667,,0.0,,153.625,92.125
2018-01-24,89.0125,75.05833333333334,718.3333333333334,59.729166666666664,51.15833333333333,3.75,,0.0,,156.41666666666666,94.25
2018-01-25,37.208333333333336,30.349999999999998,381.3333333333333,42.925000000000004,33.895833333333336,21.833333333333332,,0.0,,142.70833333333334,87.625
2018-01-26,28.7375,23.754166666666666,332.2083333333333,35.333333333333336,22.72083333333333,39.083333333333336,,0.0,,78.125,57.416666666666664
2018-01-27,29.995833333333334,25.508333333333336,341.4583333333333,35.324999999999996,22.162499999999998,34.791666666666664,,0.2916666666666667,,77.20833333333333,58.833333333333336
2018-01-28,38.920833333333334,33.37083333333333,387.625,39.704166666666666,28.96666666666667,23.666666666666668,,0.8333333333333334,,83.95833333333333,62.375
2018-01-29,45.300000000000004,39.074999999999996,428.3333333333333,45.833333333333336,46.762499999999996,14.916666666666666,,0.041666666666666664,,103.83333333333333,69.58333333333333
2018-01-30,41.44166666666667,35.19583333333333,393.1666666666667,36.425000000000004,35.69166666666667,12.416666666666666,,0.0,,104.58333333333333,69.83333333333333
2018-01-31,27.495833333333334,25.083333333333332,427.875,32.395833333333336,20.208333333333332,16.208333333333332,,0.0,,100.5,68.33333333333333
2018-02-01,49.30833333333334,41.30833333333333,460.875,48.541666666666664,35.233333333333334,16.75,,0.0,,76.95833333333333,51.208333333333336
2018-02-02,48.76666666666667,40.5,405.875,44.93333333333334,34.44583333333333,15.666666666666666,,0.0,,123.58333333333333,75.91666666666667
2018-02-03,50.262499999999996,44.949999999999996,533.7916666666666,46.42916666666667,26.791666666666668,7.875,,0.0,,116.20833333333333,73.5
2018-02-04,12.716666666666667,11.479166666666666,311.0416666666667,26.041666666666668,9.525,27.041666666666668,,0.0,,92.16666666666667,58.875
2018-02-05,18.375,15.858333333333334,321.9583333333333,25.349999999999998,13.8375,28.291666666666668,,0.0,,38.208333333333336,19.125
2018-02-06,58.9,48.699999999999996,535.0416666666666,52.64166666666667,41.25416666666667,6.666666666666667,,0.0,,96.95833333333333,62.833333333333336
2018-02-07,54.49166666666667,44.25416666666666,476.0833333333333,52.04583333333333,39.15,12.125,,0.0,,129.70833333333334,77.91666666666667
2018-02-08,78.95833333333333,65.52083333333333,591.375,58.51666666666667,57.06666666666666,11.708333333333334,,0.0,,146.75,86.54166666666667
2018-02-09,48.479166666666664,38.5625,324.0833333333333,39.15,26.15416666666667,36.291666666666664,,2.0833333333333335,,130.04166666666666,78.875
2018-02-10,50.8125,42.43333333333333,303.25,39.40416666666667,29.337500000000002,43.833333333333336,,2.875,,109.91666666666667,71.66666666666667
2018-02-11,44.80833333333334,38.56666666666667,303.9166666666667,36.958333333333336,28.704166666666666,45.125,,2.5,,119.20833333333333,74.58333333333333
2018-02-12,79.60833333333333,66.66250000000001,471.375,57.29583333333333,40.00416666666667,28.958333333333332,,2.8333333333333335,,125.5,77.25
2018-02-13,88.16666666666667,75.45833333333333,570.7916666666666,58.925000000000004,37.0,15.291666666666666,,1.3333333333333333,,161.0,101.125
2018-02-14,60.20416666666667,51.60833333333333,444.1666666666667,50.87916666666666,29.22083333333333,19.25,,0.041666666666666664,,152.16666666666666,89.79166666666667
2018-02-15,68.67916666666666,58.39166666666666,503.0,52.28333333333333,42.97083333333333,11.875,,0.0,,142.83333333333334,82.29166666666667
2018-02-16,67.77499999999999,56.512499999999996,491.875,55.84166666666667,68.64583333333333,15.583333333333334,,0.5,,153.125,89.16666666666667
2018-02-17,45.56666666666666,37.94166666666667,363.8333333333333,42.512499999999996,40.94583333333333,31.125,,0.20833333333333334,,126.75,76.95833333333333
2018-02-18,64.60416666666667,54.1625,576.5416666666666,50.99166666666667,58.175000000000004,18.25,,0.0,,110.83333333333333,71.91666666666667
2018-02-19,106.04583333333333,92.1375,891.7916666666666,56.55833333333334,68.8125,4.625,,0.0,,166.16666666666666,109.16666666666667
2018-02-20,38.69583333333333,33.5625,374.5416666666667,39.550000000000004,20.875,25.5,,0.0,,137.58333333333334,87.45833333333333
2018-02-21,30.391666666666666,24.791666666666668,337.7916666666667,37.550000000000004,17.537499999999998,31.75,,0.0,,79.125,58.416666666666664
2018-02-22,40.5625,34.550000000000004,450.5416666666667,47.46666666666667,20.195833333333333,21.916666666666668,,0.0,,88.70833333333333,64.20833333333333
2018-02-23,73.72916666666667,64.125,762.4583333333334,67.68333333333334,40.46666666666667,7.791666666666667,,0.0,,127.16666666666667,77.91666666666667
2018-02-24,36.24166666666667,32.19166666666667,475.5833333333333,52.60833333333333,23.666666666666668,18.791666666666668,,0.0,,136.20833333333334,81.29166666666667
2018-02-25,30.587500000000002,27.933333333333334,394.625,42.6875,25.641666666666666,21.375,,0.0,,85.66666666666667,62.916666666666664
2018-02-26,61.7875,54.14166666666667,690.0416666666666,63.63333333333333,35.145833333333336,12.375,,0.0,,103.58333333333333,69.20833333333333
2018-02-27,39.262499999999996,33.06666666666667,474.9583333333333,41.9125,21.579166666666666,19.75,,0.0,,132.91666666666666,79.0
2018-02-28,26.34583333333333,21.554166666666664,318.8333333333333,34.016666666666666,17.641666666666666,48.458333333333336,,0.0,,81.625,58.5
2018-03-01,32.229166666666664,27.304166666666664,354.75,37.137499999999996,22.554166666666664,39.0,,0.0,,73.08333333333333,50.791666666666664
2018-03-02,55.833333333333336,48.32083333333333,444.5,50.2875,34.012499999999996,30.25,,0.0,,99.25,67.79166666666667
2018-03-03,67.12083333333334,57.791666666666664,502.9166666666667,52.07083333333333,44.270833333333336,23.791666666666668,,0.0,,151.625,89.625
2018-03-04,16.0125,13.991666666666667,264.3333333333333,23.666666666666668,8.545833333333333,55.291666666666664,,0.0,,92.75,57.916666666666664
2018-03-05,15.341666666666667,12.408333333333333,265.2083333333333,24.3625,9.358333333333333,57.875,,0.0,,52.041666666666664,26.583333333333332
2018-03-06,63.62083333333334,54.79583333333333,580.5833333333334,67.44583333333334,46.71666666666667,26.041666666666668,,0.0,,81.45833333333333,50.125
2018-03-07,53.895833333333336,45.00833333333333,401.8333333333333,49.1,29.554166666666664,38.083333333333336,,0.0,,148.16666666666666,86.41666666666667
2018-03-08,41.24166666666667,34.99583333333333,361.75,43.27916666666667,20.3625,43.666666666666664,,0.0,,108.5,71.08333333333333
2018-03-09,50.71666666666667,43.30833333333334,430.125,50.43333333333334,26.695833333333336,34.25,,0.125,,107.91666666666667,70.91666666666667
2018-03-10,37.916666666666664,32.50416666666667,339.2916666666667,41.733333333333334,27.579166666666666,44.333333333333336,,0.0,,108.08333333333333,71.0
2018-03-11,44.925000000000004,36.887499999999996,400.8333333333333,48.82916666666667,39.90416666666667,34.041666666666664,,0.0,,95.45833333333333,66.625
2018-03-12,45.775,37.96666666666667,434.0833333333333,48.050000000000004,28.625,30.541666666666668,,0.0,,111.04166666666667,72.0
2018-03-13,39.94583333333333,33.61666666666667,346.3333333333333,33.42916666666667,23.125,53.125,,0.0,,98.70833333333333,67.875
2018-03-14,35.86666666666667,29.441666666666666,325.9166666666667,35.86666666666667,22.90833333333333,54.625,,0.0,,89.79166666666667,64.54166666666667
2018-03-15,27.870833333333334,24.379166666666666,372.5833333333333,37.604166666666664,20.791666666666668,42.583333333333336,,0.0,,87.625,63.625
2018-03-16,21.895833333333332,18.470833333333335,311.0833333333333,36.324999999999996,13.895833333333334,51.291666666666664,,0.0,,62.833333333333336,37.375
2018-03-17,33.987500000000004,29.066666666666666,422.125,46.82916666666667,20.525000000000002,32.25,,0.0,,81.875,57.416666666666664
2018-03-18,29.96666666666667,25.495833333333334,381.25,46.92083333333333,17.05,42.666666666666664,,0.0,,76.08333333333333,54.583333333333336
2018-03-19,36.7125,30.804166666666664,334.9583333333333,38.6,19.037499999999998,53.416666666666664,,0.0,,84.95833333333333,62.708333333333336
2018-03-20,50.675000000000004,43.42916666666667,452.0416666666667,50.574999999999996,26.991666666666664,42.25,,0.0,,100.20833333333333,68.29166666666667
2018-03-21,84.58333333333333,72.72916666666667,777.875,76.22083333333333,41.395833333333336,14.916666666666666,,0.0,,150.33333333333334,91.5
2018-03-22,36.80416666666667,32.395833333333336,372.8333333333333,47.67083333333333,20.229166666666668,33.875,,0.0,,126.33333333333333,79.04166666666667
2018-03-23,26.650000000000002,22.087500000000002,290.9583333333333,30.55,12.883333333333333,52.583333333333336,,0.0,,85.0,62.041666666666664
2018-03-24,29.004166666666666,24.416666666666668,357.25,39.270833333333336,16.383333333333333,42.958333333333336,,0.0,,62.791666666666664,38.166666666666664
2018-03-25,37.5625,32.65833333333333,370.25,40.237500000000004,16.712500000000002,50.25,,0.0,,100.70833333333333,68.45833333333333
2018-03-26,42.19583333333333,36.87083333333333,323.5416666666667,32.391666666666666,13.954166666666666,58.041666666666664,,0.0,,88.16666666666667,63.916666666666664
2018-03-27,28.241666666666664,23.67916666666667,295.9583333333333,36.204166666666666,13.174999999999999,48.0,,0.0,,98.20833333333333,67.41666666666667
2018-03-28,35.97083333333333,32.56666666666667,428.1666666666667,52.51666666666667,18.458333333333332,43.791666666666664,,0.0,,71.04166666666667,47.125
2018-03-29,65.13333333333334,56.762499999999996,573.5,70.11666666666666,32.02916666666667,25.375,,0.0,,133.45833333333334,79.33333333333333
2018-03-30,54.15833333333333,46.74166666666667,449.875,59.550000000000004,27.079166666666666,44.541666666666664,,0.0,,138.20833333333334,80.75
2018-03-31,71.53333333333333,64.37916666666666,632.6666666666666,69.83333333333333,43.27916666666667,27.625,,0.0,,139.66666666666666,82.5
2018-04-01,44.70416666666667,38.295833333333334,453.125,46.72083333333333,22.375,29.041666666666668,,0.08333333333333333,,146.04166666666666,86.41666666666667
2018-04-02,31.879166666666666,26.379166666666666,264.0833333333333,29.754166666666666,15.208333333333334,46.291666666666664,,0.7083333333333334,,84.29166666666667,61.75
2018-04-03,36.18333333333333,31.183333333333334,387.4166666666667,42.824999999999996,18.587500000000002,33.791666666666664,,0.125,,86.04166666666667,63.166666666666664
2018-04-04,74.40833333333333,62.34583333333333,593.625,79.89999999999999,47.74166666666667,25.833333333333332,,0.0,,111.375,72.125
2018-04-05,91.07916666666667,73.58333333333333,687.7916666666666,72.84166666666667,61.3125,26.291666666666668,,0.0,,162.25,103.125
2018-04-06,61.42083333333333,49.72083333333333,426.125,48.44166666666666,29.458333333333332,41.208333333333336,,0.0,,151.29166666666666,87.70833333333333
2018-04-07,14.362499999999999,11.491666666666667,246.25,21.645833333333332,6.554166666666667,59.708333333333336,,0.0,,87.29166666666667,55.666666666666664
2018-04-08,25.375,20.2375,326.5416666666667,43.00416666666666,14.2125,47.375,,0.0,,58.875,33.666666666666664
2018-04-09,29.729166666666668,24.425,304.6666666666667,37.016666666666666,14.262500000000001,50.291666666666664,,0.0,,69.08333333333333,44.083333333333336
2018-04-10,29.616666666666664,24.483333333333334,281.5,29.020833333333332,13.825000000000001,58.708333333333336,,0.0,,80.41666666666667,60.958333333333336
2018-04-11,14.229166666666666,10.933333333333332,230.08333333333334,21.808333333333334,7.8125,65.54166666666667,,0.0,,57.0,34.583333333333336
2018-04-12,73.02916666666667,58.12083333333334,592.3333333333334,73.2,41.00833333333333,25.833333333333332,,0.0,,82.04166666666667,53.291666666666664
2018-04-13,39.358333333333334,33.12083333333333,407.8333333333333,46.166666666666664,18.808333333333334,43.958333333333336,,0.0,,149.25,88.875
2018-04-14,49.675000000000004,41.6875,493.3333333333333,58.43333333333334,33.208333333333336,26.916666666666668,,0.0,,82.91666666666667,57.708333333333336
2018-04-15,41.6,36.016666666666666,436.375,56.354166666666664,20.95,36.291666666666664,,0.0,,115.0,73.20833333333333
2018-04-16,63.82083333333333,53.7875,534.5833333333334,62.875,29.858333333333334,30.0,,1.4166666666666667,,119.95833333333333,74.875
2018-04-17,106.0125,89.24583333333334,841.0,84.91250000000001,60.84166666666667,11.666666666666666,,1.9583333333333333,,159.875,99.79166666666667
2018-04-18,36.65,30.379166666666666,368.7083333333333,40.525,17.037499999999998,24.625,,0.875,,143.75,89.83333333333333
2018-04-19,20.858333333333334,16.266666666666666,241.5,19.875,7.0,54.25,,0.75,,66.45833333333333,41.5
2018-04-20,21.9375,16.479166666666668,262.7916666666667,26.974999999999998,9.0625,58.75,,0.875,,54.541666666666664,30.666666666666668
2018-04-21,31.05,24.97083333333333,304.25,30.09166666666667,11.404166666666667,54.666666666666664,,0.5833333333333334,,82.54166666666667,60.333333333333336
2018-04-22,11.554166666666667,8.395833333333334,200.83333333333334,13.129166666666668,3.845833333333333,66.875,,0.0,,45.666666666666664,30.5
2018-04-23,17.283333333333335,13.674999999999999,258.0,24.991666666666664,7.2625,61.791666666666664,,0.0,,44.0,28.458333333333332
2018-04-24,55.166666666666664,45.949999999999996,540.9583333333334,60.13333333333333,25.995833333333334,32.583333333333336,,0.0,,97.29166666666667,62.25
2018-04-25,35.975,29.641666666666666,378.7083333333333,47.449999999999996,23.025000000000002,33.458333333333336,,0.0,,102.58333333333333,69.08333333333333
2018-04-26,31.858333333333334,26.3,344.7083333333333,35.141666666666666,15.737499999999999,37.541666666666664,,0.0,,89.83333333333333,64.58333333333333
2018-04-27,25.045833333333334,19.870833333333334,282.4166666666667,33.31666666666667,11.079166666666666,48.666666666666664,,0.0,,61.416666666666664,37.875
2018-04-28,27.191666666666666,21.53333333333333,328.3333333333333,38.47083333333334,10.066666666666666,39.541666666666664,,0.0,,78.08333333333333,58.0
2018-04-29,31.099999999999998,23.104166666666668,353.1666666666667,42.82083333333333,12.2875,36.416666666666664,,0.0,,63.916666666666664,37.458333333333336
2018-04-30,41.262499999999996,32.770833333333336,391.5,43.475,17.087500000000002,42.875,,0.0,,92.5,65.29166666666667
2018-05-01,30.204166666666666,24.483333333333334,292.375,33.875,14.779166666666667,51.125,,0.041666666666666664,,78.375,58.875
2018-05-02,43.15,35.19166666666667,348.125,46.71666666666667,18.316666666666666,38.0,,1.5416666666666667,,87.125,63.5
2018-05-03,26.045833333333334,21.474999999999998,284.375,33.65833333333333,10.804166666666667,45.583333333333336,,0.7916666666666666,,91.125,64.41666666666667
2018-05-04,25.675,20.5625,275.4166666666667,29.733333333333334,14.424999999999999,55.416666666666664,,0.0,,64.125,37.375
2018-05-05,37.36666666666667,30.34166666666667,326.9583333333333,39.550000000000004,24.758333333333336,42.583333333333336,,0.9583333333333334,,78.5,56.583333333333336
2018-05-06,25.204166666666666,19.4875,306.2916666666667,31.991666666666664,11.820833333333333,40.583333333333336,,1.4583333333333333,,83.79166666666667,60.5
2018-05-07,20.141666666666666,16.508333333333333,278.7916666666667,32.541666666666664,9.541666666666666,50.375,,0.0,,55.791666666666664,30.041666666666668
2018-05-08,43.025,35.454166666666666,460.9166666666667,44.0875,16.604166666666668,40.875,,0.0,,91.0,61.416666666666664
2018-05-09,14.016666666666666,11.362499999999999,210.08333333333334,20.929166666666667,6.808333333333334,60.791666666666664,,0.0,,66.25,40.416666666666664
2018-05-10,14.408333333333333,11.575000000000001,226.83333333333334,21.8,6.154166666666666,57.416666666666664,,0.0,,46.125,25.083333333333332
2018-05-11,17.125,14.095833333333333,243.66666666666666,26.445833333333336,7.270833333333333,51.916666666666664,,0.0,,52.708333333333336,27.416666666666668
2018-05-12,17.408333333333335,13.975,204.25,20.675,6.020833333333333,55.833333333333336,,0.4166666666666667,,51.208333333333336,27.083333333333332
2018-05-13,41.733333333333334,34.94583333333333,400.8333333333333,46.46666666666667,21.5,34.125,,0.0,,81.95833333333333,55.125
2018-05-14,30.46666666666667,24.712500000000002,352.1666666666667,38.487500000000004,11.454166666666666,43.125,,0.0,,85.625,61.875
2018-05-15,53.75416666666666,45.1,504.875,54.01666666666667,25.34583333333333,21.541666666666668,,1.2083333333333333,,99.16666666666667,67.83333333333333
2018-05-16,36.03333333333333,30.4375,364.5416666666667,47.27916666666667,15.895833333333334,35.791666666666664,,0.9583333333333334,,105.875,70.20833333333333
2018-05-17,58.09166666666667,49.229166666666664,472.0,55.71666666666667,34.71666666666667,29.083333333333332,,0.7916666666666666,,116.25,73.54166666666667
2018-05-18,52.1625,45.61666666666667,485.4583333333333,56.98333333333333,25.400000000000002,24.625,,1.1666666666666667,,123.95833333333333,76.0
2018-05-19,14.679166666666667,13.170833333333334,252.625,27.925,7.2124999999999995,42.458333333333336,,0.0,,89.75,60.291666666666664
2018-05-20,15.408333333333333,12.65,241.58333333333334,29.2375,6.579166666666667,27.208333333333332,,0.0,,47.333333333333336,22.791666666666668
2018-05-21,17.495833333333334,13.933333333333332,240.95833333333334,26.162499999999998,7.070833333333333,56.458333333333336,,0.0,,53.958333333333336,28.833333333333332
2018-05-22,31.525000000000002,25.258333333333336,309.0416666666667,35.50416666666667,15.170833333333334,39.291666666666664,,0.4583333333333333,,60.333333333333336,34.25
2018-05-23,37.25,32.1625,392.875,38.1,14.070833333333333,36.083333333333336,,0.625,,97.0,67.29166666666667
2018-05-24,24.349999999999998,20.587500000000002,256.7916666666667,31.9875,8.5,46.0,,0.0,,78.16666666666667,56.916666666666664
2018-05-25,14.35,11.237499999999999,204.375,19.770833333333332,6.625,54.25,,0.0,,56.041666666666664,30.291666666666668
2018-05-26,32.579166666666666,27.270833333333332,360.25,45.3125,17.554166666666667,44.916666666666664,,0.0,,58.125,33.083333333333336
2018-05-27,19.983333333333334,16.620833333333334,280.0416666666667,31.708333333333332,8.966666666666667,51.0,,0.0,,80.41666666666667,58.916666666666664
2018-05-28,14.725,11.166666666666666,212.70833333333334,21.462500000000002,6.241666666666667,55.416666666666664,,0.0,,51.333333333333336,27.333333333333332
2018-05-29,35.4625,27.991666666666664,378.5,40.6875,17.208333333333332,45.458333333333336,,0.0,,71.70833333333333,51.291666666666664
2018-05-30,13.637500000000001,10.7875,197.91666666666666,16.583333333333332,5.458333333333333,66.66666666666667,,0.0,,61.083333333333336,38.375
2018-05-31,9.816666666666666,8.049999999999999,193.54166666666666,14.9125,4.375,57.166666666666664,,0.0,,37.916666666666664,24.125
2018-06-01,12.829166666666666,9.754166666666666,256.0833333333333,21.712500000000002,5.695833333333333,53.375,,0.0,,32.125,24.416666666666668
2018-06-02,15.450000000000001,12.845833333333333,242.375,25.795833333333334,6.616666666666667,51.625,,0.0,,52.458333333333336,28.291666666666668
2018-06-03,20.141666666666666,15.950000000000001,247.70833333333334,32.56666666666667,8.504166666666666,48.541666666666664,,0.0,,52.791666666666664,27.416666666666668
2018-06-04,16.520833333333332,12.908333333333333,200.875,22.079166666666666,6.6875,54.666666666666664,,0.2916666666666667,,56.125,30.625
2018-06-05,12.075000000000001,9.608333333333333,189.66666666666666,16.8625,5.6125,55.166666666666664,,0.0,,45.791666666666664,23.541666666666668
2018-06-06,14.4375,11.116666666666667,233.66666666666666,21.787499999999998,6.066666666666666,46.333333333333336,,0.0,,37.583333333333336,23.583333333333332
2018-06-07,17.166666666666668,13.904166666666667,252.58333333333334,28.445833333333336,8.991666666666667,38.791666666666664,,0.0,,55.916666666666664,30.291666666666668
2018-06-08,14.475,11.745833333333332,207.79166666666666,25.270833333333332,7.529166666666666,49.375,,0.0,,47.333333333333336,23.75
2018-06-09,12.045833333333334,9.754166666666666,217.41666666666666,24.52916666666667,6.854166666666667,46.5,,0.0,,44.5,23.416666666666668
2018-06-10,21.0625,17.704166666666666,288.1666666666667,42.97083333333333,10.0625,33.25,,0.0,,53.333333333333336,30.125
2018-06-11,39.050000000000004,32.275,378.75,43.71666666666667,17.016666666666666,26.541666666666668,,0.0,,86.54166666666667,61.291666666666664
2018-06-12,22.4375,18.929166666666667,233.5,29.683333333333334,9.875,44.791666666666664,,0.0,,70.08333333333333,44.458333333333336
2018-06-13,14.608333333333334,11.883333333333333,192.83333333333334,20.2125,6.470833333333334,41.291666666666664,,0.0,,58.791666666666664,32.291666666666664
2018-06-14,19.670833333333334,16.383333333333333,266.5,30.166666666666668,10.666666666666666,32.416666666666664,,0.0,,53.416666666666664,27.291666666666668
2018-06-15,24.058333333333334,19.525000000000002,270.375,30.4875,16.266666666666666,40.791666666666664,,0.0,,64.04166666666667,37.166666666666664
2018-06-16,40.96666666666667,34.30416666666667,428.9166666666667,42.50833333333333,25.099999999999998,38.5,,0.0,,81.79166666666667,57.458333333333336
2018-06-17,38.86666666666667,32.795833333333334,417.8333333333333,43.49583333333334,20.98333333333333,37.875,,0.0,,103.875,69.58333333333333
2018-06-18,68.28333333333333,58.475,526.8333333333334,64.28750000000001,53.0625,35.541666666666664,,0.0,,122.66666666666667,75.75
2018-06-19,24.7,20.104166666666668,266.4166666666667,34.59583333333333,11.016666666666666,43.833333333333336,,0.0,,105.5,68.29166666666667
2018-06-20,15.166666666666666,10.879166666666668,171.45833333333334,15.225,5.029166666666667,68.04166666666667,,0.0,,54.75,31.916666666666668
2018-06-21,19.974999999999998,14.770833333333334,211.29166666666666,26.679166666666664,7.0625,45.708333333333336,,0.0,,48.875,25.625
2018-06-22,37.6875,30.0125,324.625,38.40833333333333,15.679166666666667,41.125,,0.0,,80.125,57.166666666666664
2018-06-23,20.645833333333332,16.516666666666666,214.0,26.09583333333333,9.4,57.75,,0.0,,65.91666666666667,40.958333333333336
2018-06-24,19.954166666666666,15.783333333333333,195.125,24.545833333333334,12.733333333333334,55.375,,0.0,,61.75,35.041666666666664
2018-06-25,17.241666666666667,14.304166666666667,223.125,26.7375,8.420833333333333,48.625,,0.0,,53.083333333333336,28.5
2018-06-26,27.420833333333334,23.27916666666667,313.9166666666667,42.104166666666664,11.595833333333333,35.291666666666664,,0.0,,71.75,50.25
2018-06-27,19.904166666666665,16.445833333333333,241.70833333333334,31.754166666666666,6.9624999999999995,43.5,,0.0,,63.458333333333336,37.333333333333336
2018-06-28,20.033333333333335,16.079166666666666,253.75,31.958333333333332,7.266666666666667,46.375,,0.0,,57.416666666666664,31.083333333333332
2018-06-29,38.12916666666667,31.420833333333334,357.4583333333333,44.44583333333333,22.9875,38.958333333333336,,0.0,,74.875,51.833333333333336
2018-06-30,40.42916666666667,34.4375,351.0,45.512499999999996,21.125,36.583333333333336,,0.375,,100.79166666666667,68.54166666666667
2018-07-01,30.21666666666667,26.175,281.2916666666667,35.333333333333336,16.95,37.791666666666664,,0.6666666666666666,,86.04166666666667,63.166666666666664
2018-07-02,19.620833333333334,16.537499999999998,222.33333333333334,26.145833333333332,9.6875,43.625,,0.0,,67.0,42.625
2018-07-03,26.712500000000002,22.054166666666664,261.9583333333333,31.974999999999998,15.883333333333333,33.625,,0.0,,67.0,41.416666666666664
2018-07-04,28.599999999999998,24.454166666666666,295.9166666666667,33.96666666666667,15.645833333333334,26.833333333333332,,0.0,,71.83333333333333,49.125
2018-07-05,18.104166666666668,15.75,236.95833333333334,26.53333333333333,8.674999999999999,34.583333333333336,,0.0,,68.875,44.5
2018-07-06,19.0625,15.6875,228.125,27.570833333333336,7.583333333333333,37.833333333333336,,0.0,,56.0,29.541666666666668
2018-07-07,24.366666666666664,21.579166666666666,309.3333333333333,33.19583333333333,10.045833333333333,34.75,,0.0,,70.33333333333333,46.916666666666664
2018-07-08,18.245833333333334,15.5625,258.4583333333333,27.5625,8.145833333333334,20.5,,0.0,,61.125,34.708333333333336
2018-07-09,15.345833333333333,13.029166666666667,207.0,20.962500000000002,6.45,22.0,,0.0,,53.583333333333336,27.291666666666668
2018-07-10,16.066666666666666,13.424999999999999,213.375,19.825,5.820833333333333,22.083333333333332,,0.0,,51.333333333333336,25.291666666666668
2018-07-11,18.962500000000002,16.3875,242.66666666666666,25.629166666666666,6.079166666666667,23.625,,0.0,,56.375,29.958333333333332
2018-07-12,19.883333333333333,16.5,251.33333333333334,28.054166666666664,6.816666666666666,31.458333333333332,,0.0,,60.5,34.0
2018-07-13,23.520833333333332,19.670833333333334,299.125,28.77916666666667,7.45,28.666666666666668,,0.0,,61.791666666666664,35.083333333333336
2018-07-14,52.09583333333333,44.06666666666666,468.5833333333333,46.92083333333333,24.108333333333334,24.208333333333332,,0.0,,93.45833333333333,62.041666666666664
2018-07-15,31.491666666666664,26.354166666666668,304.375,34.4625,12.1875,41.041666666666664,,0.0,,101.66666666666667,68.625
2018-07-16,23.291666666666668,19.520833333333332,228.0,23.525000000000002,6.825,47.958333333333336,,0.5416666666666666,,72.08333333333333,49.208333333333336
2018-07-17,16.4375,14.229166666666666,196.79166666666666,15.916666666666666,4.241666666666666,49.916666666666664,,0.9583333333333334,,60.791666666666664,34.083333333333336
2018-07-18,15.845833333333333,13.666666666666666,188.95833333333334,15.8375,4.2625,52.75,,1.5,,53.625,27.416666666666668
2018-07-19,20.554166666666667,16.866666666666667,192.08333333333334,18.020833333333332,4.958333333333333,50.875,,2.7083333333333335,,57.25,30.791666666666668
2018-07-20,18.57916666666667,16.070833333333333,232.91666666666666,25.304166666666664,8.549999999999999,39.625,,0.125,,56.083333333333336,29.666666666666668
2018-07-21,20.379166666666666,18.183333333333334,217.45833333333334,26.741666666666664,7.883333333333333,48.458333333333336,,0.4583333333333333,,64.375,37.5
2018-07-22,18.445833333333333,15.808333333333332,196.66666666666666,20.229166666666668,6.004166666666666,50.083333333333336,,1.1666666666666667,,60.375,33.833333333333336
2018-07-23,16.966666666666665,14.758333333333333,201.04166666666666,19.720833333333335,6.825,44.166666666666664,,1.0,,56.958333333333336,30.291666666666668
2018-07-24,20.837500000000002,17.837500000000002,216.875,24.191666666666666,7.966666666666666,37.041666666666664,,0.9166666666666666,,58.625,32.208333333333336
2018-07-25,25.416666666666668,20.854166666666668,222.25,24.90833333333333,8.620833333333334,41.416666666666664,,3.9583333333333335,,64.16666666666667,37.291666666666664
2018-07-26,45.2125,30.34166666666667,272.2916666666667,31.0,11.304166666666667,40.541666666666664,,13.875,,80.08333333333333,58.166666666666664
2018-07-27,51.48333333333333,39.387499999999996,326.75,38.44583333333333,13.225,33.291666666666664,,10.083333333333334,,99.75,68.04166666666667
2018-07-28,28.583333333333332,24.370833333333334,231.54166666666666,25.495833333333334,7.0,42.0,,3.2916666666666665,,93.54166666666667,65.875
2018-07-29,15.558333333333332,13.083333333333334,198.33333333333334,19.5,5.483333333333333,41.708333333333336,,1.25,,64.54166666666667,39.458333333333336
2018-07-30,19.412499999999998,15.783333333333333,223.95833333333334,24.75,7.504166666666666,35.25,,0.0,,53.125,26.958333333333332
2018-07-31,22.170833333333334,18.625,264.6666666666667,30.395833333333332,8.458333333333334,38.0,,0.0,,63.833333333333336,37.041666666666664
2018-08-01,29.65416666666667,24.212500000000002,354.5416666666667,39.5625,10.108333333333333,33.625,,0.0,,70.58333333333333,47.291666666666664
2018-08-02,25.8,20.233333333333334,317.75,35.3125,7.329166666666667,38.166666666666664,,0.0,,71.125,47.791666666666664
2018-08-03,31.349999999999998,24.375,333.8333333333333,42.762499999999996,6.8625,44.25,,0.0,,71.29166666666667,48.0
2018-08-04,28.929166666666664,24.254166666666666,305.1666666666667,40.49166666666667,9.0,40.583333333333336,,0.0,,78.20833333333333,60.0
2018-08-05,20.39166666666667,16.408333333333335,230.625,30.3,7.3500000000000005,39.291666666666664,,0.0,,66.375,40.458333333333336
2018-08-06,19.195833333333333,16.275000000000002,226.54166666666666,28.1375,7.7250000000000005,38.166666666666664,,0.0,,58.416666666666664,32.041666666666664
2018-08-07,21.325,18.212500000000002,246.08333333333334,30.991666666666664,8.216666666666667,28.291666666666668,,0.0,,63.666666666666664,36.875
2018-08-08,13.504166666666668,10.7875,180.33333333333334,18.2375,4.641666666666667,36.708333333333336,,0.0,,50.291666666666664,25.541666666666668
2018-08-09,26.266666666666666,21.425,320.0833333333333,35.9125,8.508333333333333,32.0,,0.0,,57.291666666666664,31.041666666666668
2018-08-10,33.7125,27.866666666666664,334.4166666666667,40.75833333333333,12.3375,36.791666666666664,,0.0,,86.58333333333333,62.583333333333336
2018-08-11,19.920833333333334,16.970833333333335,244.125,32.270833333333336,8.941666666666666,49.0,,0.0,,64.20833333333333,38.958333333333336
2018-08-12,21.90833333333333,17.966666666666665,246.16666666666666,32.458333333333336,10.508333333333333,47.875,,0.0,,63.5,36.625
2018-08-13,15.075000000000001,12.275,200.20833333333334,19.704166666666666,6.583333333333333,51.25,,0.0,,56.25,29.958333333333332
2018-08-14,24.90833333333333,20.008333333333333,279.8333333333333,33.82083333333333,9.083333333333334,40.75,,0.0,,52.875,28.458333333333332
2018-08-15,48.0375,39.954166666666666,421.7083333333333,41.00416666666667,24.495833333333334,46.416666666666664,,0.0,,107.08333333333333,69.5
2018-08-16,17.054166666666667,14.695833333333333,221.70833333333334,24.554166666666664,6.7124999999999995,41.541666666666664,,0.0,,70.20833333333333,43.791666666666664
2018-08-17,22.166666666666668,18.7625,248.66666666666666,31.933333333333334,7.241666666666667,31.958333333333332,,0.0,,60.333333333333336,33.583333333333336
2018-08-18,37.699999999999996,31.525000000000002,360.75,38.262499999999996,29.791666666666668,27.25,,0.0,,75.91666666666667,53.166666666666664
2018-08-19,38.6875,32.137499999999996,388.4583333333333,37.920833333333334,20.474999999999998,35.666666666666664,,0.0,,101.29166666666667,68.66666666666667
2018-08-20,25.520833333333332,20.8625,280.4583333333333,36.708333333333336,11.0,37.833333333333336,,0.0,,72.45833333333333,47.25
2018-08-21,22.45,18.504166666666666,261.75,29.65416666666667,10.054166666666667,41.375,,0.0,,70.70833333333333,47.0
2018-08-22,13.420833333333334,10.533333333333333,177.75,17.962500000000002,5.291666666666667,40.083333333333336,,0.0,,51.166666666666664,25.916666666666668
2018-08-23,22.75,18.537499999999998,263.2916666666667,32.99166666666667,9.25,34.25,,0.0,,53.541666666666664,28.041666666666668
2018-08-24,33.550000000000004,27.766666666666666,339.375,42.079166666666666,14.745833333333332,32.416666666666664,,0.0,,72.125,49.416666666666664
2018-08-25,50.208333333333336,41.82083333333333,437.375,54.63333333333333,29.0125,32.583333333333336,,0.0,,105.66666666666667,70.0
2018-08-26,53.4125,43.550000000000004,467.875,54.51666666666667,30.170833333333334,30.875,,0.0,,117.125,73.83333333333333
2018-08-27,56.0,45.854166666666664,490.1666666666667,57.15833333333333,31.579166666666666,31.541666666666668,,0.0,,124.58333333333333,76.33333333333333
2018-08-28,64.8625,53.416666666666664,560.1666666666666,67.17083333333333,32.32083333333333,26.666666666666668,,0.0,,135.33333333333334,79.75
2018-08-29,45.5875,36.63333333333333,416.6666666666667,53.770833333333336,26.162499999999998,36.791666666666664,,0.0,,126.91666666666667,77.08333333333333
2018-08-30,58.9375,47.03333333333333,419.0416666666667,52.1625,28.616666666666664,24.791666666666668,,0.0,,104.29166666666667,69.625
2018-08-31,66.25,56.07083333333333,549.4166666666666,58.6875,26.983333333333334,22.875,,0.0,,148.04166666666666,84.45833333333333
2018-09-01,26.270833333333332,22.03333333333333,344.5833333333333,42.07083333333333,8.987499999999999,31.375,,0.0,,105.04166666666667,68.75
2018-09-02,36.0375,28.770833333333332,405.3333333333333,43.541666666666664,13.1875,32.25,,0.0,,79.375,58.458333333333336
2018-09-03,35.954166666666666,28.858333333333334,355.625,37.9125,12.025,32.25,,0.16666666666666666,,87.33333333333333,63.5
2018-09-04,31.4875,26.2625,299.9583333333333,35.512499999999996,10.454166666666667,37.208333333333336,,1.0,,80.25,60.875
2018-09-05,43.15833333333333,34.891666666666666,350.2083333333333,38.699999999999996,12.225,32.458333333333336,,2.5416666666666665,,90.70833333333333,64.91666666666667
2018-09-06,41.19583333333333,34.12083333333333,350.4583333333333,41.237500000000004,12.237499999999999,37.75,,1.4166666666666667,,98.41666666666667,67.75
2018-09-07,45.55416666666667,36.666666666666664,464.1666666666667,51.604166666666664,13.966666666666667,30.583333333333332,,0.5,,99.04166666666667,68.04166666666667
2018-09-08,64.39583333333333,50.82916666666667,602.5416666666666,59.21666666666667,31.22083333333333,20.708333333333332,,0.9583333333333334,,119.75,74.66666666666667
2018-09-09,82.99166666666666,69.35833333333333,693.25,76.1875,49.30833333333334,18.333333333333332,,0.16666666666666666,,152.79166666666666,90.125
2018-09-10,47.43333333333334,38.270833333333336,378.2916666666667,41.354166666666664,12.1,24.583333333333332,,1.5,,132.25,80.66666666666667
2018-09-11,45.88333333333333,35.68333333333333,356.2916666666667,41.09166666666667,14.820833333333333,23.75,,2.3333333333333335,,100.625,68.625
2018-09-12,40.708333333333336,28.52916666666667,276.1666666666667,28.791666666666668,14.295833333333334,41.666666666666664,,9.916666666666666,,100.16666666666667,68.33333333333333
2018-09-13,19.9125,15.570833333333333,241.04166666666666,24.508333333333336,6.941666666666666,51.041666666666664,,0.2916666666666667,,67.04166666666667,43.333333333333336
2018-09-14,69.09583333333333,56.362500000000004,585.8333333333334,62.53333333333333,36.016666666666666,14.75,,0.0,,94.75,60.291666666666664
2018-09-15,60.300000000000004,48.4125,553.375,59.74166666666667,26.47083333333333,17.166666666666668,,0.0,,150.16666666666666,86.08333333333333
2018-09-16,36.854166666666664,31.1875,363.75,42.75416666666666,14.475,24.083333333333332,,0.125,,116.20833333333333,73.58333333333333
2018-09-17,14.9625,11.625,238.08333333333334,24.2375,7.458333333333333,41.541666666666664,,0.0,,58.833333333333336,37.25
2018-09-18,16.754166666666666,13.254166666666668,230.75,24.5625,6.7,41.958333333333336,,0.0,,53.5,27.291666666666668
2018-09-19,26.758333333333336,20.191666666666666,268.5416666666667,32.358333333333334,9.237499999999999,41.0,,0.0,,58.333333333333336,31.833333333333332
2018-09-20,34.44166666666667,26.991666666666664,299.125,34.92916666666667,9.170833333333333,40.666666666666664,,0.0,,77.66666666666667,57.041666666666664
2018-09-21,50.45416666666667,39.25,448.4583333333333,52.333333333333336,17.620833333333334,22.333333333333332,,0.0,,91.04166666666667,65.0
2018-09-22,40.03333333333333,32.11666666666667,355.5416666666667,43.38333333333333,16.870833333333334,39.083333333333336,,0.0,,105.66666666666667,70.125
2018-09-23,23.7625,20.337500000000002,284.75,35.104166666666664,11.7125,33.875,,0.0,,80.25,56.916666666666664
2018-09-24,26.400000000000002,21.72083333333333,297.7916666666667,32.9125,13.200000000000001,31.333333333333332,,0.0,,70.16666666666667,46.25
2018-09-25,11.591666666666667,8.983333333333333,205.41666666666666,20.554166666666667,5.9875,40.5,,0.0,,52.958333333333336,28.666666666666668
2018-09-26,16.9375,11.716666666666667,228.0,24.929166666666664,8.845833333333333,49.416666666666664,,0.0,,43.333333333333336,22.625
2018-09-27,10.025,7.341666666666666,200.95833333333334,14.85,4.8,54.541666666666664,,0.0,,38.25,21.958333333333332
2018-09-28,12.950000000000001,10.070833333333333,198.16666666666666,18.662499999999998,5.75,42.583333333333336,,0.0,,38.083333333333336,18.958333333333332
2018-09-29,16.745833333333334,13.15,241.75,27.02916666666667,7.7875000000000005,35.416666666666664,,0.0,,44.333333333333336,21.958333333333332
2018-09-30,20.116666666666667,16.541666666666668,282.4166666666667,34.40416666666667,9.8125,33.25,,0.0,,60.625,34.333333333333336
2018-10-01,22.6125,18.333333333333332,277.9166666666667,31.129166666666666,12.5625,36.625,,0.0,,54.0,27.875
2018-10-02,43.9125,35.44166666666667,417.0416666666667,49.175000000000004,30.474999999999998,12.583333333333334,,0.0,,85.375,59.458333333333336
2018-10-03,35.46666666666667,30.21666666666667,341.1666666666667,39.949999999999996,23.6875,16.458333333333332,,0.0,,96.25,67.04166666666667
2018-10-04,21.141666666666666,17.433333333333334,280.125,25.816666666666666,10.549999999999999,25.416666666666668,,0.0,,76.66666666666667,53.875
2018-10-05,16.925,12.029166666666667,232.83333333333334,26.683333333333334,8.4625,40.875,,0.0,,48.416666666666664,25.833333333333332
2018-10-06,17.400000000000002,14.0625,245.45833333333334,22.254166666666666,7.270833333333333,29.916666666666668,,0.0,,53.166666666666664,26.958333333333332
2018-10-07,26.420833333333334,20.908333333333335,247.45833333333334,23.8,10.758333333333333,43.833333333333336,,0.20833333333333334,,61.625,35.041666666666664
2018-10-08,19.816666666666666,15.670833333333334,253.625,26.241666666666664,8.108333333333333,37.75,,0.20833333333333334,,62.291666666666664,36.458333333333336
2018-10-09,76.78333333333333,63.75,675.625,59.06666666666666,41.225,10.416666666666666,,0.0,,127.08333333333333,75.41666666666667
2018-10-10,24.1125,18.970833333333335,269.5,30.929166666666664,11.416666666666666,29.0,,0.0,,97.875,63.916666666666664
2018-10-11,27.0,20.179166666666667,277.5,29.650000000000002,9.433333333333334,23.583333333333332,,0.0,,65.16666666666667,38.208333333333336
2018-10-12,36.795833333333334,28.495833333333334,401.875,37.725,12.291666666666666,18.291666666666668,,0.0,,80.20833333333333,57.166666666666664
2018-10-13,25.679166666666664,19.966666666666665,279.9166666666667,34.2125,11.108333333333334,21.458333333333332,,0.0,,70.70833333333333,46.208333333333336
2018-10-14,36.67916666666667,28.241666666666664,310.9166666666667,32.8125,11.170833333333334,21.416666666666668,,0.25,,74.95833333333333,53.333333333333336
2018-10-15,45.40833333333333,36.18333333333333,380.875,45.291666666666664,13.616666666666667,19.625,,0.08333333333333333,,95.54166666666667,66.66666666666667
2018-10-16,36.641666666666666,30.520833333333332,339.5,40.770833333333336,14.120833333333332,21.416666666666668,,0.0,,96.29166666666667,66.95833333333333
2018-10-17,75.45833333333333,61.375,640.5416666666666,58.0375,30.458333333333332,10.791666666666666,,0.0,,100.04166666666667,68.08333333333333
2018-10-18,67.89166666666667,57.82083333333333,512.2083333333334,51.55833333333334,23.416666666666668,12.916666666666666,,0.0,,159.625,99.0
2018-10-19,53.09583333333333,42.37916666666667,366.8333333333333,38.75833333333333,15.475,19.166666666666668,,0.0,,131.625,78.5
2018-10-20,35.4625,26.495833333333334,338.5,40.90833333333333,11.733333333333334,17.0,,0.0,,92.54166666666667,65.16666666666667
2018-10-21,73.66250000000001,60.025,684.5,67.60000000000001,36.3125,4.791666666666667,,0.0,,111.70833333333333,72.0
2018-10-22,46.2125,37.12916666666667,397.1666666666667,44.574999999999996,20.758333333333333,23.083333333333332,,0.0,,146.75,85.70833333333333
2018-10-23,34.733333333333334,28.2375,343.2083333333333,37.762499999999996,18.495833333333334,15.75,,0.0,,79.625,56.625
2018-10-24,51.32083333333333,43.34166666666667,474.0833333333333,43.23333333333333,23.158333333333335,4.5,,0.0,,95.75,66.66666666666667
2018-10-25,23.77916666666667,19.412499999999998,311.25,30.141666666666666,9.495833333333334,11.5,,0.0,,105.625,69.29166666666667
2018-10-26,25.383333333333336,20.162499999999998,295.9583333333333,36.62083333333333,13.35,22.291666666666668,,0.0,,61.625,34.708333333333336
2018-10-27,23.0,18.691666666666666,294.0416666666667,35.800000000000004,12.487499999999999,17.083333333333332,,0.0,,68.83333333333333,43.541666666666664
2018-10-28,19.1125,16.008333333333333,269.7083333333333,26.133333333333336,8.9375,24.208333333333332,,0.0,,59.166666666666664,32.625
2018-10-29,17.616666666666667,13.370833333333332,227.125,23.129166666666666,10.133333333333333,32.333333333333336,,0.0,,57.125,30.75
2018-10-30,20.0,15.549999999999999,242.25,25.141666666666666,10.154166666666667,41.625,,0.0,,52.791666666666664,26.666666666666668
2018-10-31,32.22083333333333,24.241666666666664,282.8333333333333,32.81666666666667,20.116666666666667,26.125,,0.0,,66.20833333333333,40.958333333333336
2018-11-01,49.395833333333336,39.65833333333333,379.4583333333333,43.5875,31.754166666666666,6.458333333333333,,0.0,,92.75,65.45833333333333
2018-11-02,51.63333333333333,41.295833333333334,388.5,43.237500000000004,31.375,6.791666666666667,,0.5,,113.91666666666667,73.08333333333333
2018-11-03,32.891666666666666,28.329166666666666,292.8333333333333,32.262499999999996,13.1,15.208333333333334,,1.5416666666666667,,100.66666666666667,68.375
2018-11-04,21.695833333333336,16.662499999999998,262.875,26.4875,10.1875,21.833333333333332,,0.20833333333333334,,73.45833333333333,50.416666666666664
2018-11-05,57.137499999999996,44.14166666666667,538.7083333333334,55.7125,26.02916666666667,8.75,,0.0,,79.66666666666667,53.291666666666664
2018-11-06,56.45416666666667,46.333333333333336,516.875,51.5,25.295833333333334,6.125,,0.0,,131.16666666666666,78.29166666666667
2018-11-07,53.25833333333333,41.37083333333333,452.0,41.46666666666667,28.162499999999998,4.375,,0.5,,124.66666666666667,76.29166666666667
2018-11-08,75.10416666666667,61.32083333333333,566.7916666666666,43.32916666666667,30.791666666666668,1.8333333333333333,,1.0,,122.95833333333333,75.95833333333333
2018-11-09,91.4875,75.2375,587.5,46.262499999999996,25.099999999999998,1.2916666666666667,,1.0,,159.58333333333334,98.95833333333333
2018-11-10,42.55833333333333,34.625,355.5416666666667,30.620833333333334,15.008333333333333,10.0,,0.5,,145.45833333333334,87.45833333333333
2018-11-11,20.416666666666668,17.445833333333333,249.29166666666666,25.695833333333336,17.279166666666665,35.125,,0.0,,70.5,45.375
2018-11-12,42.925000000000004,34.97083333333333,345.7083333333333,40.358333333333334,38.88333333333333,16.75,,0.0,,79.45833333333333,55.375
2018-11-13,33.68333333333333,27.558333333333334,327.0,41.358333333333334,29.075,24.791666666666668,,0.0,,97.54166666666667,67.33333333333333
2018-11-14,32.71666666666667,27.191666666666666,311.125,36.56666666666667,23.59166666666667,22.833333333333332,,0.7083333333333334,,73.25,51.0
2018-11-15,85.075,67.09583333333333,602.9166666666666,53.800000000000004,63.145833333333336,4.25,,1.7916666666666667,,119.66666666666667,75.125
2018-11-16,117.3875,95.21666666666665,1019.7083333333334,71.80833333333334,79.52499999999999,1.875,,0.0,,167.125,110.58333333333333
2018-11-17,30.520833333333332,25.508333333333336,314.5,36.56666666666667,13.35,22.125,,1.9166666666666667,,139.375,88.95833333333333
2018-11-18,37.425000000000004,30.34583333333333,396.5,33.2875,16.087500000000002,10.5,,0.375,,72.125,48.166666666666664
2018-11-19,27.46666666666667,22.025000000000002,299.4166666666667,33.40416666666667,11.333333333333334,10.958333333333334,,0.0,,90.125,63.958333333333336
2018-11-20,26.254166666666666,20.212500000000002,301.0833333333333,39.80416666666667,12.508333333333333,28.958333333333332,,0.0,,66.0,39.541666666666664
2018-11-21,20.854166666666668,13.495833333333332,238.16666666666666,29.133333333333336,9.362499999999999,42.791666666666664,,0.0,,61.166666666666664,34.583333333333336
2018-11-22,15.883333333333333,11.1,206.29166666666666,19.329166666666666,7.7,50.0,,0.0,,50.791666666666664,24.875
2018-11-23,20.212500000000002,13.9375,245.29166666666666,29.275000000000002,9.9,46.333333333333336,,0.0,,47.041666666666664,23.791666666666668
2018-11-24,15.258333333333333,12.625,219.41666666666666,22.316666666666666,8.983333333333333,44.375,,0.0,,53.291666666666664,27.166666666666668
2018-11-25,26.65416666666667,21.537499999999998,328.3333333333333,37.86666666666667,13.9,21.541666666666668,,0.0,,58.0,31.541666666666668
2018-11-26,34.90833333333333,27.2625,356.9583333333333,44.77916666666667,20.204166666666666,15.708333333333334,,0.0,,83.16666666666667,60.166666666666664
2018-11-27,35.833333333333336,28.166666666666668,379.4166666666667,49.00833333333333,25.2375,16.625,,0.0,,76.45833333333333,56.333333333333336
2018-11-28,24.849999999999998,19.229166666666668,305.5,34.604166666666664,12.275,24.041666666666668,,0.0,,79.70833333333333,57.333333333333336
2018-11-29,29.166666666666668,24.066666666666666,336.4583333333333,42.391666666666666,16.320833333333333,23.291666666666668,,0.0,,64.16666666666667,38.208333333333336
2018-11-30,45.916666666666664,38.0875,451.5833333333333,55.56666666666666,27.795833333333334,14.833333333333334,,0.0,,88.875,64.04166666666667
2018-12-01,61.22083333333333,49.07083333333333,543.1666666666666,54.94166666666666,45.041666666666664,19.583333333333332,,0.0,,140.91666666666666,81.91666666666667
2018-12-02,30.270833333333332,25.666666666666668,295.7083333333333,35.733333333333334,26.65833333333333,38.25,,0.4583333333333333,,87.5,59.5
2018-12-03,49.19583333333333,41.420833333333334,444.7916666666667,46.82916666666667,31.599999999999998,9.708333333333334,,0.041666666666666664,,98.375,67.66666666666667
2018-12-04,45.291666666666664,37.90833333333333,386.7083333333333,42.175000000000004,31.883333333333336,17.166666666666668,,0.0,,114.58333333333333,73.0
2018-12-05,48.02916666666667,38.62083333333333,395.9583333333333,44.64166666666667,39.074999999999996,17.875,,1.0,,102.79166666666667,69.29166666666667
2018-12-06,77.7625,68.63333333333334,855.5,57.199999999999996,67.99583333333334,6.666666666666667,,0.125,,140.70833333333334,86.625
2018-12-07,41.1,36.166666666666664,410.875,55.57083333333333,18.329166666666666,21.791666666666668,,0.0,,117.25,75.29166666666667
2018-12-08,112.7375,94.09166666666665,1053.4583333333333,82.60000000000001,72.98333333333333,1.7083333333333333,,0.0,,148.0,94.95833333333333
2018-12-09,39.2875,32.791666666666664,408.0833333333333,45.041666666666664,33.62083333333333,11.0,,0.0,,145.04166666666666,92.79166666666667
2018-12-10,52.82916666666667,42.50416666666667,437.75,48.99166666666667,40.275,5.958333333333333,,0.0,,97.58333333333333,67.33333333333333
2018-12-11,65.05,53.041666666666664,536.5833333333334,41.5375,41.0,5.541666666666667,,0.0,,121.125,75.16666666666667
2018-12-12,92.73333333333333,79.10416666666667,846.0416666666666,46.54583333333333,46.925000000000004,5.041666666666667,,0.0,,162.375,103.79166666666667
2018-12-13,17.329166666666666,14.933333333333332,278.2083333333333,28.695833333333336,12.970833333333333,23.458333333333332,,0.0,,103.41666666666667,62.125
2018-12-14,27.625,21.191666666666666,294.2916666666667,35.762499999999996,14.695833333333333,25.916666666666668,,0.3333333333333333,,63.916666666666664,37.375
2018-12-15,26.1875,21.766666666666666,327.2916666666667,42.275,16.875,25.375,,0.0,,67.29166666666667,40.958333333333336
2018-12-16,66.21249999999999,56.67083333333333,562.0416666666666,67.00833333333334,37.43333333333333,10.166666666666666,,0.0,,97.45833333333333,65.5
2018-12-17,95.2625,85.05416666666666,666.7916666666666,70.71666666666667,51.18333333333334,3.375,,0.0,,161.95833333333334,102.33333333333333
2018-12-18,101.63333333333333,90.20833333333333,837.875,70.13333333333334,96.95833333333333,3.0833333333333335,,0.0,,163.875,105.5
2018-12-19,121.77499999999999,103.4375,889.625,64.95833333333333,69.52916666666667,0.7916666666666666,,0.0,,174.70833333333334,121.91666666666667
2018-12-20,93.91666666666667,79.64583333333333,749.2916666666666,58.13333333333333,90.90833333333335,1.0833333333333333,,0.0,,167.375,110.66666666666667
2018-12-21,80.03333333333333,68.82083333333334,709.9583333333334,55.67916666666667,74.58333333333333,3.5833333333333335,,0.0,,163.33333333333334,104.79166666666667
2018-12-22,38.9125,33.25833333333333,409.5833333333333,40.15833333333333,34.59166666666667,9.875,,0.0,,123.625,77.41666666666667
2018-12-23,33.88333333333333,28.391666666666666,323.6666666666667,31.525000000000002,21.395833333333332,20.458333333333332,,0.0,,92.70833333333333,65.70833333333333
2018-12-24,24.65833333333333,21.675,347.5416666666667,29.65833333333333,15.841666666666667,14.416666666666666,,0.0,,75.70833333333333,54.791666666666664
2018-12-25,78.65416666666667,66.31666666666666,673.0,46.05833333333334,35.27916666666667,3.5,,0.0,,97.70833333333333,64.45833333333333
2018-12-26,124.59583333333335,109.83333333333333,1249.875,58.862500000000004,92.42916666666667,0.3333333333333333,,0.0,,172.29166666666666,118.625
2018-12-27,49.550000000000004,41.80833333333333,521.25,39.858333333333334,23.65833333333333,4.791666666666667,,0.0,,155.91666666666666,99.83333333333333
2018-12-28,119.94583333333333,99.85000000000001,1097.375,69.28333333333333,70.50416666666666,0.5,,0.0,,148.625,91.79166666666667
2018-12-29,100.75416666666666,82.97083333333333,898.7916666666666,65.60000000000001,63.42916666666667,1.4166666666666667,,0.0,,168.20833333333334,112.04166666666667
2018-12-30,60.708333333333336,49.5375,605.4166666666666,51.67916666666667,38.958333333333336,3.1666666666666665,,0.0,,162.20833333333334,103.25
2018-12-31,60.57083333333333,50.05833333333334,578.0833333333334,52.27916666666667,57.50416666666666,8.0,,0.0,,112.58333333333333,72.45833333333333
2019-01-01,32.80416666666667,27.995833333333334,365.4583333333333,36.02916666666667,28.575,18.125,,0.0,,129.91666666666666,77.83333333333333
2019-01-02,21.191666666666666,19.400000000000002,320.7916666666667,25.65416666666667,14.745833333333332,29.916666666666668,,0.0,,65.875,40.25
2019-01-03,30.1125,26.954166666666666,365.0833333333333,36.916666666666664,26.441666666666666,21.708333333333332,,0.0,,75.75,53.375
2019-01-04,56.775,47.729166666666664,530.2083333333334,53.27916666666667,38.17916666666667,13.958333333333334,,0.0,,96.25,66.79166666666667
2019-01-05,81.45833333333333,69.44583333333334,779.2916666666666,52.4,47.199999999999996,5.708333333333333,,0.0,,152.58333333333334,91.79166666666667
2019-01-06,32.645833333333336,29.166666666666668,400.1666666666667,40.4,22.02916666666667,18.083333333333332,,0.0,,121.5,77.33333333333333
2019-01-07,35.520833333333336,29.691666666666666,409.5416666666667,41.145833333333336,24.3875,20.208333333333332,,0.0,,89.75,64.45833333333333
2019-01-08,26.520833333333332,22.508333333333336,310.9583333333333,28.837500000000002,14.858333333333334,38.208333333333336,,0.0,,75.5,52.791666666666664
2019-01-09,49.36666666666667,40.3125,413.3333333333333,43.699999999999996,29.325000000000003,26.166666666666668,,0.0,,88.33333333333333,62.708333333333336
2019-01-10,84.68333333333334,70.76666666666667,760.0416666666666,65.04166666666667,81.75833333333334,5.041666666666667,,0.0,,142.125,83.45833333333333
2019-01-11,68.35416666666667,60.7125,644.7083333333334,51.208333333333336,48.21666666666667,16.208333333333332,,0.0,,159.95833333333334,99.66666666666667
2019-01-12,19.425,17.454166666666666,307.2916666666667,26.608333333333334,12.479166666666666,41.791666666666664,,0.0,,98.0,63.083333333333336
2019-01-13,27.075,23.745833333333334,297.9583333333333,33.170833333333334,13.875,38.875,,0.0,,68.29166666666667,43.708333333333336
2019-01-14,25.108333333333334,21.8125,253.33333333333334,28.866666666666664,18.349999999999998,42.416666666666664,,0.0,,73.33333333333333,51.625
2019-01-15,19.6125,17.337500000000002,243.66666666666666,24.52916666666667,15.549999999999999,41.833333333333336,,0.0,,67.875,42.5
2019-01-16,58.0,45.67916666666667,534.1666666666666,47.89166666666667,23.22083333333333,27.875,,0.0,,85.375,54.083333333333336
2019-01-17,15.8375,13.679166666666667,239.33333333333334,22.03333333333333,11.470833333333333,49.0,,0.0,,96.79166666666667,60.791666666666664
2019-01-18,18.883333333333333,16.954166666666666,230.95833333333334,20.0,8.954166666666667,37.083333333333336,,0.0,,53.583333333333336,27.375
2019-01-19,14.058333333333332,11.679166666666667,235.66666666666666,21.091666666666665,8.762500000000001,45.541666666666664,,0.0,,56.583333333333336,30.25
2019-01-20,13.950000000000001,12.595833333333333,227.41666666666666,18.758333333333333,8.016666666666667,49.333333333333336,,0.0,,50.791666666666664,24.791666666666668
2019-01-21,16.712500000000002,14.233333333333334,275.25,27.954166666666666,12.358333333333334,42.541666666666664,,0.0,,51.708333333333336,25.708333333333332
2019-01-22,25.820833333333336,22.599999999999998,376.875,31.066666666666666,16.404166666666665,21.416666666666668,,0.0,,60.416666666666664,34.166666666666664
2019-01-23,41.99583333333333,34.025,431.7083333333333,45.42916666666667,27.337500000000002,18.041666666666668,,0.0,,84.08333333333333,61.166666666666664
2019-01-24,75.83333333333333,62.4375,736.5833333333334,59.99583333333334,66.27499999999999,11.416666666666666,,0.0,,126.83333333333333,78.375
2019-01-25,54.48333333333333,44.82916666666667,670.25,54.96666666666667,53.13333333333333,19.291666666666668,,0.0,,130.0,78.83333333333333
2019-01-26,26.358333333333334,21.804166666666664,323.8333333333333,34.145833333333336,23.9375,39.083333333333336,,0.0,,119.25,74.20833333333333
2019-01-27,20.962500000000002,16.566666666666666,319.0416666666667,35.24166666666667,23.125,34.75,,0.4166666666666667,,57.375,31.166666666666668
2019-01-28,43.96666666666667,35.80416666666667,448.7916666666667,49.39166666666667,35.729166666666664,27.083333333333332,,1.0,,83.29166666666667,57.0
2019-01-29,41.637499999999996,35.94583333333333,397.9583333333333,42.108333333333334,32.55416666666667,28.375,,0.9166666666666666,,98.29166666666667,67.75
2019-01-30,46.166666666666664,38.22083333333333,422.75,41.18333333333333,30.954166666666666,27.041666666666668,,1.125,,101.58333333333333,69.0
2019-01-31,41.725,35.13333333333333,344.4583333333333,39.612500000000004,22.479166666666668,32.125,,3.375,,109.125,71.29166666666667
2019-02-01,57.77916666666667,47.37916666666666,466.7083333333333,55.1875,43.74166666666667,16.625,,1.9583333333333333,,106.66666666666667,70.45833333333333
2019-02-02,81.20416666666667,68.77916666666667,625.5833333333334,61.50416666666666,55.80416666666667,7.791666666666667,,2.0,,147.75,86.625
2019-02-03,58.89166666666666,50.57916666666667,454.5833333333333,43.800000000000004,25.920833333333334,14.333333333333334,,1.4166666666666667,,153.25,90.41666666666667
2019-02-04,49.05833333333334,42.96666666666667,387.125,37.99583333333333,20.483333333333334,20.958333333333332,,1.2916666666666667,,124.875,76.33333333333333
2019-02-05,43.4,35.12916666666667,464.0416666666667,40.18333333333333,25.88333333333333,25.75,,1.125,,98.95833333333333,67.66666666666667
2019-02-06,62.15833333333333,57.17916666666667,498.9166666666667,57.1875,46.42083333333333,19.208333333333332,,0.0,,135.66666666666666,80.66666666666667
2019-02-07,39.37916666666667,36.479166666666664,399.375,40.44583333333333,20.337500000000002,21.708333333333332,,0.0,,129.125,77.83333333333333
2019-02-08,32.87916666666667,29.6125,364.0416666666667,35.55833333333333,19.904166666666665,33.458333333333336,,0.0,,93.125,65.79166666666667
2019-02-09,26.96666666666667,23.958333333333332,293.75,26.879166666666666,12.549999999999999,45.166666666666664,,0.0,,81.125,60.791666666666664
2019-02-10,31.3875,29.241666666666664,287.0416666666667,28.479166666666668,14.708333333333334,49.041666666666664,,0.0,,80.25,60.333333333333336
2019-02-11,41.40833333333333,38.1875,345.125,36.516666666666666,22.233333333333334,37.666666666666664,,0.20833333333333334,,97.0,67.25
2019-02-12,39.512499999999996,35.275,319.4166666666667,28.291666666666668,18.483333333333334,41.583333333333336,,0.25,,104.41666666666667,69.75
2019-02-13,33.40416666666667,29.1375,361.125,35.09583333333333,20.05,24.583333333333332,,0.0,,100.5,68.41666666666667
2019-02-14,25.900000000000002,21.204166666666666,339.875,35.32083333333333,15.379166666666668,45.541666666666664,,0.0,,70.83333333333333,46.083333333333336
2019-02-15,13.950000000000001,11.975,209.70833333333334,15.916666666666666,5.704166666666667,52.375,,0.375,,62.0,36.416666666666664
2019-02-16,16.5625,13.516666666666666,226.70833333333334,20.2375,7.095833333333334,52.666666666666664,,0.5,,46.0,23.5
2019-02-17,16.883333333333333,15.383333333333333,204.375,12.941666666666668,4.75,56.083333333333336,,0.5,,61.291666666666664,34.5
2019-02-18,13.608333333333334,10.533333333333333,244.20833333333334,19.208333333333332,8.237499999999999,58.166666666666664,,0.0,,39.541666666666664,25.708333333333332
2019-02-19,25.695833333333336,20.858333333333334,312.5833333333333,33.958333333333336,13.975,54.041666666666664,,0.0,,66.25,42.833333333333336
2019-02-20,30.4875,27.2625,255.79166666666666,20.099999999999998,8.858333333333333,48.416666666666664,,0.5,,68.70833333333333,44.625
2019-02-21,9.404166666666667,8.183333333333334,215.08333333333334,16.008333333333333,6.283333333333334,46.125,,0.0,,65.41666666666667,43.541666666666664
2019-02-22,7.55,6.158333333333334,214.91666666666666,14.720833333333333,4.920833333333333,54.708333333333336,,0.0,,26.708333333333332,21.833333333333332
2019-02-23,15.583333333333334,13.875,290.7083333333333,26.55,10.637500000000001,54.791666666666664,,0.0,,40.0,23.333333333333332
2019-02-24,19.525000000000002,16.616666666666667,290.9166666666667,29.8625,10.233333333333333,36.916666666666664,,0.25,,55.791666666666664,29.416666666666668
2019-02-25,14.216666666666667,11.416666666666666,227.83333333333334,19.920833333333334,6.558333333333334,48.833333333333336,,0.375,,56.708333333333336,30.125
2019-02-26,10.825000000000001,8.3375,219.70833333333334,19.416666666666668,6.7124999999999995,49.708333333333336,,0.0,,39.5,20.083333333333332
2019-02-27,14.0875,11.454166666666666,259.75,27.400000000000002,10.8375,47.708333333333336,,0.0,,39.583333333333336,20.458333333333332
2019-02-28,28.133333333333336,23.441666666666666,333.4166666666667,30.25,14.674999999999999,36.166666666666664,,0.5,,53.625,27.75
2019-03-01,36.829166666666666,29.40416666666667,400.9166666666667,40.0375,22.791666666666668,18.166666666666668,,0.375,,98.375,67.375
2019-03-02,19.391666666666666,16.6125,307.2083333333333,30.1125,11.066666666666668,43.25,,0.0,,61.541666666666664,36.208333333333336
2019-03-03,14.608333333333334,12.866666666666667,249.33333333333334,23.162499999999998,7.641666666666667,54.041666666666664,,0.0,,57.416666666666664,31.083333333333332
2019-03-04,50.40416666666667,39.65416666666667,541.5833333333334,56.425000000000004,35.99166666666667,19.208333333333332,,0.0,,84.41666666666667,55.166666666666664
2019-03-05,21.454166666666666,19.354166666666668,274.6666666666667,25.65833333333333,10.375,39.291666666666664,,0.0,,86.41666666666667,59.083333333333336
2019-03-06,13.720833333333333,11.054166666666667,238.125,19.0625,7.191666666666666,51.125,,0.0,,54.875,29.458333333333332
2019-03-07,24.270833333333332,20.2,320.375,33.704166666666666,15.766666666666666,50.625,,0.0,,59.708333333333336,33.375
2019-03-08,23.0125,20.620833333333334,269.5833333333333,23.6875,11.645833333333334,50.916666666666664,,0.0,,64.58333333333333,37.833333333333336
2019-03-09,19.916666666666668,16.425,234.83333333333334,20.720833333333335,6.2124999999999995,55.541666666666664,,0.0,,68.45833333333333,43.875
2019-03-10,24.7625,22.21666666666667,279.0833333333333,33.300000000000004,11.6875,43.333333333333336,,0.0,,60.125,33.583333333333336
2019-03-11,30.28333333333333,27.270833333333332,358.375,40.237500000000004,16.483333333333334,32.0,,0.0,,81.33333333333333,60.791666666666664
2019-03-12,18.6375,16.891666666666666,290.7916666666667,30.7375,12.420833333333334,45.208333333333336,,0.0,,68.79166666666667,44.541666666666664
2019-03-13,31.520833333333332,26.837500000000002,405.0833333333333,40.699999999999996,20.645833333333332,32.25,,0.0,,65.25,39.541666666666664
2019-03-14,53.862500000000004,42.083333333333336,544.0416666666666,54.112500000000004,37.62083333333333,30.083333333333332,,0.0,,113.875,72.625
2019-03-15,31.724999999999998,29.47083333333333,309.6666666666667,31.983333333333334,17.883333333333333,48.375,,0.0,,93.41666666666667,65.79166666666667
2019-03-16,26.858333333333334,23.958333333333332,299.375,30.920833333333334,18.829166666666666,42.666666666666664,,0.0,,81.125,60.458333333333336
2019-03-17,43.50416666666666,37.44166666666667,378.125,39.13333333333333,24.150000000000002,34.75,,0.4166666666666667,,86.29166666666667,62.875
2019-03-18,38.57083333333333,34.858333333333334,320.75,33.88333333333333,16.783333333333335,41.625,,0.16666666666666666,,113.16666666666667,72.58333333333333
2019-03-19,29.104166666666668,26.02916666666667,330.5416666666667,35.025,15.9125,40.958333333333336,,0.0,,81.375,60.583333333333336
2019-03-20,23.254166666666666,20.370833333333334,320.375,32.90416666666667,10.720833333333333,39.0,,0.0,,76.58333333333333,56.0
2019-03-21,30.479166666666668,26.045833333333334,392.4583333333333,41.43333333333333,15.708333333333334,27.083333333333332,,0.0,,70.54166666666667,46.458333333333336
2019-03-22,16.925,12.429166666666667,255.16666666666666,23.275000000000002,8.1625,52.791666666666664,,0.0,,72.0,49.916666666666664
2019-03-23,34.975,28.383333333333336,382.125,40.275,17.395833333333332,44.083333333333336,,0.0,,49.5,27.458333333333332
2019-03-24,32.387499999999996,27.099999999999998,359.6666666666667,40.229166666666664,13.350000000000001,41.375,,0.0,,103.91666666666667,69.625
2019-03-25,29.520833333333332,21.26666666666667,325.25,36.28333333333333,11.941666666666668,54.041666666666664,,0.0,,64.58333333333333,39.041666666666664
2019-03-26,33.97083333333333,27.445833333333336,377.2083333333333,43.14166666666667,16.779166666666665,39.708333333333336,,0.0,,81.75,59.583333333333336
2019-03-27,22.78333333333333,19.270833333333332,308.5833333333333,32.725,11.137500000000001,47.583333333333336,,0.0,,76.29166666666667,54.958333333333336
2019-03-28,17.783333333333335,15.558333333333332,310.9166666666667,31.916666666666668,10.633333333333333,54.583333333333336,,0.0,,54.916666666666664,31.583333333333332
2019-03-29,34.49166666666667,29.15833333333333,432.375,47.979166666666664,19.099999999999998,32.25,,0.0,,74.25,50.958333333333336
2019-03-30,20.770833333333332,17.491666666666667,236.54166666666666,23.90833333333333,6.095833333333334,52.916666666666664,,0.0,,74.95833333333333,52.291666666666664
2019-03-31,24.96666666666667,21.954166666666666,227.41666666666666,18.458333333333332,5.954166666666667,66.0,,0.0,,65.83333333333333,40.041666666666664
2019-04-01,13.691666666666668,12.025,231.95833333333334,17.991666666666667,5.6125,59.083333333333336,,0.0,,64.125,38.75
2019-04-02,23.412499999999998,18.904166666666665,311.125,34.362500000000004,11.420833333333334,51.0,,0.0,,51.791666666666664,27.041666666666668
2019-04-03,39.354166666666664,30.433333333333334,416.5833333333333,48.041666666666664,20.6375,38.75,,0.0,,82.33333333333333,58.291666666666664
2019-04-04,36.55833333333333,27.212500000000002,348.5833333333333,39.55416666666667,17.025000000000002,47.5,,0.0,,85.79166666666667,62.958333333333336
2019-04-05,38.28333333333333,29.933333333333334,347.2083333333333,39.25416666666667,17.366666666666667,43.875,,1.3333333333333333,,82.04166666666667,61.583333333333336
2019-04-06,39.94583333333333,33.3125,391.5833333333333,40.05416666666667,17.854166666666668,32.041666666666664,,0.9166666666666666,,93.41666666666667,66.08333333333333
2019-04-07,69.8,62.53333333333333,625.2083333333334,53.40833333333333,29.258333333333336,27.333333333333332,,0.0,,138.625,82.83333333333333
2019-04-08,34.454166666666666,28.40833333333333,324.3333333333333,34.7125,18.770833333333332,49.291666666666664,,0.4166666666666667,,112.54166666666667,72.79166666666667
2019-04-09,31.724999999999998,26.233333333333334,292.25,30.90416666666667,14.454166666666667,50.916666666666664,,4.708333333333333,,76.0,55.666666666666664
2019-04-10,43.51666666666667,36.53333333333333,349.5,38.52916666666667,14.858333333333334,35.333333333333336,,11.875,,98.33333333333333,67.625
2019-04-11,25.004166666666666,21.820833333333336,313.125,38.90416666666667,12.362499999999999,46.541666666666664,,0.4166666666666667,,87.0,62.166666666666664
2019-04-12,16.679166666666667,14.070833333333333,259.3333333333333,31.599999999999998,10.1,46.875,,0.0,,58.916666666666664,32.791666666666664
2019-04-13,13.450000000000001,11.1,239.25,27.604166666666668,7.175,55.25,,0.0,,49.958333333333336,25.833333333333332
2019-04-14,16.366666666666667,12.120833333333332,220.20833333333334,22.679166666666664,5.325,62.916666666666664,,0.0,,47.25,25.375
2019-04-15,23.3625,17.662499999999998,265.3333333333333,28.34583333333333,9.675,63.291666666666664,,0.0,,55.208333333333336,29.708333333333332
2019-04-16,22.925,16.408333333333335,283.4583333333333,31.8125,10.0875,53.083333333333336,,0.0,,66.0,39.625
2019-04-17,24.979166666666668,18.416666666666668,305.25,35.96666666666667,15.4,48.458333333333336,,0.0,,51.25,28.875
2019-04-18,44.43333333333334,35.19166666666667,436.0833333333333,49.9,19.716666666666665,39.416666666666664,,0.0,,99.5,65.95833333333333
2019-04-19,28.116666666666664,23.462500000000002,354.3333333333333,41.362500000000004,15.325000000000001,44.333333333333336,,0.0,,71.66666666666667,46.166666666666664
2019-04-20,40.920833333333334,33.4375,476.0,55.104166666666664,20.504166666666666,30.875,,0.0,,91.58333333333333,64.91666666666667
2019-04-21,46.75416666666666,40.766666666666666,501.5,58.24583333333334,31.2,37.208333333333336,,0.0,,100.5,68.45833333333333
2019-04-22,58.9375,49.979166666666664,636.875,56.57916666666667,25.400000000000002,44.125,,0.0,,134.16666666666666,79.29166666666667
2019-04-23,33.637499999999996,26.458333333333332,345.4166666666667,38.6,10.2875,53.458333333333336,,0.0,,103.625,69.16666666666667
2019-04-24,31.933333333333334,26.09166666666667,322.125,36.704166666666666,10.816666666666668,65.16666666666667,,0.0,,77.70833333333333,59.541666666666664
2019-04-25,39.09166666666667,30.75,388.7916666666667,45.76666666666667,14.4625,58.708333333333336,,0.0,,87.25,63.75
2019-04-26,60.65833333333333,48.0,534.7083333333334,66.70416666666667,30.7,39.708333333333336,,0.3333333333333333,,101.58333333333333,68.79166666666667
2019-04-27,42.25416666666667,37.141666666666666,400.9166666666667,46.862500000000004,16.104166666666668,57.0,,1.7916666666666667,,124.625,76.25
2019-04-28,16.870833333333334,14.470833333333333,232.66666666666666,27.150000000000002,5.408333333333334,61.708333333333336,,0.7083333333333334,,79.83333333333333,54.666666666666664
2019-04-29,23.974999999999998,20.0,301.7916666666667,41.050000000000004,15.424999999999999,47.291666666666664,,0.0,,58.083333333333336,31.666666666666668
2019-04-30,50.62916666666666,40.375,460.5416666666667,55.175000000000004,29.208333333333332,38.833333333333336,,0.25,,85.66666666666667,59.291666666666664
2019-05-01,40.71666666666666,34.550000000000004,420.625,40.487500000000004,23.7375,51.541666666666664,,0.7916666666666666,,122.375,75.58333333333333
2019-05-02,17.675,14.566666666666668,267.4583333333333,27.400000000000002,12.975,53.833333333333336,,0.7083333333333334,,66.79166666666667,41.0
2019-05-03,11.308333333333332,8.854166666666666,187.75,14.033333333333333,4.583333333333333,71.79166666666667,,0.7916666666666666,,46.875,29.083333333333332
2019-05-04,16.304166666666667,13.891666666666666,262.75,29.03333333333333,9.558333333333334,57.791666666666664,,0.0,,43.833333333333336,26.708333333333332
2019-05-05,29.525000000000002,25.320833333333336,352.0,38.416666666666664,13.575000000000001,52.25,,0.8333333333333334,,70.83333333333333,48.833333333333336
2019-05-06,39.18333333333333,31.037499999999998,368.75,48.82916666666667,20.291666666666668,53.125,,2.625,,79.08333333333333,59.916666666666664
2019-05-07,60.71666666666667,48.13333333333333,581.0833333333334,58.03333333333333,30.325,51.291666666666664,,2.8333333333333335,,127.625,77.33333333333333
2019-05-08,35.275,28.59166666666667,355.1666666666667,41.9125,14.629166666666668,51.791666666666664,,5.25,,99.29166666666667,67.625
2019-05-09,28.795833333333334,22.59583333333333,278.1666666666667,26.7375,11.945833333333333,57.166666666666664,,5.583333333333333,,73.54166666666667,50.916666666666664
2019-05-10,26.816666666666666,21.5,304.7083333333333,38.69583333333333,17.220833333333335,60.708333333333336,,4.333333333333333,,70.75,46.916666666666664
2019-05-11,13.700000000000001,11.229166666666666,215.66666666666666,18.483333333333334,7.9375,67.33333333333333,,2.2083333333333335,,61.0,35.541666666666664
2019-05-12,37.87916666666667,31.77916666666667,446.0,52.300000000000004,22.474999999999998,41.625,,0.8333333333333334,,67.0,42.875
2019-05-13,20.975,17.783333333333335,295.375,33.775,7.233333333333333,51.625,,2.0833333333333335,,85.375,60.625
2019-05-14,13.104166666666666,11.575000000000001,217.91666666666666,23.4875,5.0125,57.541666666666664,,2.9166666666666665,,47.541666666666664,26.458333333333332
2019-05-15,12.441666666666668,10.370833333333334,206.375,28.558333333333334,6.091666666666666,51.0,,2.0833333333333335,,49.875,24.416666666666668
2019-05-16,7.5249999999999995,5.9750000000000005,194.125,20.650000000000002,5.154166666666667,68.25,,0.0,,35.166666666666664,27.25
2019-05-17,18.558333333333334,14.804166666666667,311.3333333333333,36.85,11.958333333333334,58.958333333333336,,0.0,,43.708333333333336,27.375
2019-05-18,16.633333333333333,13.241666666666667,276.6666666666667,28.3875,5.9624999999999995,57.0,,0.0,,56.041666666666664,30.041666666666668
2019-05-19,11.933333333333332,9.729166666666666,193.58333333333334,18.295833333333334,4.395833333333333,61.458333333333336,,0.0,,46.0,26.583333333333332
2019-05-20,25.745833333333334,20.854166666666668,331.5416666666667,43.44166666666666,17.2875,43.583333333333336,,0.0,,60.041666666666664,34.791666666666664
2019-05-21,29.816666666666666,23.1375,357.5833333333333,40.32083333333333,21.416666666666668,44.166666666666664,,0.0,,70.0,45.541666666666664
2019-05-22,16.7,13.875,253.25,27.462500000000002,7.933333333333334,64.625,,0.0,,61.625,37.208333333333336
2019-05-23,18.974999999999998,16.150000000000002,271.2083333333333,30.287499999999998,7.320833333333333,55.041666666666664,,0.08333333333333333,,59.625,33.166666666666664
2019-05-24,12.512500000000001,10.225,213.33333333333334,24.77916666666667,11.658333333333333,58.708333333333336,,0.0,,43.375,27.083333333333332
2019-05-25,16.158333333333335,13.591666666666667,222.33333333333334,22.520833333333332,12.3125,60.541666666666664,,0.125,,50.541666666666664,26.041666666666668
2019-05-26,12.887500000000001,11.004166666666668,237.16666666666666,25.820833333333336,5.7250000000000005,58.166666666666664,,0.3333333333333333,,48.458333333333336,28.416666666666668
2019-05-27,11.924999999999999,9.85,192.95833333333334,18.620833333333334,4.9624999999999995,63.708333333333336,,0.0,,45.375,26.916666666666668
2019-05-28,17.741666666666667,15.283333333333333,232.16666666666666,23.7,8.379166666666666,77.20833333333333,,0.0,,47.666666666666664,32.291666666666664
2019-05-29,24.191666666666666,21.2625,213.45833333333334,20.841666666666665,10.041666666666666,82.58333333333333,,0.0,,63.916666666666664,38.791666666666664
2019-05-30,24.545833333333334,21.054166666666667,220.75,22.837500000000002,7.5874999999999995,68.95833333333333,,2.0416666666666665,,75.20833333333333,55.125
2019-05-31,20.091666666666665,16.254166666666666,296.5,38.38333333333333,14.133333333333333,48.166666666666664,,1.4166666666666667,,56.75,30.916666666666668
2019-06-01,15.466666666666667,13.4375,236.91666666666666,26.925,5.208333333333333,56.666666666666664,,0.2916666666666667,,60.125,33.541666666666664
2019-06-02,24.97083333333333,20.204166666666666,328.5,30.945833333333336,10.487499999999999,46.333333333333336,,0.0,,66.125,40.708333333333336
2019-06-03,9.85,8.6,196.45833333333334,18.891666666666666,4.220833333333333,53.0,,0.0,,44.708333333333336,27.375
2019-06-04,33.708333333333336,26.90833333333333,356.4166666666667,43.81666666666666,26.34166666666667,51.291666666666664,,0.0,,63.833333333333336,42.166666666666664
2019-06-05,29.929166666666664,23.3125,327.25,44.12083333333334,20.079166666666666,60.916666666666664,,0.0,,78.91666666666667,59.458333333333336
2019-06-06,31.05,24.983333333333334,332.6666666666667,48.541666666666664,14.491666666666667,78.08333333333333,,0.0,,73.20833333333333,53.791666666666664
2019-06-07,45.57083333333333,37.824999999999996,402.6666666666667,60.645833333333336,28.55,87.91666666666667,,0.0,,99.08333333333333,66.08333333333333
2019-06-08,54.38333333333333,46.74166666666667,438.0,69.72083333333333,26.175,71.58333333333333,,0.0,,122.79166666666667,75.625
2019-06-09,35.708333333333336,31.016666666666666,400.0416666666667,44.50416666666666,13.1,65.79166666666667,,0.0,,108.125,70.875
2019-06-10,21.78333333333333,18.275000000000002,276.7083333333333,33.25416666666667,5.379166666666666,62.583333333333336,,0.6666666666666666,,72.54166666666667,48.125
2019-06-11,25.483333333333334,20.441666666666666,287.75,36.55416666666667,9.049999999999999,69.20833333333333,,0.08333333333333333,,66.33333333333333,40.875
2019-06-12,39.3375,32.28333333333333,440.1666666666667,56.63333333333333,23.05,44.791666666666664,,0.0,,85.08333333333333,60.208333333333336
2019-06-13,12.208333333333334,9.408333333333333,211.29166666666666,25.070833333333336,11.079166666666666,61.5,,0.0,,54.958333333333336,39.541666666666664
2019-06-14,20.129166666666666,16.650000000000002,245.58333333333334,29.825,10.6875,55.708333333333336,,0.375,,58.041666666666664,33.0
2019-06-15,21.108333333333334,17.529166666666665,269.375,35.387499999999996,11.012500000000001,58.791666666666664,,0.3333333333333333,,56.083333333333336,30.5
2019-06-16,23.541666666666668,19.662499999999998,285.375,33.725,4.933333333333334,52.458333333333336,,0.5,,70.29166666666667,46.708333333333336
2019-06-17,18.608333333333334,16.05,280.5833333333333,31.745833333333334,6.158333333333334,58.375,,0.4583333333333333,,60.708333333333336,34.458333333333336
2019-06-18,17.849999999999998,14.9375,229.29166666666666,26.304166666666664,5.208333333333333,68.54166666666667,,0.75,,56.416666666666664,33.75
2019-06-19,17.391666666666666,14.329166666666666,238.20833333333334,29.233333333333334,6.408333333333332,68.25,,0.0,,52.125,32.083333333333336
2019-06-20,29.0625,23.1375,340.2083333333333,43.52916666666667,11.275,53.791666666666664,,0.0,,68.25,44.0
2019-06-21,31.799999999999997,25.0,411.9166666666667,47.55833333333334,12.2125,57.208333333333336,,0.3333333333333333,,76.79166666666667,58.0
2019-06-22,18.9875,16.983333333333334,232.625,22.458333333333332,4.791666666666667,78.08333333333333,,0.8333333333333334,,68.16666666666667,43.375
2019-06-23,13.674999999999999,11.929166666666667,184.08333333333334,19.833333333333332,3.4499999999999997,64.20833333333333,,0.125,,54.333333333333336,31.208333333333332
2019-06-24,14.375,12.095833333333333,187.33333333333334,24.508333333333336,6.7375,59.458333333333336,,0.0,,48.125,26.708333333333332
2019-06-25,14.958333333333334,12.141666666666666,200.66666666666666,22.65416666666667,4.666666666666667,50.916666666666664,,0.0,,49.958333333333336,24.791666666666668
2019-06-26,27.166666666666668,21.745833333333334,298.0,38.375,7.716666666666666,39.0,,0.0,,63.416666666666664,37.416666666666664
2019-06-27,22.349999999999998,18.837500000000002,247.125,30.708333333333332,12.5625,49.25,,0.0,,67.83333333333333,41.75
2019-06-28,10.845833333333333,9.2875,193.875,18.575,5.570833333333333,53.666666666666664,,0.0,,48.958333333333336,26.5
2019-06-29,6.058333333333334,5.258333333333334,150.5,10.966666666666667,2.2416666666666667,52.458333333333336,,0.0,,28.916666666666668,20.958333333333332
2019-06-30,10.395833333333334,9.145833333333334,189.79166666666666,20.154166666666665,3.4458333333333333,50.541666666666664,,0.0,,30.041666666666668,21.25
2019-07-01,18.099999999999998,14.908333333333333,222.91666666666666,23.6375,6.220833333333334,50.0,,0.7083333333333334,,50.291666666666664,25.791666666666668
2019-07-02,13.762500000000001,10.987499999999999,166.0,16.945833333333333,3.3041666666666667,63.291666666666664,,0.25,,53.125,28.666666666666668
2019-07-03,10.841666666666667,8.741666666666667,160.04166666666666,15.083333333333334,2.858333333333333,53.583333333333336,,0.0,,41.75,22.875
2019-07-04,5.55,4.145833333333333,140.45833333333334,9.9125,2.3333333333333335,55.166666666666664,,0.0,,27.25,22.083333333333332
2019-07-05,9.904166666666667,6.879166666666666,159.33333333333334,14.741666666666667,3.6374999999999997,56.541666666666664,,0.0,,25.833333333333332,22.625
2019-07-06,9.674999999999999,7.695833333333333,163.375,15.433333333333332,3.475,54.25,,0.0,,31.458333333333332,21.875
2019-07-07,12.204166666666666,10.370833333333334,199.375,22.208333333333332,3.7416666666666667,42.625,,0.0,,30.958333333333332,21.125
2019-07-08,25.754166666666666,20.7375,295.0416666666667,33.65416666666667,9.195833333333333,42.208333333333336,,0.0,,63.375,38.125
2019-07-09,27.0625,20.912499999999998,259.3333333333333,28.991666666666664,5.875,47.041666666666664,,0.0,,72.08333333333333,49.625
2019-07-10,13.387500000000001,11.625,210.79166666666666,20.104166666666668,3.6750000000000003,40.416666666666664,,0.0,,54.791666666666664,28.625
2019-07-11,13.495833333333332,11.616666666666667,195.375,22.329166666666666,5.158333333333333,33.458333333333336,,0.0,,45.041666666666664,21.708333333333332
2019-07-12,17.470833333333335,13.583333333333334,238.95833333333334,32.324999999999996,11.804166666666667,34.125,,0.0,,49.958333333333336,24.333333333333332
2019-07-13,20.566666666666666,16.825,269.7083333333333,35.483333333333334,7.995833333333334,37.583333333333336,,0.0,,56.541666666666664,30.125
2019-07-14,45.37083333333334,37.30416666666667,509.7083333333333,51.32916666666667,18.841666666666665,39.791666666666664,,0.0,,88.95833333333333,60.666666666666664
2019-07-15,47.412499999999994,39.979166666666664,434.4583333333333,50.19166666666666,18.291666666666668,38.333333333333336,,0.0,,113.58333333333333,72.79166666666667
2019-07-16,51.37916666666666,43.71666666666667,425.125,46.07083333333333,23.820833333333336,42.666666666666664,,0.0,,115.66666666666667,73.45833333333333
2019-07-17,35.80416666666667,29.474999999999998,342.7916666666667,41.40416666666667,18.408333333333335,48.291666666666664,,0.0,,94.5,66.25
2019-07-18,29.645833333333332,25.420833333333334,310.2916666666667,32.795833333333334,12.241666666666667,46.041666666666664,,0.0,,86.625,63.333333333333336
2019-07-19,20.75,17.379166666666666,261.0833333333333,27.90833333333333,7.433333333333334,43.125,,0.0,,65.91666666666667,41.25
2019-07-20,8.733333333333333,7.3625,191.58333333333334,14.4375,2.8208333333333333,45.75,,0.0,,47.25,25.083333333333332
2019-07-21,13.645833333333334,12.270833333333334,222.0,19.804166666666667,3.5416666666666665,39.833333333333336,,0.0,,35.625,19.541666666666668
2019-07-22,30.808333333333334,27.008333333333336,360.6666666666667,36.7125,10.216666666666667,45.916666666666664,,0.0,,70.0,48.0
2019-07-23,45.541666666666664,38.75833333333333,416.625,47.237500000000004,19.354166666666668,37.458333333333336,,0.0,,102.58333333333333,69.0
2019-07-24,51.14166666666667,41.199999999999996,415.2916666666667,48.1625,25.295833333333334,37.958333333333336,,0.0,,97.875,67.54166666666667
2019-07-25,37.5625,32.71666666666667,344.2916666666667,36.40833333333334,18.241666666666667,45.0,,0.0,,122.0,75.45833333333333
2019-07-26,25.525000000000002,23.3875,251.75,22.65416666666667,9.225,54.958333333333336,,1.25,,68.54166666666667,43.125
2019-07-27,28.474999999999998,26.541666666666668,255.625,22.59166666666667,5.520833333333333,52.5,,1.75,,87.375,63.333333333333336
2019-07-28,10.950000000000001,9.520833333333334,177.45833333333334,14.5,2.7458333333333336,45.083333333333336,,0.20833333333333334,,57.791666666666664,33.333333333333336
2019-07-29,10.241666666666665,8.383333333333333,174.375,17.420833333333334,4.575,47.333333333333336,,0.0,,31.833333333333332,20.541666666666668
2019-07-30,11.070833333333333,9.15,183.70833333333334,17.041666666666668,3.775,42.333333333333336,,0.0,,41.5,20.416666666666668
2019-07-31,9.608333333333333,7.841666666666666,179.95833333333334,13.7125,3.591666666666667,36.541666666666664,,0.0,,31.0,16.0
2019-08-01,14.237499999999999,11.154166666666667,221.91666666666666,17.220833333333335,4.7250000000000005,28.291666666666668,,0.0,,41.083333333333336,19.75
2019-08-02,16.1125,13.808333333333332,242.79166666666666,20.070833333333333,5.1499999999999995,32.916666666666664,,0.0,,48.541666666666664,23.458333333333332
2019-08-03,18.004166666666666,15.795833333333334,234.70833333333334,21.1,3.8958333333333335,39.541666666666664,,0.0,,58.666666666666664,31.958333333333332
2019-08-04,14.054166666666667,11.554166666666667,211.91666666666666,17.9375,3.716666666666667,38.333333333333336,,0.0,,53.916666666666664,27.833333333333332
2019-08-05,14.470833333333333,12.679166666666667,208.5,19.208333333333332,4.233333333333333,39.0,,0.0,,48.916666666666664,23.833333333333332
2019-08-06,14.450000000000001,12.033333333333333,207.70833333333334,19.108333333333334,3.983333333333333,41.583333333333336,,0.0,,44.708333333333336,22.291666666666668
2019-08-07,17.133333333333333,14.924999999999999,222.70833333333334,23.358333333333334,5.2,51.208333333333336,,0.0,,56.416666666666664,29.875
2019-08-08,25.245833333333334,22.650000000000002,287.875,35.708333333333336,10.329166666666667,61.916666666666664,,0.0,,63.125,37.166666666666664
2019-08-09,8.666666666666666,7.3500000000000005,163.66666666666666,11.345833333333333,2.716666666666667,61.875,,0.0,,56.875,33.5
2019-08-10,10.1875,9.604166666666666,169.5,10.887500000000001,2.4250000000000003,47.833333333333336,,0.0,,31.541666666666668,19.625
2019-08-11,13.408333333333333,11.5375,217.54166666666666,18.23333333333333,3.8083333333333336,41.875,,0.0,,44.541666666666664,22.375
2019-08-12,58.94583333333333,51.05416666666667,540.25,55.25416666666666,25.770833333333332,35.875,,0.0,,85.58333333333333,54.875
2019-08-13,50.80416666666667,40.25833333333333,413.0833333333333,45.54583333333333,15.254166666666668,40.708333333333336,,0.0,,146.04166666666666,84.25
2019-08-14,16.224999999999998,14.083333333333334,248.75,28.28333333333333,8.070833333333333,50.916666666666664,,0.0,,65.91666666666667,41.25
2019-08-15,17.912499999999998,15.508333333333333,217.41666666666666,21.991666666666664,8.2875,59.958333333333336,,0.125,,59.958333333333336,33.333333333333336
2019-08-16,15.220833333333333,12.470833333333333,215.0,29.041666666666668,8.583333333333334,45.791666666666664,,0.0,,53.291666666666664,27.041666666666668
2019-08-17,12.779166666666667,11.341666666666667,179.0,19.404166666666665,5.366666666666667,54.791666666666664,,0.5833333333333334,,48.333333333333336,24.0
2019-08-18,17.845833333333335,15.554166666666667,231.83333333333334,20.9875,7.770833333333333,54.083333333333336,,0.8333333333333334,,51.458333333333336,26.0
2019-08-19,26.6875,22.395833333333332,318.5416666666667,36.37916666666667,11.095833333333333,33.916666666666664,,0.16666666666666666,,66.91666666666667,41.166666666666664
2019-08-20,33.65416666666667,27.833333333333332,376.0,43.5625,11.654166666666667,48.25,,0.0,,80.125,59.5
2019-08-21,35.24166666666667,29.40833333333333,357.5416666666667,51.60833333333333,15.145833333333334,39.083333333333336,,0.0,,82.75,61.833333333333336
2019-08-22,22.925,19.758333333333333,249.875,26.495833333333334,8.2875,57.75,,0.0,,81.25,59.375
2019-08-23,21.974999999999998,17.541666666666668,300.2083333333333,33.8375,7.991666666666667,46.625,,0.0,,59.0,32.583333333333336
2019-08-24,24.0125,19.116666666666667,256.8333333333333,27.599999999999998,5.7124999999999995,52.041666666666664,,0.0,,69.33333333333333,44.75
2019-08-25,14.141666666666666,11.754166666666668,215.375,20.6375,4.533333333333333,45.875,,0.0,,51.208333333333336,26.541666666666668
2019-08-26,40.208333333333336,35.05416666666667,430.375,37.420833333333334,14.354166666666666,37.708333333333336,,0.0,,82.75,55.0
2019-08-27,10.0625,9.004166666666666,186.5,14.754166666666668,3.8083333333333336,49.541666666666664,,0.0,,62.541666666666664,38.291666666666664
2019-08-28,14.533333333333333,11.487499999999999,213.91666666666666,25.724999999999998,5.8625,41.833333333333336,,0.0,,37.833333333333336,21.416666666666668
2019-08-29,30.175,25.15416666666667,340.3333333333333,36.454166666666666,9.241666666666667,44.291666666666664,,0.0,,69.58333333333333,48.041666666666664
2019-08-30,32.675000000000004,26.191666666666666,367.25,47.92083333333333,12.799999999999999,51.083333333333336,,0.0,,71.66666666666667,49.208333333333336
2019-08-31,38.0375,32.737500000000004,412.6666666666667,50.76666666666666,20.558333333333334,29.5,,0.0,,89.29166666666667,64.41666666666667
2019-09-01,45.1,39.61666666666667,428.7083333333333,48.208333333333336,11.841666666666667,44.625,,0.0,,112.5,72.29166666666667
2019-09-02,42.34166666666667,34.166666666666664,471.4583333333333,58.43333333333334,18.745833333333334,27.375,,0.0,,97.79166666666667,67.54166666666667
2019-09-03,36.800000000000004,30.270833333333332,350.0416666666667,41.68333333333333,24.34166666666667,37.458333333333336,,0.0,,92.875,65.66666666666667
2019-09-04,26.6875,21.8125,284.0,32.31666666666667,20.8625,43.458333333333336,,0.0,,77.45833333333333,56.125
2019-09-05,49.449999999999996,40.958333333333336,442.9583333333333,54.775,30.266666666666666,21.0,,0.0,,85.75,61.416666666666664
2019-09-06,47.104166666666664,39.925000000000004,443.2916666666667,44.449999999999996,23.9875,37.833333333333336,,0.0,,121.83333333333333,75.33333333333333
2019-09-07,29.175,25.3875,328.3333333333333,37.833333333333336,8.908333333333333,39.291666666666664,,0.0,,96.20833333333333,66.70833333333333
2019-09-08,28.579166666666666,23.604166666666668,325.0,44.166666666666664,13.295833333333334,32.833333333333336,,0.0,,72.125,49.541666666666664
2019-09-09,54.13333333333333,47.51666666666667,485.125,66.30416666666666,29.066666666666666,25.416666666666668,,0.0,,103.70833333333333,68.70833333333333
2019-09-10,50.65,42.1625,471.6666666666667,52.94166666666666,28.266666666666666,30.041666666666668,,0.0,,123.83333333333333,76.04166666666667
2019-09-11,50.229166666666664,42.52916666666667,483.625,53.78333333333333,24.037499999999998,32.416666666666664,,0.0,,117.5,73.95833333333333
2019-09-12,35.0875,29.241666666666664,339.125,38.43333333333333,13.383333333333333,47.166666666666664,,0.5416666666666666,,102.04166666666667,68.95833333333333
2019-09-13,25.491666666666664,22.083333333333332,266.75,25.820833333333336,8.016666666666667,55.291666666666664,,0.5416666666666666,,77.58333333333333,57.458333333333336
2019-09-14,9.458333333333334,8.333333333333334,173.5,12.916666666666666,3.1625,50.125,,0.0,,54.208333333333336,30.166666666666668
2019-09-15,11.170833333333334,9.029166666666667,192.29166666666666,15.504166666666668,3.3666666666666667,48.166666666666664,,0.0,,35.708333333333336,20.041666666666668
2019-09-16,11.450000000000001,8.279166666666667,176.29166666666666,11.670833333333334,3.4375,57.25,,0.0,,35.541666666666664,22.875
2019-09-17,9.2125,7.754166666666666,182.54166666666666,13.058333333333332,3.6916666666666664,43.958333333333336,,0.0,,31.708333333333332,17.875
2019-09-18,23.150000000000002,20.037499999999998,299.3333333333333,34.270833333333336,9.8375,29.166666666666668,,0.0,,49.666666666666664,25.916666666666668
2019-09-19,14.616666666666667,12.604166666666666,252.58333333333334,21.912499999999998,6.033333333333334,23.0,,0.0,,60.333333333333336,33.833333333333336
2019-09-20,46.199999999999996,36.079166666666666,481.0416666666667,50.512499999999996,20.691666666666666,17.875,,0.0,,77.16666666666667,50.833333333333336
2019-09-21,14.541666666666666,12.791666666666666,248.70833333333334,22.96666666666667,5.770833333333333,40.166666666666664,,0.0,,79.625,52.833333333333336
2019-09-22,7.266666666666667,6.108333333333333,185.54166666666666,13.1625,3.3166666666666664,41.875,,0.0,,36.291666666666664,19.625
2019-09-23,7.7749999999999995,6.820833333333333,198.41666666666666,14.466666666666667,4.3,40.5,,0.0,,23.708333333333332,16.041666666666668
2019-09-24,19.400000000000002,15.35,288.5416666666667,30.349999999999998,8.225,30.416666666666668,,0.0,,41.541666666666664,20.416666666666668
2019-09-25,27.8,23.087500000000002,367.9583333333333,38.99166666666667,11.991666666666667,25.166666666666668,,0.0,,67.91666666666667,43.416666666666664
2019-09-26,33.3375,26.604166666666668,391.75,41.06666666666667,12.508333333333333,27.875,,0.0,,76.375,57.333333333333336
2019-09-27,32.31666666666667,27.95,402.0833333333333,39.75833333333333,11.408333333333333,27.125,,0.0,,89.04166666666667,64.375
2019-09-28,46.770833333333336,38.525,488.5833333333333,48.74583333333334,27.75,13.541666666666666,,0.0,,85.04166666666667,62.125
2019-09-29,35.175000000000004,30.495833333333334,315.4166666666667,35.675000000000004,13.795833333333334,27.291666666666668,,0.0,,103.54166666666667,69.45833333333333
2019-09-30,23.366666666666664,20.85833333333333,245.25,25.166666666666668,9.8125,35.833333333333336,,0.0,,83.04166666666667,60.791666666666664
2019-10-01,13.654166666666667,11.779166666666667,193.04166666666666,19.545833333333334,6.833333333333333,41.833333333333336,,0.0,,56.583333333333336,30.166666666666668
2019-10-02,15.2875,12.295833333333334,202.91666666666666,21.2375,8.325000000000001,44.0,,0.0,,44.916666666666664,21.791666666666668
2019-10-03,25.483333333333334,22.745833333333334,251.95833333333334,29.2,17.570833333333333,40.083333333333336,,0.0,,61.791666666666664,35.791666666666664
2019-10-04,21.3125,18.958333333333332,257.4583333333333,27.65833333333333,11.725,34.708333333333336,,0.0,,71.41666666666667,48.625
2019-10-05,40.35,34.795833333333334,404.5833333333333,37.4125,14.6625,19.791666666666668,,0.0,,88.95833333333333,61.0
2019-10-06,8.6,7.241666666666667,184.625,19.900000000000002,4.633333333333334,43.458333333333336,,0.0,,59.833333333333336,36.916666666666664
2019-10-07,9.045833333333333,8.145833333333334,204.83333333333334,16.529166666666665,5.05,39.75,,0.0,,27.458333333333332,15.958333333333334
2019-10-08,12.158333333333333,10.691666666666668,220.16666666666666,20.616666666666667,7.075,40.0,,0.0,,40.083333333333336,19.291666666666668
2019-10-09,17.591666666666665,15.950000000000001,246.33333333333334,25.804166666666664,10.275,29.25,,0.0,,52.125,26.375
2019-10-10,31.016666666666666,26.09583333333333,347.9166666666667,33.5375,17.058333333333334,17.708333333333332,,0.0,,71.04166666666667,48.75
2019-10-11,17.308333333333334,15.491666666666667,246.41666666666666,21.71666666666667,7.2,27.541666666666668,,0.0,,66.45833333333333,42.666666666666664
2019-10-12,16.095833333333335,14.154166666666667,211.70833333333334,17.75,5.575,34.208333333333336,,0.0,,59.0,32.416666666666664
2019-10-13,9.924999999999999,7.6499999999999995,172.54166666666666,14.504166666666668,3.766666666666667,46.916666666666664,,0.0,,41.5,21.916666666666668
2019-10-14,18.495833333333334,15.416666666666666,235.83333333333334,24.858333333333334,8.654166666666667,39.041666666666664,,0.25,,41.875,20.833333333333332
2019-10-15,15.0,13.0375,201.16666666666666,21.65416666666667,7.016666666666667,37.666666666666664,,0.25,,56.208333333333336,29.916666666666668
2019-10-16,34.12916666666667,27.645833333333332,335.75,39.699999999999996,26.1375,24.083333333333332,,0.0,,72.16666666666667,49.5
2019-10-17,30.025000000000002,27.566666666666666,248.75,21.254166666666666,11.529166666666667,41.208333333333336,,0.4166666666666667,,76.0,55.0
2019-10-18,21.629166666666666,18.858333333333334,315.3333333333333,26.741666666666664,10.770833333333334,23.791666666666668,,0.041666666666666664,,74.58333333333333,51.75
2019-10-19,43.73333333333333,39.24166666666667,433.9166666666667,40.8375,20.845833333333335,20.833333333333332,,0.16666666666666666,,93.41666666666667,62.541666666666664
2019-10-20,40.229166666666664,37.40833333333333,338.9583333333333,34.416666666666664,13.033333333333333,30.0,,0.8333333333333334,,96.375,66.91666666666667
2019-10-21,42.4375,40.35,282.375,26.1125,11.0,34.541666666666664,,0.7916666666666666,,123.08333333333333,75.75
2019-10-22,19.6375,17.537499999999998,284.625,29.233333333333334,10.55,30.5,,0.0,,81.20833333333333,54.166666666666664
2019-10-23,20.875,18.583333333333332,228.29166666666666,20.816666666666666,6.270833333333333,40.625,,0.08333333333333333,,64.0,37.208333333333336
2019-10-24,39.12083333333333,32.77916666666667,449.2083333333333,41.86666666666667,18.070833333333333,9.583333333333334,,0.0,,71.29166666666667,46.833333333333336
2019-10-25,40.80833333333333,34.42916666666667,419.1666666666667,41.729166666666664,18.133333333333333,22.916666666666668,,0.0,,107.875,70.83333333333333
2019-10-26,22.974999999999998,20.270833333333332,207.54166666666666,16.275000000000002,4.916666666666667,41.708333333333336,,0.75,,78.41666666666667,55.708333333333336
2019-10-27,21.116666666666667,18.904166666666665,182.875,11.758333333333333,5.05,44.916666666666664,,1.4166666666666667,,64.70833333333333,37.791666666666664
2019-10-28,11.766666666666666,10.237499999999999,213.66666666666666,18.779166666666665,5.441666666666666,41.958333333333336,,0.125,,52.958333333333336,28.25
2019-10-29,39.074999999999996,31.537499999999998,399.875,42.791666666666664,27.72083333333333,15.375,,0.0,,77.29166666666667,51.75
2019-10-30,8.191666666666666,7.208333333333333,192.29166666666666,14.916666666666666,4.995833333333334,48.583333333333336,,0.0,,55.833333333333336,38.25
2019-10-31,13.454166666666666,11.604166666666666,243.08333333333334,26.791666666666668,8.045833333333333,48.708333333333336,,0.0,,34.791666666666664,22.375
2019-11-01,11.6625,10.116666666666667,219.875,21.59166666666667,6.6499999999999995,40.75,,0.0,,49.083333333333336,23.541666666666668
2019-11-02,16.533333333333335,13.904166666666667,245.75,27.929166666666664,8.5375,35.125,,0.0,,45.833333333333336,22.25
2019-11-03,17.154166666666665,15.120833333333332,199.91666666666666,18.316666666666666,8.116666666666667,45.083333333333336,,0.0,,59.291666666666664,32.708333333333336
2019-11-04,17.979166666666668,14.8125,219.41666666666666,20.591666666666665,12.041666666666666,38.5,,0.0,,53.125,26.916666666666668
2019-11-05,25.883333333333336,21.754166666666666,233.54166666666666,22.679166666666664,10.9375,29.625,,0.4166666666666667,,66.0,41.0
2019-11-06,18.0,15.862499999999999,260.25,25.058333333333334,9.25,25.833333333333332,,0.0,,60.458333333333336,34.416666666666664
2019-11-07,27.608333333333334,21.708333333333332,329.375,30.891666666666666,14.737499999999999,20.958333333333332,,0.0,,60.041666666666664,33.708333333333336
2019-11-08,63.50833333333333,47.487500000000004,582.8333333333334,46.04583333333333,38.333333333333336,5.291666666666667,,0.0,,93.125,63.791666666666664
2019-11-09,37.487500000000004,30.295833333333334,338.7083333333333,31.65833333333333,27.179166666666664,14.958333333333334,,0.0,,134.375,79.41666666666667
2019-11-10,31.916666666666668,27.120833333333334,276.5416666666667,29.5,14.029166666666667,19.583333333333332,,2.7916666666666665,,70.91666666666667,47.083333333333336
2019-11-11,35.75416666666667,30.875,252.04166666666666,28.391666666666666,16.033333333333335,29.958333333333332,,5.625,,93.33333333333333,65.79166666666667
2019-11-12,18.1375,15.458333333333334,248.875,22.270833333333332,7.6375,29.0,,0.0,,68.54166666666667,44.25
2019-11-13,47.9,39.079166666666666,463.2083333333333,49.60833333333333,32.983333333333334,15.083333333333334,,0.0,,91.5,60.625
2019-11-14,33.237500000000004,28.775000000000002,325.0416666666667,39.475,20.058333333333334,25.208333333333332,,0.0,,91.16666666666667,65.0
2019-11-15,35.2875,29.179166666666664,386.0,43.699999999999996,22.454166666666666,18.666666666666668,,0.2916666666666667,,86.25,63.333333333333336
2019-11-16,34.020833333333336,27.758333333333336,302.375,32.2875,15.041666666666666,19.833333333333332,,1.0,,85.5,62.875
2019-11-17,40.00833333333333,33.52916666666667,401.9583333333333,35.22083333333333,17.070833333333333,11.083333333333334,,2.7083333333333335,,86.16666666666667,63.25
2019-11-18,67.09583333333333,50.875,618.5416666666666,44.69583333333333,30.991666666666664,7.541666666666667,,4.541666666666667,,107.58333333333333,70.75
2019-11-19,87.17083333333333,66.52916666666667,611.75,53.48333333333333,70.51666666666667,5.208333333333333,,4.791666666666667,,155.33333333333334,93.41666666666667
2019-11-20,24.395833333333332,19.854166666666668,283.375,27.45,18.483333333333334,19.666666666666668,,0.375,,112.625,70.79166666666667
2019-11-21,32.97083333333333,28.308333333333334,333.6666666666667,41.2875,32.762499999999996,23.375,,0.0,,71.04166666666667,47.375
2019-11-22,52.137499999999996,43.354166666666664,507.75,51.125,36.375,11.166666666666666,,0.0,,101.83333333333333,68.91666666666667
2019-11-23,53.06666666666666,43.449999999999996,519.0833333333334,54.225,30.541666666666668,10.791666666666666,,0.0,,119.5,74.625
2019-11-24,47.25833333333333,40.85,490.0,56.229166666666664,28.933333333333334,13.833333333333334,,0.0,,120.875,74.95833333333333
2019-11-25,42.3125,34.704166666666666,444.9583333333333,55.00416666666666,28.520833333333332,21.458333333333332,,0.4166666666666667,,100.58333333333333,68.41666666666667
2019-11-26,51.81666666666666,41.608333333333334,496.3333333333333,56.199999999999996,32.15416666666667,16.416666666666668,,0.0,,114.75,73.08333333333333
2019-11-27,36.833333333333336,30.162499999999998,398.0416666666667,39.55416666666667,26.179166666666664,15.5,,0.0,,95.04166666666667,66.41666666666667
2019-11-28,53.85,40.46666666666667,482.0,40.02916666666667,29.320833333333336,5.583333333333333,,1.7083333333333333,,104.875,69.91666666666667
2019-11-29,38.44583333333333,34.291666666666664,336.8333333333333,29.09166666666667,20.333333333333332,18.416666666666668,,2.0833333333333335,,106.75,70.5
2019-11-30,26.479166666666668,24.162499999999998,347.375,29.058333333333334,12.108333333333334,19.75,,0.4166666666666667,,84.83333333333333,62.625
2019-12-01,13.708333333333334,10.279166666666667,225.33333333333334,21.5,7.429166666666667,49.708333333333336,,0.0,,59.458333333333336,34.708333333333336
2019-12-02,16.254166666666666,13.345833333333333,238.70833333333334,22.55,10.341666666666667,52.5,,0.0,,47.5,23.5
2019-12-03,34.275,28.883333333333336,421.9583333333333,39.37083333333333,21.579166666666666,25.833333333333332,,0.0,,69.625,45.541666666666664
2019-12-04,14.058333333333332,11.704166666666666,237.58333333333334,20.958333333333332,8.254166666666666,51.666666666666664,,0.0,,69.33333333333333,45.666666666666664
2019-12-05,14.358333333333334,12.516666666666666,227.16666666666666,19.974999999999998,6.766666666666667,36.416666666666664,,0.0,,49.458333333333336,23.708333333333332
2019-12-06,25.5625,22.375,254.16666666666666,18.633333333333333,8.154166666666667,39.083333333333336,,0.0,,59.666666666666664,33.5
2019-12-07,30.1125,27.02916666666667,279.5833333333333,22.741666666666664,9.987499999999999,33.833333333333336,,0.0,,76.83333333333333,57.541666666666664
2019-12-08,22.370833333333334,19.466666666666665,235.375,18.120833333333334,7.491666666666667,35.541666666666664,,0.0,,80.91666666666667,59.208333333333336
2019-12-09,18.508333333333333,15.270833333333334,245.58333333333334,20.0375,8.700000000000001,36.75,,0.0,,53.791666666666664,27.666666666666668
2019-12-10,35.391666666666666,32.479166666666664,371.0,28.808333333333334,14.65,22.875,,0.0,,73.5,49.416666666666664
2019-12-11,36.0375,31.025000000000002,399.2083333333333,39.5,19.191666666666666,14.583333333333334,,0.0,,97.95833333333333,67.54166666666667
2019-12-12,48.583333333333336,39.612500000000004,463.125,43.25833333333333,32.045833333333334,7.5,,0.0,,95.125,66.5
2019-12-13,41.42916666666667,33.854166666666664,342.0416666666667,36.987500000000004,23.2625,20.666666666666668,,0.08333333333333333,,110.79166666666667,71.79166666666667
2019-12-14,24.866666666666664,19.7,257.875,28.47083333333333,18.529166666666665,42.0,,1.0,,77.83333333333333,54.416666666666664
2019-12-15,23.433333333333334,19.179166666666667,256.125,26.120833333333334,18.025000000000002,27.791666666666668,,0.4583333333333333,,63.708333333333336,36.833333333333336
2019-12-16,20.479166666666668,16.170833333333334,267.2083333333333,25.09583333333333,11.216666666666667,31.958333333333332,,0.0,,65.45833333333333,38.541666666666664
2019-12-17,17.7375,14.1625,263.75,26.895833333333332,10.8125,40.916666666666664,,0.0,,52.666666666666664,26.5
2019-12-18,45.79583333333333,37.887499999999996,453.8333333333333,37.824999999999996,21.25,17.375,,0.0,,82.58333333333333,55.041666666666664
2019-12-19,11.200000000000001,9.137500000000001,188.25,11.745833333333332,4.670833333333333,51.166666666666664,,0.08333333333333333,,76.75,49.083333333333336
2019-12-20,24.070833333333336,19.654166666666665,354.4166666666667,30.375,14.016666666666666,26.375,,0.0,,39.666666666666664,20.75
2019-12-21,38.987500000000004,33.97083333333333,372.5,41.025,22.150000000000002,17.208333333333332,,0.125,,87.5,61.791666666666664
2019-12-22,44.729166666666664,36.74166666666667,344.3333333333333,30.96666666666667,18.641666666666666,17.166666666666668,,1.5416666666666667,,103.41666666666667,69.45833333333333
2019-12-23,37.362500000000004,30.166666666666668,307.4166666666667,33.479166666666664,19.491666666666667,19.75,,1.7083333333333333,,90.20833333333333,64.79166666666667
2019-12-24,47.675000000000004,38.27916666666667,343.5,40.82083333333333,26.2375,10.875,,2.2083333333333335,,100.875,68.5
2019-12-25,58.35833333333333,47.1,356.1666666666667,45.416666666666664,36.7875,9.666666666666666,,8.166666666666666,,115.625,73.375
2019-12-26,83.29166666666667,64.61666666666666,520.9583333333334,45.020833333333336,55.612500000000004,3.4166666666666665,,10.375,,143.33333333333334,83.41666666666667
2019-12-27,64.83333333333333,51.44583333333333,468.25,45.18333333333334,44.07083333333333,6.0,,4.416666666666667,,153.5,90.16666666666667
2019-12-28,22.72083333333333,19.425,273.375,35.875,15.816666666666668,22.333333333333332,,1.4583333333333333,,101.79166666666667,66.58333333333333
2019-12-29,24.704166666666666,19.4375,306.9583333333333,41.65833333333333,18.058333333333334,17.0,,0.0,,59.541666666666664,33.083333333333336
2019-12-30,13.945833333333333,11.941666666666668,222.0,18.8875,8.233333333333333,47.75,,0.041666666666666664,,62.416666666666664,36.041666666666664
2019-12-31,20.150000000000002,15.924999999999999,265.75,19.808333333333334,7.554166666666667,30.5,,0.5416666666666666,,52.291666666666664,26.625
2020-01-01,13.195833333333333,10.379166666666666,233.625,28.354166666666668,19.466666666666665,38.458333333333336,,0.0,,58.0,32.0
2020-01-02,16.0125,12.691666666666668,238.5,32.270833333333336,23.141666666666666,32.666666666666664,,0.08333333333333333,,47.76190476190476,23.047619047619047
2020-01-03,23.337500000000002,18.470833333333335,257.1666666666667,33.1625,27.791666666666668,22.5,,0.9166666666666666,,56.666666666666664,30.25
2020-01-04,27.36666666666667,22.22083333333333,280.2083333333333,28.079166666666666,23.208333333333332,19.25,,0.125,,70.29166666666667,47.041666666666664
2020-01-05,19.308333333333334,14.450000000000001,258.9583333333333,35.28333333333333,22.491666666666664,29.916666666666668,,0.0,,60.583333333333336,34.708333333333336
2020-01-06,31.5125,24.3625,387.9166666666667,58.541666666666664,54.04583333333333,8.291666666666666,,0.0,,65.125,40.5
2020-01-07,27.09166666666667,21.025000000000002,334.625,44.82083333333333,44.60833333333333,14.833333333333334,,0.0,,73.625,52.375
2020-01-08,29.025000000000002,21.3,308.125,35.199999999999996,34.2125,16.458333333333332,,0.0,,71.29166666666667,47.916666666666664
2020-01-09,24.34166666666667,17.533333333333335,289.3333333333333,31.491666666666664,25.866666666666664,26.041666666666668,,0.0,,66.04166666666667,39.833333333333336
2020-01-10,29.712500000000002,20.808333333333334,311.7916666666667,42.541666666666664,36.362500000000004,23.916666666666668,,0.0,,60.75,34.166666666666664
2020-01-11,43.63333333333333,36.09583333333333,492.0833333333333,59.887499999999996,55.4625,6.458333333333333,,0.0,,95.41666666666667,65.29166666666667
2020-01-12,21.308333333333334,16.1625,266.8333333333333,36.854166666666664,27.59583333333333,36.208333333333336,,0.0,,77.91666666666667,53.25
2020-01-13,15.799999999999999,11.9125,245.79166666666666,31.691666666666666,20.354166666666668,31.375,,0.0,,48.083333333333336,23.875
2020-01-14,23.958333333333332,19.4375,312.125,43.8125,35.579166666666666,18.583333333333332,,0.0,,55.916666666666664,29.583333333333332
2020-01-15,20.316666666666666,15.970833333333333,249.375,27.71666666666667,24.066666666666666,35.625,,0.0,,65.66666666666667,39.083333333333336
2020-01-16,24.625,20.129166666666666,255.25,24.441666666666666,19.579166666666666,30.25,,0.0,,60.5,33.833333333333336
2020-01-17,25.883333333333336,18.341666666666665,292.9166666666667,42.06666666666667,28.729166666666668,20.125,,0.0,,66.70833333333333,40.083333333333336
2020-01-18,28.333333333333332,20.758333333333333,297.0833333333333,40.666666666666664,31.379166666666666,21.375,,0.0,,65.70833333333333,39.083333333333336
2020-01-19,27.599999999999998,22.5125,276.0833333333333,32.85,26.45,24.0,,0.0,,68.16666666666667,42.458333333333336
2020-01-20,17.1875,12.466666666666667,233.08333333333334,26.795833333333334,19.55,33.666666666666664,,0.0,,66.29166666666667,41.666666666666664
2020-01-21,10.729166666666666,8.141666666666667,190.75,23.375,14.829166666666666,42.0,,0.0,,40.458333333333336,19.5
2020-01-22,14.4125,9.154166666666667,216.45833333333334,28.15416666666667,17.841666666666665,46.666666666666664,,0.0,,33.958333333333336,20.041666666666668
2020-01-23,11.354166666666666,8.270833333333334,204.45833333333334,24.870833333333334,16.108333333333334,52.458333333333336,,0.0,,37.291666666666664,21.458333333333332
2020-01-24,14.983333333333334,12.075000000000001,247.5,32.704166666666666,22.816666666666666,31.875,,0.0,,44.083333333333336,21.208333333333332
2020-01-25,10.9,8.333333333333334,199.0,24.508333333333336,13.916666666666666,41.875,,0.0,,42.625,21.666666666666668
2020-01-26,11.691666666666668,8.645833333333334,201.41666666666666,21.929166666666664,14.395833333333334,53.541666666666664,,0.0,,33.458333333333336,21.416666666666668
2020-01-27,18.995833333333334,14.487499999999999,269.5416666666667,39.9125,28.712500000000002,30.125,,0.0,,42.375,23.5
2020-01-28,20.0625,15.083333333333334,287.875,35.36666666666667,35.15416666666667,28.125,,0.0,,56.0,29.625
2020-01-29,56.3125,45.82916666666667,507.6666666666667,44.40416666666667,68.16666666666667,4.208333333333333,,1.8333333333333333,,90.875,59.375
2020-01-30,22.037499999999998,17.683333333333334,308.7083333333333,33.92916666666667,28.8625,19.5,,0.4583333333333333,,95.83333333333333,62.958333333333336
2020-01-31,61.73333333333333,49.895833333333336,691.7916666666666,59.43333333333334,92.62083333333334,2.625,,0.0,,88.16666666666667,56.25
2020-02-01,65.69583333333334,58.90416666666667,719.75,55.43333333333334,94.60833333333333,2.1666666666666665,,0.0,,150.29166666666666,86.875
2020-02-02,21.491666666666664,17.583333333333332,277.125,30.337500000000002,26.129166666666666,14.875,,0.0,,110.04166666666667,69.08333333333333
2020-02-03,15.145833333333334,10.891666666666666,247.79166666666666,30.21666666666667,20.645833333333332,29.458333333333332,,0.0,,52.791666666666664,26.833333333333332
2020-02-04,11.174999999999999,8.2875,218.08333333333334,22.616666666666664,16.849999999999998,41.625,,0.0,,40.041666666666664,19.958333333333332
2020-02-05,14.9375,11.204166666666666,241.16666666666666,31.254166666666666,20.9125,42.708333333333336,,0.0,,35.416666666666664,21.541666666666668
2020-02-06,14.158333333333333,10.320833333333333,232.83333333333334,30.133333333333336,20.516666666666666,45.125,,0.0,,51.625,25.916666666666668
2020-02-07,10.429166666666667,8.054166666666667,212.375,25.15833333333333,15.7875,44.833333333333336,,0.0,,35.166666666666664,18.25
2020-02-08,30.974999999999998,24.575,379.1666666666667,57.520833333333336,50.11666666666667,18.0,,0.0,,47.25,28.0
2020-02-09,24.28333333333333,19.575,330.0833333333333,40.166666666666664,29.891666666666666,26.083333333333332,,0.0,,84.41666666666667,61.708333333333336
2020-02-10,18.116666666666667,14.5875,220.0,20.808333333333334,20.695833333333333,51.833333333333336,,0.9166666666666666,,56.541666666666664,30.083333333333332
2020-02-11,15.383333333333333,12.0375,232.625,26.866666666666664,23.208333333333332,39.541666666666664,,0.041666666666666664,,51.0,25.25
2020-02-12,24.712500000000002,18.516666666666666,302.9166666666667,38.31666666666667,38.104166666666664,27.166666666666668,,0.0,,58.041666666666664,31.5
2020-02-13,39.05416666666667,31.254166666666666,443.375,55.04583333333333,69.04583333333333,14.416666666666666,,0.0,,70.33333333333333,45.708333333333336
2020-02-14,39.52916666666667,31.65416666666667,476.3333333333333,54.208333333333336,54.05833333333334,8.833333333333334,,0.0,,100.91666666666667,68.58333333333333
2020-02-15,44.40416666666667,34.733333333333334,529.2916666666666,60.887499999999996,51.49166666666667,5.333333333333333,,0.0,,91.25,65.125
2020-02-16,24.95,20.420833333333334,291.5833333333333,31.708333333333332,24.679166666666664,32.708333333333336,,0.0,,86.29166666666667,61.875
2020-02-17,18.966666666666665,15.299999999999999,225.58333333333334,20.6875,17.125,49.666666666666664,,0.0,,60.458333333333336,33.958333333333336
2020-02-18,23.7375,17.5125,279.9583333333333,31.625,25.075,34.25,,0.0,,59.166666666666664,32.666666666666664
2020-02-19,23.208333333333332,18.508333333333333,288.2916666666667,35.75,25.6375,25.541666666666668,,0.0,,63.333333333333336,36.5
2020-02-20,34.15416666666667,26.087500000000002,366.9166666666667,43.0,39.891666666666666,13.625,,0.0,,69.0,44.375
2020-02-21,48.041666666666664,35.725,485.4583333333333,52.70416666666667,58.52916666666667,9.166666666666666,,0.0,,92.875,65.75
2020-02-22,30.212500000000002,23.208333333333332,319.3333333333333,32.4125,30.53333333333333,30.0,,0.0,,92.70833333333333,65.5
2020-02-23,14.358333333333334,11.004166666666668,221.08333333333334,19.654166666666665,14.170833333333333,50.208333333333336,,0.0,,54.875,29.625
2020-02-24,24.462500000000002,17.483333333333334,294.875,39.11666666666667,30.1375,29.625,,0.0,,51.166666666666664,25.958333333333332
2020-02-25,19.441666666666666,14.3125,303.5,41.199999999999996,26.3875,27.75,,0.0,,60.208333333333336,34.25
2020-02-26,30.7,22.695833333333336,371.25,46.050000000000004,41.75416666666667,12.0,,0.0,,66.91666666666667,42.333333333333336
2020-02-27,41.391666666666666,33.22083333333333,480.1666666666667,43.387499999999996,54.32916666666667,5.125,,0.0,,84.95833333333333,61.666666666666664
2020-02-28,23.020833333333332,18.724999999999998,304.75,39.045833333333334,31.34166666666667,21.208333333333332,,0.0,,77.54166666666667,55.0
2020-02-29,15.616666666666667,12.525,256.2083333333333,28.833333333333332,19.3,33.291666666666664,,0.0,,56.166666666666664,30.5
2020-03-01,20.245833333333334,16.233333333333334,263.0833333333333,28.7375,22.84166666666667,35.333333333333336,,0.0,,57.5,30.916666666666668
2020-03-02,21.004166666666666,16.891666666666666,244.33333333333334,28.558333333333334,21.6125,33.666666666666664,,0.0,,56.458333333333336,30.041666666666668
2020-03-03,32.69166666666667,26.270833333333332,360.2916666666667,44.57916666666667,40.775,18.541666666666668,,0.0,,69.95833333333333,46.791666666666664
2020-03-04,54.85833333333333,42.42916666666667,571.2083333333334,46.15833333333333,70.2875,7.791666666666667,,0.0,,108.45833333333333,70.875
2020-03-05,19.954166666666666,16.554166666666667,247.29166666666666,20.537499999999998,22.72083333333333,43.375,,0.4166666666666667,,79.33333333333333,50.791666666666664
2020-03-06,26.433333333333334,20.8125,271.8333333333333,29.8125,31.233333333333334,33.916666666666664,,4.166666666666667,,63.041666666666664,36.291666666666664
2020-03-07,40.50416666666667,32.69166666666667,355.9166666666667,36.42916666666667,34.920833333333334,20.041666666666668,,5.208333333333333,,86.5,61.375
2020-03-08,31.170833333333334,24.729166666666668,334.7083333333333,39.86666666666667,31.1125,20.916666666666668,,1.5833333333333333,,81.83333333333333,59.291666666666664
2020-03-09,60.324999999999996,43.833333333333336,602.4583333333334,59.05416666666667,81.28333333333333,11.041666666666666,,0.0,,106.29166666666667,70.125
2020-03-10,38.42916666666667,28.704166666666666,506.2916666666667,50.53333333333333,50.979166666666664,7.25,,0.08333333333333333,,92.375,65.375
2020-03-11,45.70416666666667,36.93333333333333,472.9166666666667,44.14166666666667,56.025,5.958333333333333,,2.5416666666666665,,98.625,67.66666666666667
2020-03-12,13.854166666666666,10.495833333333334,218.08333333333334,22.45,17.075,46.333333333333336,,0.0,,75.91666666666667,50.166666666666664
2020-03-13,10.216666666666667,7.141666666666667,187.91666666666666,16.462500000000002,11.054166666666667,57.5,,0.0,,34.666666666666664,23.041666666666668
2020-03-14,18.625,13.066666666666668,222.375,27.0,17.358333333333334,38.75,,0.0,,41.375,20.5
2020-03-15,8.479166666666666,6.1499999999999995,192.5,17.537499999999998,10.887500000000001,52.541666666666664,,0.0,,38.416666666666664,21.75
2020-03-16,18.3125,14.549999999999999,290.7916666666667,35.5375,28.895833333333332,38.125,,0.0,,45.708333333333336,26.166666666666668
2020-03-17,24.995833333333334,19.287499999999998,311.9583333333333,37.84166666666666,33.30833333333333,32.583333333333336,,0.0,,54.416666666666664,28.125
2020-03-18,20.466666666666665,16.204166666666666,255.16666666666666,27.204166666666666,20.420833333333334,38.458333333333336,,0.0,,69.58333333333333,45.583333333333336
2020-03-19,17.275,13.241666666666667,229.0,25.958333333333332,15.754166666666668,44.166666666666664,,0.0,,53.166666666666664,27.5
2020-03-20,17.554166666666667,13.379166666666668,268.5833333333333,33.708333333333336,19.508333333333333,29.958333333333332,,0.0,,53.291666666666664,27.083333333333332
2020-03-21,13.933333333333332,10.433333333333334,241.54166666666666,32.63333333333333,17.95,32.375,,0.0,,50.375,24.708333333333332
2020-03-22,11.854166666666666,9.591666666666667,235.75,28.0125,15.554166666666667,43.083333333333336,,0.0,,40.833333333333336,22.125
2020-03-23,13.254166666666668,10.579166666666667,254.625,33.00416666666667,18.391666666666666,42.458333333333336,,0.0,,39.458333333333336,22.083333333333332
2020-03-24,18.604166666666668,14.058333333333332,300.9166666666667,40.199999999999996,23.40416666666667,36.916666666666664,,0.0,,49.541666666666664,25.791666666666668
2020-03-25,22.416666666666668,16.825,301.0833333333333,38.71666666666667,24.954166666666666,34.666666666666664,,0.0,,58.125,31.791666666666668
2020-03-26,26.758333333333336,21.145833333333332,324.875,40.975,24.141666666666666,35.541666666666664,,0.5,,62.708333333333336,35.958333333333336
2020-03-27,59.62916666666666,50.4625,627.1666666666666,73.02499999999999,78.8,10.416666666666666,,1.0,,96.58333333333333,64.83333333333333
2020-03-28,62.48333333333333,47.333333333333336,683.7916666666666,59.9375,67.54583333333333,19.208333333333332,,1.375,,146.375,84.125
2020-03-29,36.9,28.95,433.2916666666667,51.729166666666664,38.791666666666664,19.0,,0.8333333333333334,,99.79166666666667,68.0
2020-03-30,12.608333333333334,9.691666666666666,213.95833333333334,32.295833333333334,16.575,35.791666666666664,,0.041666666666666664,,68.54166666666667,44.708333333333336
2020-03-31,14.416666666666666,9.549999999999999,222.125,32.96666666666667,15.970833333333333,48.458333333333336,,0.0,,32.041666666666664,23.833333333333332
2020-04-01,15.65,11.479166666666666,234.125,27.766666666666666,17.004166666666666,52.375,,0.0,,50.083333333333336,26.083333333333332
2020-04-02,15.954166666666666,11.5875,212.25,21.3,13.2125,47.25,,0.0,,43.666666666666664,21.041666666666668
2020-04-03,22.508333333333336,18.241666666666667,229.54166666666666,21.8,16.495833333333334,58.0,,0.0,,54.666666666666664,28.75
2020-04-04,20.108333333333334,14.879166666666668,245.54166666666666,28.712500000000002,15.200000000000001,44.208333333333336,,0.0,,63.25,36.416666666666664
2020-04-05,15.979166666666666,11.270833333333334,250.66666666666666,28.97083333333333,14.633333333333333,36.041666666666664,,0.0,,53.166666666666664,27.083333333333332
2020-04-06,13.570833333333333,10.233333333333333,229.125,26.266666666666666,15.091666666666667,42.333333333333336,,0.0,,37.333333333333336,22.291666666666668
2020-04-07,36.05416666666667,26.2625,413.0,45.8125,48.77916666666667,29.583333333333332,,0.0,,71.75,51.25
2020-04-08,23.183333333333334,18.325,249.625,27.445833333333336,16.829166666666666,50.333333333333336,,0.0,,64.375,39.0
2020-04-09,23.1875,16.95,276.25,34.725,21.241666666666667,39.5,,0.0,,65.125,38.833333333333336
2020-04-10,13.941666666666668,10.262500000000001,223.0,24.608333333333334,12.4,46.166666666666664,,0.0,,48.291666666666664,26.166666666666668
2020-04-11,16.916666666666668,12.979166666666666,265.7916666666667,29.791666666666668,16.5,29.625,,0.0,,51.625,26.625
2020-04-12,19.7125,14.799999999999999,296.25,38.104166666666664,23.21666666666667,28.166666666666668,,0.0,,50.541666666666664,26.125
2020-04-13,22.708333333333332,16.3875,264.9166666666667,31.1375,25.695833333333336,37.083333333333336,,0.0,,58.833333333333336,32.333333333333336
2020-04-14,20.929166666666667,15.641666666666666,257.25,36.670833333333334,23.270833333333332,35.791666666666664,,0.0,,58.25,31.708333333333332
2020-04-15,18.645833333333332,13.991666666666667,265.5,29.916666666666668,20.650000000000002,31.125,,0.0,,59.375,32.875
2020-04-16,11.920833333333334,9.041666666666666,204.375,22.375,14.341666666666667,41.041666666666664,,0.0,,41.25,21.583333333333332
2020-04-17,9.654166666666667,7.316666666666666,189.16666666666666,18.983333333333334,10.991666666666667,48.333333333333336,,0.0,,32.333333333333336,20.166666666666668
2020-04-18,11.4125,8.783333333333333,218.08333333333334,23.441666666666666,12.158333333333333,37.166666666666664,,0.0,,34.583333333333336,18.25
2020-04-19,21.108333333333334,16.291666666666668,298.125,36.170833333333334,26.28333333333333,22.875,,0.0,,44.0,21.875
2020-04-20,19.958333333333332,15.591666666666667,279.9166666666667,36.44583333333333,23.645833333333332,25.25,,0.0,,64.66666666666667,37.833333333333336
2020-04-21,11.991666666666667,9.541666666666666,210.95833333333334,22.208333333333332,11.424999999999999,35.0,,0.0,,47.708333333333336,23.541666666666668
2020-04-22,11.466666666666667,7.9750000000000005,179.70833333333334,17.095833333333335,8.65,55.375,,0.0,,34.958333333333336,23.5
2020-04-23,16.241666666666667,11.737499999999999,236.54166666666666,27.34583333333333,16.337500000000002,46.416666666666664,,0.0,,36.916666666666664,22.875
2020-04-24,37.795833333333334,28.7375,416.3333333333333,51.35833333333333,48.37083333333334,23.791666666666668,,0.0,,74.91666666666667,53.0
2020-04-25,22.683333333333334,16.7625,307.2916666666667,43.25833333333333,23.629166666666666,25.916666666666668,,0.0,,68.04166666666667,43.291666666666664
2020-04-26,25.679166666666664,20.154166666666665,346.2916666666667,41.895833333333336,29.854166666666668,30.041666666666668,,0.0,,66.79166666666667,40.708333333333336
2020-04-27,38.145833333333336,28.825,418.625,50.225,49.40416666666667,27.541666666666668,,0.0,,79.0,55.416666666666664
2020-04-28,18.158333333333335,14.441666666666668,285.75,36.92916666666667,20.366666666666667,31.166666666666668,,0.0,,65.45833333333333,41.166666666666664
2020-04-29,13.045833333333334,10.095833333333333,201.20833333333334,20.345833333333335,13.170833333333334,52.666666666666664,,0.0,,51.541666666666664,26.5
2020-04-30,14.116666666666667,10.2125,248.20833333333334,32.9125,21.25,29.791666666666668,,0.0,,35.25,20.041666666666668
2020-05-01,17.474999999999998,13.645833333333334,264.4583333333333,28.97083333333333,19.120833333333334,37.625,,0.0,,53.291666666666664,27.5
2020-05-02,12.804166666666667,11.049999999999999,222.16666666666666,20.650000000000002,12.4,46.041666666666664,,0.0,,47.958333333333336,25.125
2020-05-03,17.345833333333335,14.345833333333333,235.58333333333334,25.03333333333333,19.325,46.333333333333336,,1.0416666666666667,,48.666666666666664,24.791666666666668
2020-05-04,29.9875,23.400000000000002,322.7083333333333,42.170833333333334,31.754166666666666,29.416666666666668,,4.875,,63.375,37.125
2020-05-05,24.53333333333333,20.220833333333335,273.3333333333333,32.15,23.55,36.041666666666664,,4.291666666666667,,73.33333333333333,52.0
2020-05-06,27.77916666666667,21.47083333333333,268.0,33.270833333333336,28.066666666666666,31.291666666666668,,4.541666666666667,,67.83333333333333,41.833333333333336
2020-05-07,17.416666666666668,13.533333333333333,231.375,28.208333333333332,21.2,42.291666666666664,,0.041666666666666664,,63.666666666666664,37.916666666666664
2020-05-08,15.729166666666666,12.520833333333334,255.33333333333334,40.05833333333333,21.541666666666668,27.166666666666668,,0.0,,51.583333333333336,25.583333333333332
2020-05-09,13.195833333333333,10.450000000000001,221.91666666666666,35.545833333333334,14.716666666666667,33.666666666666664,,0.0,,45.458333333333336,22.583333333333332
2020-05-10,9.408333333333333,7.470833333333334,183.20833333333334,21.295833333333334,9.404166666666667,52.041666666666664,,0.0,,39.458333333333336,22.916666666666668
2020-05-11,15.841666666666667,12.058333333333332,240.5,33.3125,20.008333333333333,49.958333333333336,,0.0,,39.291666666666664,24.125
2020-05-12,17.633333333333333,13.883333333333333,198.08333333333334,22.433333333333334,17.983333333333334,59.458333333333336,,0.7083333333333334,,51.708333333333336,27.75
2020-05-13,8.016666666666667,5.9375,174.79166666666666,16.224999999999998,9.025,57.958333333333336,,0.041666666666666664,,41.083333333333336,24.75
2020-05-14,15.066666666666668,11.883333333333333,222.54166666666666,30.941666666666666,20.179166666666667,42.708333333333336,,0.0,,35.833333333333336,22.041666666666668
2020-05-15,18.941666666666666,13.929166666666667,273.9583333333333,34.858333333333334,20.320833333333333,39.208333333333336,,0.0,,55.875,30.541666666666668
2020-05-16,15.520833333333334,11.591666666666667,221.20833333333334,27.912499999999998,13.679166666666667,49.125,,0.0,,50.291666666666664,26.125
2020-05-17,13.025,9.424999999999999,189.875,19.983333333333334,10.491666666666665,53.041666666666664,,0.0,,41.0,23.75
2020-05-18,11.237499999999999,8.558333333333334,189.875,21.141666666666666,12.254166666666668,45.791666666666664,,0.0,,38.666666666666664,20.125
2020-05-19,11.566666666666668,8.487499999999999,208.33333333333334,22.662499999999998,12.375,43.333333333333336,,0.0,,30.791666666666668,20.833333333333332
2020-05-20,23.212500000000002,17.0625,303.9583333333333,40.175000000000004,22.84166666666667,30.791666666666668,,0.0,,54.25,29.958333333333332
2020-05-21,12.908333333333333,10.445833333333333,216.45833333333334,26.15416666666667,13.258333333333333,36.041666666666664,,0.0,,53.833333333333336,27.833333333333332
2020-05-22,10.987499999999999,8.183333333333334,201.33333333333334,27.724999999999998,13.529166666666667,31.041666666666668,,0.0,,34.875,17.666666666666668
2020-05-23,15.341666666666667,11.137500000000001,240.625,38.00833333333333,17.770833333333332,17.25,,0.0,,37.25,19.625
2020-05-24,25.4375,18.554166666666667,320.8333333333333,38.37083333333333,26.9875,15.333333333333334,,0.0,,57.416666666666664,31.125
2020-05-25,24.15833333333333,18.4875,325.7916666666667,41.454166666666666,38.50416666666667,30.458333333333332,,0.0,,65.08333333333333,38.208333333333336
2020-05-26,43.270833333333336,32.266666666666666,472.1666666666667,52.63333333333333,62.604166666666664,27.916666666666668,,0.0,,85.25,58.75
2020-05-27,33.954166666666666,25.270833333333332,396.0833333333333,58.675000000000004,46.88333333333333,27.666666666666668,,0.0,,78.375,56.833333333333336
2020-05-28,31.829166666666666,23.974999999999998,365.8333333333333,50.612500000000004,42.574999999999996,40.166666666666664,,0.0,,78.16666666666667,59.541666666666664
2020-05-29,25.837500000000002,20.712500000000002,314.5416666666667,40.65416666666666,23.5625,29.125,,0.4166666666666667,,73.54166666666667,52.333333333333336
2020-05-30,11.35,9.454166666666667,186.375,15.829166666666666,9.566666666666666,52.041666666666664,,0.9583333333333334,,51.416666666666664,28.958333333333332
2020-05-31,10.258333333333333,9.075000000000001,164.625,17.266666666666666,6.754166666666666,54.666666666666664,,0.4583333333333333,,40.291666666666664,22.791666666666668
2020-06-01,9.479166666666666,7.408333333333334,162.66666666666666,17.191666666666666,8.174999999999999,44.0,,0.0,,33.083333333333336,18.625
2020-06-02,10.641666666666667,8.370833333333334,168.91666666666666,14.933333333333332,9.008333333333333,49.125,,0.0,,31.708333333333332,19.625
2020-06-03,14.616666666666667,11.887500000000001,212.125,21.5625,12.291666666666666,45.333333333333336,,0.16666666666666666,,42.416666666666664,20.791666666666668
2020-06-04,17.104166666666668,13.987499999999999,247.0,29.849999999999998,19.816666666666666,39.916666666666664,,0.2916666666666667,,52.208333333333336,26.208333333333332
2020-06-05,17.291666666666668,13.933333333333332,226.08333333333334,28.695833333333336,21.116666666666667,42.416666666666664,,0.0,,54.541666666666664,28.416666666666668
2020-06-06,27.625,21.483333333333334,318.0,41.0875,27.525000000000002,35.833333333333336,,0.0,,63.416666666666664,36.791666666666664
2020-06-07,31.620833333333334,25.224999999999998,352.3333333333333,50.84583333333333,31.770833333333332,37.291666666666664,,0.16666666666666666,,73.20833333333333,51.625
2020-06-08,30.34166666666667,24.775000000000002,322.0833333333333,40.00833333333333,31.391666666666666,44.041666666666664,,0.6666666666666666,,78.91666666666667,60.208333333333336
2020-06-09,27.383333333333336,22.09166666666667,297.0416666666667,37.458333333333336,26.0,44.291666666666664,,0.3333333333333333,,75.83333333333333,56.041666666666664
2020-06-10,34.041666666666664,24.745833333333334,350.25,48.770833333333336,38.43333333333333,45.541666666666664,,1.0833333333333333,,70.16666666666667,46.083333333333336
2020-06-11,41.71666666666667,31.041666666666668,411.7083333333333,54.354166666666664,40.025,41.125,,1.5833333333333333,,88.625,64.04166666666667
2020-06-12,28.791666666666668,21.995833333333334,353.625,38.30416666666667,30.145833333333332,38.5,,1.0416666666666667,,85.66666666666667,62.833333333333336
2020-06-13,8.8125,6.779166666666666,156.16666666666666,14.841666666666667,7.3625,47.208333333333336,,0.041666666666666664,,39.75,23.708333333333332
2020-06-14,12.033333333333333,9.325000000000001,165.83333333333334,15.816666666666668,8.429166666666667,52.25,,0.5,,35.083333333333336,20.916666666666668
2020-06-15,12.991666666666667,10.420833333333333,204.29166666666666,23.145833333333332,17.245833333333334,49.166666666666664,,0.5,,37.791666666666664,21.791666666666668
2020-06-16,28.829166666666666,21.650000000000002,321.2916666666667,43.64166666666667,35.0875,37.208333333333336,,1.5416666666666667,,57.541666666666664,31.625
2020-06-17,37.770833333333336,28.662499999999998,408.75,55.44166666666666,36.141666666666666,34.833333333333336,,3.4166666666666665,,81.79166666666667,60.125
2020-06-18,44.59583333333333,34.074999999999996,437.5,51.02916666666667,39.920833333333334,49.375,,3.4166666666666665,,93.45833333333333,65.95833333333333
2020-06-19,36.3375,27.483333333333334,355.6666666666667,49.24583333333334,38.458333333333336,50.166666666666664,,1.6666666666666667,,81.41666666666667,59.708333333333336
2020-06-20,34.2125,26.170833333333334,349.7083333333333,48.09166666666667,28.2625,36.875,,2.875,,92.25,65.54166666666667
2020-06-21,9.754166666666666,7.308333333333334,161.91666666666666,18.05,9.091666666666667,40.875,,0.0,,49.208333333333336,30.666666666666668
2020-06-22,17.3125,13.325000000000001,240.875,30.1375,17.575,41.875,,0.0,,44.083333333333336,23.833333333333332
2020-06-23,31.020833333333332,22.258333333333336,340.875,48.05833333333334,41.69583333333333,27.458333333333332,,0.0,,61.5,35.25
2020-06-24,19.108333333333334,15.0625,249.16666666666666,35.4,15.995833333333332,36.458333333333336,,0.0,,69.54166666666667,45.833333333333336
2020-06-25,24.28333333333333,17.616666666666667,283.5833333333333,35.800000000000004,19.870833333333334,38.166666666666664,,0.0,,57.0,30.625
2020-06-26,22.820833333333336,16.920833333333334,288.2083333333333,41.608333333333334,23.625,32.791666666666664,,0.0,,59.875,33.5
2020-06-27,16.308333333333334,13.570833333333333,216.66666666666666,27.733333333333334,10.975,52.625,,0.0,,57.083333333333336,32.166666666666664
2020-06-28,24.59166666666667,20.020833333333332,290.5,45.7875,22.241666666666664,43.125,,0.0,,61.208333333333336,34.916666666666664
2020-06-29,10.875,8.029166666666667,168.83333333333334,23.495833333333334,12.970833333333333,42.041666666666664,,0.0,,48.875,27.875
2020-06-30,17.025000000000002,12.554166666666667,199.625,25.695833333333336,21.6875,43.75,,0.0,,45.583333333333336,23.875
2020-07-01,13.204166666666666,10.137500000000001,179.375,24.03333333333333,13.966666666666667,53.833333333333336,,0.0,,44.333333333333336,24.666666666666668
2020-07-02,20.900000000000002,15.908333333333333,249.91666666666666,35.987500000000004,19.241666666666667,45.916666666666664,,0.0,,49.833333333333336,26.416666666666668
2020-07-03,22.920833333333334,17.7,290.0,42.55416666666667,23.983333333333334,38.541666666666664,,0.0,,62.666666666666664,36.041666666666664
2020-07-04,23.383333333333336,18.958333333333332,293.4166666666667,42.625,25.825,43.916666666666664,,0.0,,63.208333333333336,36.291666666666664
2020-07-05,32.49583333333333,25.25,370.125,51.887499999999996,36.545833333333334,25.375,,0.0,,74.0,52.541666666666664
2020-07-06,24.416666666666668,18.658333333333335,285.625,38.49583333333333,22.083333333333332,41.958333333333336,,0.0,,68.58333333333333,45.041666666666664
2020-07-07,30.625,23.858333333333334,311.2916666666667,43.15833333333333,31.316666666666666,51.791666666666664,,0.625,,72.0,49.708333333333336
2020-07-08,26.05,21.4875,266.4583333333333,37.0,22.620833333333334,39.208333333333336,,2.625,,72.375,49.958333333333336
2020-07-09,11.0625,8.408333333333333,186.45833333333334,26.0,11.745833333333332,37.0,,0.0,,49.583333333333336,28.333333333333332
2020-07-10,20.0125,14.454166666666666,260.875,36.645833333333336,19.720833333333335,35.333333333333336,,0.0,,50.041666666666664,25.958333333333332
2020-07-11,15.745833333333332,12.145833333333334,198.29166666666666,24.675,16.041666666666668,54.333333333333336,,0.0,,52.125,28.5
2020-07-12,24.895833333333332,18.591666666666665,253.41666666666666,37.94583333333333,22.870833333333334,47.708333333333336,,0.08333333333333333,,58.458333333333336,32.375
2020-07-13,21.670833333333334,17.466666666666665,241.5,38.44166666666667,23.3,44.583333333333336,,0.0,,60.0,33.875
2020-07-14,12.329166666666666,10.475,177.875,24.041666666666668,11.225,38.083333333333336,,0.125,,55.916666666666664,29.666666666666668
2020-07-15,13.5,10.254166666666666,180.33333333333334,18.754166666666666,14.924999999999999,41.25,,0.4166666666666667,,41.416666666666664,20.916666666666668
2020-07-16,14.387500000000001,11.375,209.625,27.03333333333333,18.370833333333334,20.5,,0.0,,48.458333333333336,23.25
2020-07-17,14.341666666666667,11.516666666666666,212.45833333333334,27.016666666666666,16.279166666666665,27.291666666666668,,0.75,,41.083333333333336,20.541666666666668
2020-07-18,21.333333333333332,16.670833333333334,270.9583333333333,32.854166666666664,15.666666666666666,22.75,,0.9166666666666666,,57.75,31.25
2020-07-19,25.166666666666668,19.766666666666666,308.5833333333333,41.108333333333334,19.854166666666668,20.208333333333332,,0.5416666666666666,,62.75,36.0
2020-07-20,25.59583333333333,19.0125,313.0,39.704166666666666,23.6125,28.041666666666668,,0.125,,66.33333333333333,39.375
2020-07-21,18.366666666666667,14.579166666666666,263.375,33.78333333333333,14.979166666666666,24.041666666666668,,0.041666666666666664,,59.583333333333336,33.0
2020-07-22,13.791666666666666,10.995833333333332,205.16666666666666,28.8625,12.516666666666666,36.0,,0.0,,52.041666666666664,26.083333333333332
2020-07-23,12.033333333333333,9.041666666666666,187.375,26.016666666666666,12.208333333333334,30.916666666666668,,0.0,,38.041666666666664,19.875
2020-07-24,20.875,15.795833333333334,262.4166666666667,35.47083333333333,20.058333333333334,25.791666666666668,,0.0,,50.166666666666664,25.541666666666668
2020-07-25,25.112499999999997,18.904166666666665,302.75,39.84166666666667,26.316666666666666,26.916666666666668,,0.0,,64.79166666666667,37.958333333333336
2020-07-26,24.8,17.495833333333334,306.0833333333333,41.737500000000004,23.90833333333333,35.583333333333336,,0.0,,58.916666666666664,32.333333333333336
2020-07-27,38.887499999999996,29.825,371.7083333333333,53.537499999999994,39.854166666666664,33.791666666666664,,0.0,,75.41666666666667,53.541666666666664
2020-07-28,32.525,25.358333333333334,344.2083333333333,44.520833333333336,34.27916666666667,41.458333333333336,,0.0,,87.58333333333333,63.708333333333336
2020-07-29,23.766666666666666,18.554166666666667,265.2083333333333,40.65833333333333,24.883333333333336,41.583333333333336,,0.0,,68.95833333333333,43.833333333333336
2020-07-30,13.229166666666666,9.516666666666667,185.41666666666666,22.604166666666668,11.983333333333334,50.208333333333336,,0.0,,50.875,27.125
2020-07-31,15.475,11.141666666666666,204.41666666666666,26.833333333333332,14.512500000000001,33.166666666666664,,0.0,,42.625,20.833333333333332
2020-08-01,23.9375,17.629166666666666,292.5833333333333,41.074999999999996,26.104166666666668,18.375,,0.0,,56.625,30.416666666666668
2020-08-02,15.0875,11.670833333333334,213.125,26.962500000000002,12.879166666666668,23.166666666666668,,0.0,,52.541666666666664,27.333333333333332
2020-08-03,23.95,18.133333333333333,307.5416666666667,35.87916666666667,24.008333333333336,21.875,,0.0,,59.458333333333336,32.833333333333336
2020-08-04,27.1375,19.675,321.5833333333333,42.4375,32.68333333333333,29.791666666666668,,0.0,,62.5,35.625
2020-08-05,31.604166666666668,24.083333333333332,338.5833333333333,46.583333333333336,34.9375,34.625,,0.0,,71.375,48.416666666666664
2020-08-06,30.650000000000002,25.945833333333336,336.875,45.54583333333333,30.22083333333333,34.125,,0.0,,82.79166666666667,61.666666666666664
2020-08-07,19.270833333333332,14.883333333333333,240.625,38.050000000000004,19.1,29.916666666666668,,0.0,,62.541666666666664,37.458333333333336
2020-08-08,22.604166666666668,16.275000000000002,251.83333333333334,34.9125,17.045833333333334,32.791666666666664,,0.0,,59.208333333333336,32.666666666666664
2020-08-09,18.520833333333332,13.945833333333333,231.95833333333334,31.775000000000002,14.383333333333333,24.125,,0.0,,56.375,29.958333333333332
2020-08-10,30.8125,22.358333333333334,342.75,44.229166666666664,32.65416666666667,26.708333333333332,,0.0,,64.16666666666667,39.0
2020-08-11,16.133333333333333,12.616666666666667,216.58333333333334,31.129166666666666,15.654166666666667,26.166666666666668,,0.0,,61.458333333333336,36.041666666666664
2020-08-12,13.345833333333333,10.458333333333334,199.20833333333334,24.15416666666667,15.666666666666666,22.083333333333332,,0.0,,43.375,20.75
2020-08-13,11.512500000000001,8.987499999999999,172.16666666666666,25.96666666666667,11.154166666666667,26.083333333333332,,0.0,,39.416666666666664,19.25
2020-08-14,14.345833333333333,10.508333333333333,205.91666666666666,30.916666666666668,14.549999999999999,23.625,,0.0,,39.083333333333336,19.416666666666668
2020-08-15,21.78333333333333,16.583333333333332,283.9166666666667,34.954166666666666,16.691666666666666,23.208333333333332,,0.0,,55.166666666666664,29.333333333333332
2020-08-16,23.954166666666666,19.537499999999998,316.1666666666667,37.65,19.991666666666667,28.5,,0.0,,65.33333333333333,38.666666666666664
2020-08-17,18.141666666666666,13.637500000000001,230.0,29.25,15.5,37.5,,0.0,,54.583333333333336,28.666666666666668
2020-08-18,27.808333333333334,20.775000000000002,319.3333333333333,36.84583333333333,23.712500000000002,26.583333333333332,,0.0,,66.125,40.416666666666664
2020-08-19,48.01666666666667,35.25416666666667,499.8333333333333,52.15416666666667,46.85833333333333,19.0,,0.0,,88.375,60.333333333333336
2020-08-20,24.287499999999998,17.870833333333334,295.0833333333333,36.24166666666667,24.837500000000002,25.416666666666668,,0.0,,74.125,47.958333333333336
2020-08-21,34.425000000000004,25.808333333333334,403.1666666666667,46.74583333333334,38.12916666666667,19.666666666666668,,0.0,,73.45833333333333,52.25
2020-08-22,28.425,21.616666666666664,312.5416666666667,41.15,23.729166666666668,22.083333333333332,,0.0,,72.375,49.291666666666664
2020-08-23,46.083333333333336,35.90833333333333,507.5833333333333,47.87083333333334,46.5875,31.083333333333332,,0.0,,96.375,65.75
2020-08-24,19.566666666666666,14.975,239.29166666666666,32.975,20.129166666666666,38.041666666666664,,0.0,,67.91666666666667,41.958333333333336
2020-08-25,26.741666666666664,20.220833333333335,296.3333333333333,44.34583333333333,27.90416666666667,29.583333333333332,,0.0,,60.041666666666664,33.458333333333336
2020-08-26,21.412499999999998,17.349999999999998,278.6666666666667,37.829166666666666,22.4375,32.625,,0.0,,67.33333333333333,41.083333333333336
2020-08-27,26.758333333333336,20.070833333333333,319.125,42.329166666666666,33.862500000000004,27.833333333333332,,0.0,,64.125,37.416666666666664
2020-08-28,26.53333333333333,20.216666666666665,316.8333333333333,44.6,31.9375,23.041666666666668,,0.0,,67.83333333333333,41.666666666666664
2020-08-29,16.8125,13.229166666666666,238.125,32.266666666666666,15.158333333333333,31.958333333333332,,0.0,,57.375,31.458333333333332
2020-08-30,23.766666666666666,17.45,291.4583333333333,39.97083333333333,22.95,29.875,,0.0,,56.291666666666664,30.125
2020-08-31,18.566666666666666,14.333333333333334,208.125,24.72083333333333,18.929166666666667,59.458333333333336,,0.0,,60.041666666666664,33.875
2020-09-01,14.783333333333333,11.954166666666666,210.41666666666666,28.625,16.570833333333333,46.25,,0.08333333333333333,,52.083333333333336,26.208333333333332
2020-09-02,12.929166666666667,10.404166666666667,203.45833333333334,26.454166666666666,16.400000000000002,34.5,,0.0,,46.875,22.875
2020-09-03,12.879166666666668,9.887500000000001,197.33333333333334,22.400000000000002,18.241666666666667,38.75,,0.0,,41.791666666666664,20.916666666666668
2020-09-04,16.058333333333334,13.2125,220.16666666666666,26.662499999999998,25.566666666666666,38.708333333333336,,0.0,,45.875,22.333333333333332
2020-09-05,18.920833333333334,14.470833333333333,245.75,32.72083333333333,27.695833333333336,27.875,,0.0,,54.125,27.916666666666668
2020-09-06,26.695833333333336,20.554166666666667,292.6666666666667,37.42916666666667,31.191666666666666,26.958333333333332,,0.0,,62.333333333333336,35.625
2020-09-07,38.670833333333334,30.683333333333334,444.5,55.699999999999996,44.7125,16.583333333333332,,0.3333333333333333,,80.54166666666667,59.083333333333336
2020-09-08,18.183333333333334,13.770833333333334,231.0,31.74166666666667,21.195833333333333,28.625,,1.2083333333333333,,71.875,47.25
2020-09-09,12.5,9.441666666666666,207.66666666666666,25.625,14.700000000000001,24.916666666666668,,0.0,,44.541666666666664,21.541666666666668
2020-09-10,14.791666666666666,11.054166666666667,217.41666666666666,26.291666666666668,16.45416666666667,29.875,,0.0,,45.0,21.625
2020-09-11,9.966666666666667,7.595833333333334,185.95833333333334,21.099999999999998,12.0,32.458333333333336,,0.0,,33.458333333333336,18.375
2020-09-12,17.599999999999998,13.816666666666668,253.875,33.958333333333336,18.525000000000002,23.291666666666668,,0.0,,47.208333333333336,23.75
2020-09-13,16.05,12.216666666666667,222.29166666666666,25.349999999999998,14.479166666666666,40.166666666666664,,0.0,,51.916666666666664,25.833333333333332
2020-09-14,16.474999999999998,12.229166666666666,214.66666666666666,27.075,13.966666666666667,30.125,,0.0,,49.875,24.125
2020-09-15,14.120833333333332,11.049999999999999,212.25,26.84166666666667,14.370833333333332,28.25,,0.0,,49.958333333333336,24.416666666666668
2020-09-16,26.525000000000002,18.354166666666668,317.625,44.199999999999996,29.962500000000002,17.791666666666668,,0.0,,52.166666666666664,26.833333333333332
2020-09-17,16.958333333333332,12.929166666666667,206.95833333333334,25.870833333333334,18.616666666666667,36.958333333333336,,0.0,,61.458333333333336,34.75
2020-09-18,10.779166666666667,8.233333333333333,201.75,22.733333333333334,14.399999999999999,19.5,,0.0,,40.958333333333336,19.666666666666668
2020-09-19,9.129166666666666,7.220833333333334,178.04166666666666,19.341666666666665,10.237499999999999,36.708333333333336,,0.0,,31.5,16.333333333333332
2020-09-20,11.670833333333334,8.783333333333333,202.0,23.537499999999998,10.804166666666667,30.208333333333332,,0.0,,32.5,18.0
2020-09-21,13.700000000000001,10.245833333333334,214.16666666666666,25.433333333333334,14.5625,25.791666666666668,,0.0,,41.333333333333336,19.958333333333332
2020-09-22,15.908333333333333,12.404166666666667,205.25,21.650000000000002,14.3375,42.708333333333336,,0.0,,46.666666666666664,22.666666666666668
2020-09-23,33.65,25.954166666666666,345.625,44.98333333333333,29.920833333333334,27.041666666666668,,0.0,,60.625,35.041666666666664
2020-09-24,50.050000000000004,39.545833333333334,515.2916666666666,56.19166666666666,51.237500000000004,14.416666666666666,,0.0,,97.79166666666667,67.45833333333333
2020-09-25,39.8375,33.237500000000004,391.5833333333333,41.35,36.137499999999996,22.375,,0.125,,108.20833333333333,70.95833333333333
2020-09-26,26.395833333333332,22.666666666666668,263.0416666666667,27.15833333333333,19.808333333333334,25.625,,0.375,,82.16666666666667,61.041666666666664
2020-09-27,25.770833333333332,19.537499999999998,238.625,23.245833333333334,17.829166666666666,28.375,,3.4166666666666665,,67.58333333333333,41.958333333333336
2020-09-28,37.237500000000004,28.020833333333332,230.0,24.775000000000002,21.97083333333333,24.5,,16.791666666666668,,68.79166666666667,44.125
2020-09-29,50.82083333333333,36.30833333333333,273.625,30.691666666666666,31.433333333333334,20.0,,18.833333333333332,,105.66666666666667,70.0
2020-09-30,25.212500000000002,20.925,265.125,27.650000000000002,24.912499999999998,27.166666666666668,,1.25,,79.83333333333333,55.25
2020-10-01,26.245833333333334,21.59583333333333,280.125,31.995833333333334,27.229166666666668,30.583333333333332,,2.3333333333333335,,68.33333333333333,42.333333333333336
2020-10-02,28.837500000000002,23.170833333333334,312.7083333333333,36.300000000000004,30.3875,25.5,,1.4166666666666667,,73.83333333333333,52.666666666666664
2020-10-03,27.599999999999998,22.4375,334.4166666666667,37.237500000000004,27.808333333333334,20.041666666666668,,0.08333333333333333,,73.75,52.708333333333336
2020-10-04,26.65416666666667,21.954166666666666,321.2916666666667,32.1,26.433333333333334,28.583333333333332,,0.20833333333333334,,72.125,49.5
2020-10-05,31.991666666666664,25.070833333333336,328.4166666666667,40.80833333333333,35.375,25.458333333333332,,0.5,,71.375,48.083333333333336
2020-10-06,32.270833333333336,25.96666666666667,306.625,38.887499999999996,32.22083333333333,30.333333333333332,,1.5,,80.79166666666667,61.208333333333336
2020-10-07,29.583333333333332,22.370833333333334,281.2083333333333,35.354166666666664,34.475,31.291666666666668,,2.5416666666666665,,75.95833333333333,56.166666666666664
2020-10-08,36.9625,25.895833333333332,290.2916666666667,38.15,35.795833333333334,28.291666666666668,,12.125,,74.54166666666667,54.083333333333336
2020-10-09,33.233333333333334,25.40833333333333,354.2083333333333,46.82916666666667,38.824999999999996,16.791666666666668,,6.875,,78.45833333333333,60.166666666666664
2020-10-10,43.76666666666667,34.09583333333333,421.875,47.949999999999996,43.70416666666667,8.291666666666666,,7.5,,85.58333333333333,62.916666666666664
2020-10-11,48.1,35.87916666666667,360.2916666666667,36.75833333333333,33.949999999999996,12.5,,14.958333333333334,,101.125,68.79166666666667
2020-10-12,54.15416666666667,42.887499999999996,433.7916666666667,48.93333333333334,53.05416666666667,6.5,,14.208333333333334,,109.75,71.5
2020-10-13,48.29583333333333,38.9625,494.0833333333333,51.12916666666666,55.10833333333334,7.25,,4.208333333333333,,115.29166666666667,73.25
2020-10-14,59.3375,45.59166666666667,531.625,47.9,54.56666666666666,8.25,,7.0,,119.41666666666667,74.66666666666667
2020-10-15,27.804166666666664,21.53333333333333,289.2083333333333,30.858333333333334,28.150000000000002,26.25,,4.5,,101.45833333333333,68.0
2020-10-16,18.766666666666666,15.237499999999999,268.875,40.612500000000004,27.34583333333333,13.833333333333334,,0.0,,58.541666666666664,32.0
2020-10-17,29.5,22.77916666666667,363.0,47.22083333333333,43.791666666666664,12.75,,0.0,,64.29166666666667,39.041666666666664
2020-10-18,11.308333333333332,8.987499999999999,217.375,20.916666666666668,16.366666666666667,29.416666666666668,,0.0,,57.083333333333336,32.333333333333336
2020-10-19,12.65,9.554166666666667,229.54166666666666,24.941666666666666,18.349999999999998,31.541666666666668,,0.0,,38.25,18.458333333333332
2020-10-20,11.454166666666666,8.549999999999999,221.58333333333334,23.1375,14.641666666666666,28.708333333333332,,0.0,,36.75,17.625
2020-10-21,20.779166666666665,16.175,309.5,38.49583333333333,34.00416666666667,12.583333333333334,,0.0,,46.625,23.041666666666668
2020-10-22,33.920833333333334,26.837500000000002,375.2916666666667,39.93333333333333,53.29583333333333,9.916666666666666,,0.0,,74.58333333333333,51.958333333333336
2020-10-23,14.858333333333334,11.9625,224.29166666666666,23.1875,14.745833333333332,34.208333333333336,,0.4583333333333333,,64.45833333333333,40.583333333333336
2020-10-24,17.974999999999998,14.304166666666667,271.4583333333333,32.454166666666666,20.162499999999998,20.083333333333332,,0.125,,47.166666666666664,23.083333333333332
2020-10-25,30.037499999999998,23.179166666666664,398.3333333333333,45.5,34.625,9.666666666666666,,0.0,,71.66666666666667,50.041666666666664
2020-10-26,46.512499999999996,35.00833333333333,496.2916666666667,52.80416666666667,62.333333333333336,2.9166666666666665,,0.0,,79.20833333333333,54.583333333333336
2020-10-27,26.891666666666666,20.400000000000002,321.5833333333333,38.291666666666664,39.69583333333333,14.958333333333334,,0.0,,87.0,60.916666666666664
2020-10-28,30.087500000000002,24.395833333333332,321.0416666666667,37.40416666666667,35.94166666666667,13.166666666666666,,0.20833333333333334,,69.125,44.083333333333336
2020-10-29,39.6625,32.75833333333333,378.25,43.60833333333333,44.225,6.916666666666667,,0.75,,86.625,63.333333333333336
2020-10-30,55.737500000000004,43.71666666666667,507.6666666666667,43.92083333333333,65.49583333333332,2.9166666666666665,,3.7916666666666665,,98.95833333333333,67.75
2020-10-31,87.41250000000001,71.70416666666667,860.75,48.40833333333333,83.42083333333333,1.8333333333333333,,4.583333333333333,,152.29166666666666,93.45833333333333
2020-11-01,20.875,17.270833333333332,261.8333333333333,22.075,15.666666666666666,16.375,,1.75,,109.41666666666667,69.375
2020-11-02,47.94583333333333,37.94583333333333,315.875,26.72083333333333,28.0625,6.625,,18.833333333333332,,70.29166666666667,44.25
2020-11-03,47.90416666666667,35.975,389.0416666666667,32.1,49.2875,3.9166666666666665,,13.916666666666666,,111.375,71.95833333333333
2020-11-04,32.74583333333333,25.579166666666666,394.25,34.49166666666667,39.34166666666666,8.916666666666666,,1.0,,94.875,66.45833333333333
2020-11-05,17.337500000000002,13.179166666666667,265.25,26.358333333333334,21.445833333333336,28.875,,0.5416666666666666,,64.125,39.25
2020-11-06,11.729166666666666,7.858333333333333,204.25,21.366666666666664,12.137500000000001,40.291666666666664,,0.0,,40.458333333333336,20.166666666666668
2020-11-07,13.1875,9.704166666666667,205.375,25.270833333333332,14.266666666666666,39.25,,0.0,,34.041666666666664,19.75
2020-11-08,11.304166666666667,8.9125,193.79166666666666,24.333333333333332,13.3125,30.083333333333332,,0.0,,41.708333333333336,20.083333333333332
2020-11-09,16.754166666666666,12.049999999999999,266.25,33.262499999999996,20.925,27.625,,0.0,,45.75,22.333333333333332
2020-11-10,13.029166666666667,9.525,228.16666666666666,27.770833333333332,15.895833333333334,36.375,,0.0,,41.208333333333336,20.083333333333332
2020-11-11,18.270833333333332,14.095833333333333,285.5416666666667,37.6625,24.4375,20.583333333333332,,0.0,,46.625,22.541666666666668
2020-11-12,34.69583333333333,26.1125,425.4583333333333,50.958333333333336,46.52916666666667,5.416666666666667,,0.0,,68.375,45.125
2020-11-13,61.96666666666667,47.520833333333336,703.875,47.475,73.94583333333334,0.4166666666666667,,0.0,,93.75,65.79166666666667
2020-11-14,64.00833333333334,50.729166666666664,653.5,52.27916666666667,86.30833333333334,1.5833333333333333,,0.041666666666666664,,145.125,83.45833333333333
2020-11-15,28.770833333333332,22.025000000000002,328.2083333333333,34.8125,36.56666666666667,7.458333333333333,,0.125,,105.375,69.04166666666667
2020-11-16,21.304166666666667,16.275000000000002,271.9583333333333,32.579166666666666,37.983333333333334,17.5,,0.0,,62.125,36.0
2020-11-17,27.516666666666666,22.275000000000002,290.125,35.483333333333334,41.395833333333336,20.666666666666668,,0.0,,64.83333333333333,38.75
2020-11-18,23.1125,18.087500000000002,249.45833333333334,25.895833333333332,27.72083333333333,28.708333333333332,,1.0833333333333333,,71.20833333333333,48.041666666666664
2020-11-19,17.995833333333334,13.554166666666667,232.75,20.595833333333335,20.554166666666667,32.083333333333336,,0.20833333333333334,,55.25,28.916666666666668
2020-11-20,19.825,15.133333333333333,244.54166666666666,23.679166666666664,21.641666666666666,34.5,,1.4166666666666667,,53.958333333333336,27.875
2020-11-21,42.2375,30.254166666666666,466.2916666666667,44.82916666666667,55.574999999999996,4.958333333333333,,0.5,,67.33333333333333,42.583333333333336
2020-11-22,19.625,14.691666666666668,267.75,29.858333333333334,25.183333333333334,36.291666666666664,,0.0,,82.16666666666667,58.083333333333336
2020-11-23,25.108333333333334,19.141666666666666,339.4166666666667,37.766666666666666,38.733333333333334,13.0,,0.0,,55.708333333333336,29.458333333333332
2020-11-24,25.837500000000002,18.825,357.1666666666667,40.104166666666664,33.074999999999996,6.916666666666667,,0.0,,64.91666666666667,38.125
2020-11-25,32.44583333333333,26.670833333333334,449.9166666666667,48.29583333333333,46.06666666666666,5.0,,0.0,,70.45833333333333,46.958333333333336
2020-11-26,35.25833333333333,27.84583333333333,459.6666666666667,45.99583333333334,55.97083333333333,5.333333333333333,,0.0,,89.20833333333333,64.375
2020-11-27,40.083333333333336,31.416666666666668,392.4166666666667,32.94583333333333,43.43333333333334,4.0,,0.0,,80.91666666666667,60.333333333333336
2020-11-28,45.925000000000004,37.358333333333334,490.4166666666667,28.8,54.34583333333333,0.625,,0.0,,98.54166666666667,67.75
2020-11-29,18.620833333333334,14.616666666666667,258.5833333333333,19.570833333333333,17.695833333333333,23.0,,0.0,,84.54166666666667,57.541666666666664
2020-11-30,19.804166666666667,15.458333333333334,230.20833333333334,22.133333333333336,25.46666666666667,27.708333333333332,,0.5,,53.125,26.875
2020-12-01,32.458333333333336,23.59583333333333,313.4166666666667,38.891666666666666,48.89166666666667,14.25,,1.75,,63.916666666666664,37.708333333333336
2020-12-02,44.5,32.699999999999996,394.4166666666667,47.92083333333333,66.07083333333334,8.625,,0.625,,91.25,64.79166666666667
2020-12-03,28.745833333333334,22.40833333333333,307.5,37.824999999999996,41.80833333333333,19.333333333333332,,0.5416666666666666,,79.75,58.291666666666664
2020-12-04,29.96666666666667,24.070833333333336,305.625,39.0,43.34583333333333,22.541666666666668,,0.8333333333333334,,71.54166666666667,48.416666666666664
2020-12-05,34.770833333333336,27.854166666666668,334.875,40.875,42.770833333333336,18.125,,0.8333333333333334,,80.54166666666667,60.708333333333336
2020-12-06,48.68333333333334,39.15833333333333,459.5833333333333,57.47083333333333,59.2125,11.416666666666666,,0.0,,95.25,66.5
2020-12-07,47.77916666666667,37.80416666666667,520.5833333333334,59.01666666666667,73.85416666666667,4.5,,0.0,,109.375,71.54166666666667
2020-12-08,46.487500000000004,38.395833333333336,514.5416666666666,56.60833333333333,70.02916666666667,5.791666666666667,,0.5416666666666666,,106.20833333333333,70.29166666666667
2020-12-09,35.358333333333334,28.516666666666666,419.0416666666667,52.458333333333336,48.01666666666667,14.75,,1.0,,97.41666666666667,67.25
2020-12-10,39.49166666666667,30.7,391.0,48.75833333333333,48.666666666666664,17.791666666666668,,1.0,,85.375,62.875
2020-12-11,41.362500000000004,32.34583333333333,407.25,45.770833333333336,50.70416666666667,11.583333333333334,,1.0,,91.04166666666667,65.16666666666667
2020-12-12,40.775,32.2875,399.125,40.49583333333333,44.02916666666667,12.5,,0.75,,98.875,67.83333333333333
2020-12-13,25.329166666666666,19.808333333333334,270.8333333333333,28.7625,30.770833333333332,22.125,,1.875,,77.0,53.666666666666664
2020-12-14,28.358333333333334,21.316666666666666,320.8333333333333,35.80833333333333,46.36666666666667,14.333333333333334,,0.16666666666666666,,66.375,39.625
2020-12-15,70.04166666666667,56.81666666666666,741.0416666666666,53.96666666666667,125.08333333333333,4.541666666666667,,0.0,,93.83333333333333,59.708333333333336
2020-12-16,47.74166666666667,39.675000000000004,558.7916666666666,48.47083333333333,74.37916666666666,5.166666666666667,,0.0,,148.91666666666666,87.91666666666667
2020-12-17,16.770833333333332,12.104166666666666,262.4166666666667,26.375,19.920833333333334,22.125,,0.0,,74.95833333333333,48.5
2020-12-18,45.04583333333333,36.59583333333333,590.9583333333334,43.770833333333336,81.99166666666666,5.25,,0.0,,66.58333333333333,37.583333333333336
2020-12-19,19.349999999999998,15.4,327.125,30.587500000000002,37.641666666666666,7.416666666666667,,0.0,,92.125,61.625
2020-12-20,36.670833333333334,28.979166666666668,419.0,35.92916666666667,59.387499999999996,2.25,,0.0,,69.375,45.458333333333336
2020-12-21,33.24166666666667,25.2,370.2916666666667,31.941666666666666,39.891666666666666,4.375,,0.0,,83.20833333333333,62.0
2020-12-22,27.120833333333334,21.633333333333336,332.375,35.42916666666667,39.13333333333333,10.916666666666666,,0.0,,75.91666666666667,56.416666666666664
2020-12-23,27.09583333333333,20.870833333333334,333.3333333333333,37.479166666666664,37.637499999999996,19.541666666666668,,0.0,,70.0,45.541666666666664
2020-12-24,30.733333333333334,23.2375,362.625,36.71666666666667,48.666666666666664,12.583333333333334,,0.0,,68.125,42.583333333333336
2020-12-25,19.708333333333332,15.266666666666666,269.0416666666667,28.945833333333336,28.583333333333332,24.583333333333332,,0.0,,68.79166666666667,45.416666666666664
2020-12-26,18.741666666666667,14.204166666666666,282.375,28.416666666666668,25.570833333333336,12.541666666666666,,0.0,,56.458333333333336,30.041666666666668
2020-12-27,24.349999999999998,19.970833333333335,406.125,33.583333333333336,36.57083333333333,7.125,,0.0,,51.791666666666664,25.75
2020-12-28,61.625,52.46666666666667,807.2083333333334,50.612500000000004,105.59583333333335,2.75,,0.0,,121.54166666666667,73.5
2020-12-29,19.308333333333334,15.520833333333334,296.5416666666667,26.979166666666668,32.86666666666667,24.583333333333332,,0.0,,92.625,59.75
2020-12-30,29.95,22.633333333333336,345.9583333333333,37.78333333333333,44.94583333333333,15.0,,0.0,,60.166666666666664,34.25
2020-12-31,29.433333333333334,22.1125,301.1666666666667,33.199999999999996,37.59166666666667,16.666666666666668,,0.7916666666666666,,73.58333333333333,52.208333333333336
2021-01-01,32.82083333333333,26.724999999999998,330.8333333333333,33.8375,39.324999999999996,19.833333333333332,,0.75,,75.95833333333333,55.666666666666664
2021-01-02,30.52916666666667,24.604166666666668,365.0833333333333,31.741666666666664,34.733333333333334,17.541666666666668,,0.041666666666666664,,82.58333333333333,61.916666666666664
2021-01-03,30.037499999999998,22.558333333333334,386.0833333333333,38.65,41.104166666666664,16.708333333333332,,0.0,,68.625,43.375
2021-01-04,40.55,31.316666666666666,385.5416666666667,43.012499999999996,47.9,10.166666666666666,,0.0,,82.08333333333333,60.5
2021-01-05,58.72083333333333,45.02916666666667,495.5833333333333,49.5625,73.15833333333333,3.9583333333333335,,0.7916666666666666,,108.625,71.16666666666667
2021-01-06,61.583333333333336,49.40416666666667,570.2083333333334,59.30833333333334,77.33333333333333,6.916666666666667,,0.4583333333333333,,119.41666666666667,74.625
2021-01-07,50.51666666666667,41.862500000000004,467.5833333333333,48.01666666666667,70.64583333333333,5.958333333333333,,0.5,,138.375,80.70833333333333
2021-01-08,30.662499999999998,25.258333333333336,341.9583333333333,30.900000000000002,33.641666666666666,14.041666666666666,,0.0,,95.75,66.58333333333333
2021-01-09,22.3,18.724999999999998,319.8333333333333,28.65833333333333,29.650000000000002,9.583333333333334,,0.0,,70.91666666666667,47.458333333333336
2021-01-10,26.695833333333336,20.4875,360.7083333333333,34.00833333333333,38.05416666666667,8.458333333333334,,0.0,,64.33333333333333,37.583333333333336
2021-01-11,82.41666666666667,63.57083333333333,782.2083333333334,55.05416666666667,108.575,1.6666666666666667,,0.0,,99.25,64.66666666666667
2021-01-12,81.53750000000001,63.24166666666667,767.1666666666666,49.76666666666667,100.79583333333333,1.5833333333333333,,0.0,,160.625,100.75
2021-01-13,31.054166666666664,24.733333333333334,340.7083333333333,34.141666666666666,40.3625,15.583333333333334,,0.0,,112.91666666666667,72.79166666666667
2021-01-14,19.279166666666665,15.283333333333333,317.0,32.199999999999996,28.295833333333334,22.125,,0.0,,61.625,36.25
2021-01-15,65.75,52.15,738.2916666666666,50.737500000000004,88.4875,2.75,,0.0,,90.95833333333333,57.0
2021-01-16,22.670833333333334,18.150000000000002,331.9583333333333,30.099999999999998,28.825,12.583333333333334,,0.0,,114.20833333333333,70.41666666666667
2021-01-17,38.420833333333334,27.858333333333334,488.625,41.61666666666667,54.32083333333333,13.625,,0.0,,64.125,39.041666666666664
2021-01-18,155.27916666666667,117.175,1461.4583333333333,98.35833333333333,204.27916666666667,1.2083333333333333,,0.0,,135.41666666666666,88.16666666666667
2021-01-19,147.39166666666668,126.75,1485.75,89.00833333333333,173.475,0.5833333333333334,,0.0,,198.08333333333334,155.95833333333334
2021-01-20,36.69583333333333,30.875,499.0833333333333,52.30833333333334,45.99166666666667,9.083333333333334,,0.0,,146.25,96.95833333333333
2021-01-21,46.19166666666666,37.05416666666667,511.0416666666667,48.387499999999996,57.166666666666664,19.125,,0.0,,86.45833333333333,63.333333333333336
2021-01-22,59.23333333333333,47.8125,636.3333333333334,53.125,71.71666666666667,4.125,,0.0,,132.5,78.75
2021-01-23,40.875,31.383333333333336,438.0416666666667,39.65416666666667,40.199999999999996,13.958333333333334,,0.16666666666666666,,107.33333333333333,70.66666666666667
2021-01-24,38.975,31.045833333333334,390.2916666666667,33.391666666666666,36.4,14.125,,0.0,,91.58333333333333,65.08333333333333
2021-01-25,27.724999999999998,21.191666666666666,290.2083333333333,32.11666666666667,30.729166666666668,35.5,,0.0,,79.125,57.166666666666664
2021-01-26,23.849999999999998,18.204166666666666,276.8333333333333,25.541666666666668,24.65833333333333,34.208333333333336,,0.0,,67.66666666666667,41.708333333333336
2021-01-27,22.354166666666668,17.145833333333332,317.5,28.741666666666664,26.75,22.25,,0.0,,59.25,32.666666666666664
2021-01-28,39.35,32.079166666666666,408.2083333333333,38.487500000000004,50.89166666666667,10.958333333333334,,0.16666666666666666,,82.04166666666667,57.541666666666664
2021-01-29,27.266666666666666,21.816666666666666,305.1666666666667,26.0,31.191666666666666,26.666666666666668,,0.6666666666666666,,81.16666666666667,59.958333333333336
2021-01-30,20.325,15.770833333333334,309.875,25.8,25.491666666666664,29.416666666666668,,0.0,,62.708333333333336,36.416666666666664
2021-01-31,27.054166666666664,21.170833333333334,379.3333333333333,35.27916666666667,44.4625,23.75,,0.0,,64.95833333333333,39.291666666666664
2021-02-01,24.84166666666667,18.791666666666668,333.0,31.391666666666666,28.28333333333333,30.166666666666668,,0.0,,61.791666666666664,35.291666666666664
2021-02-02,63.612500000000004,50.80416666666667,652.8333333333334,58.99583333333334,76.175,8.583333333333334,,0.0,,90.66666666666667,61.0
2021-02-03,41.65416666666667,32.354166666666664,440.9166666666667,47.74166666666667,50.17916666666667,13.333333333333334,,0.0,,130.875,78.29166666666667
2021-02-04,33.87916666666667,26.962500000000002,456.75,42.80416666666667,42.8375,12.166666666666666,,0.0,,84.125,62.333333333333336
2021-02-05,19.441666666666666,15.0625,319.5416666666667,30.520833333333332,23.40416666666667,24.208333333333332,,0.0,,71.125,48.583333333333336
2021-02-06,15.545833333333334,12.262500000000001,291.75,29.4875,22.808333333333334,33.041666666666664,,0.0,,54.291666666666664,28.166666666666668
2021-02-07,14.833333333333334,12.095833333333333,273.5833333333333,29.5,23.954166666666666,47.666666666666664,,0.0,,49.083333333333336,23.666666666666668
2021-02-08,50.987500000000004,38.37916666666667,564.9583333333334,62.07916666666667,68.90833333333333,21.041666666666668,,0.0,,71.25,46.916666666666664
2021-02-09,54.425000000000004,44.775,577.1666666666666,57.887499999999996,64.1375,15.166666666666666,,0.0,,132.5,78.875
2021-02-10,29.6125,24.241666666666664,372.125,44.1,40.3375,28.541666666666668,,0.0,,87.70833333333333,59.958333333333336
2021-02-11,45.199999999999996,36.166666666666664,504.5416666666667,49.72083333333333,60.975,15.125,,0.0,,84.75,62.458333333333336
2021-02-12,19.42083333333333,16.254166666666666,294.2916666666667,35.90416666666667,25.241666666666664,23.041666666666668,,0.0,,90.75,62.166666666666664
2021-02-13,12.799999999999999,10.458333333333334,272.3333333333333,28.3125,19.695833333333333,33.666666666666664,,0.0,,45.083333333333336,23.583333333333332
2021-02-14,14.945833333333333,11.716666666666667,267.625,33.1875,23.55,43.875,,0.0,,50.416666666666664,24.916666666666668
2021-02-15,35.7125,28.895833333333332,506.2083333333333,51.0625,55.3375,26.583333333333332,,0.0,,58.833333333333336,34.75
2021-02-16,25.995833333333334,20.233333333333334,376.5416666666667,43.64166666666667,39.17916666666667,30.625,,0.0,,87.95833333333333,62.958333333333336
2021-02-17,49.15833333333333,37.175000000000004,529.25,58.94583333333333,74.11666666666666,21.833333333333332,,0.0,,78.70833333333333,51.458333333333336
2021-02-18,47.0625,39.8375,532.7083333333334,51.833333333333336,60.76666666666667,17.791666666666668,,0.0,,107.625,70.875
2021-02-19,33.137499999999996,26.575,478.625,49.208333333333336,44.21666666666667,22.0,,0.0,,94.75,66.29166666666667
2021-02-20,84.55416666666666,65.72500000000001,888.125,71.03750000000001,118.14583333333333,4.375,,0.0,,117.375,74.66666666666667
2021-02-21,53.17916666666667,44.74583333333334,568.75,52.93333333333334,72.04166666666667,9.75,,0.0,,149.16666666666666,88.58333333333333
2021-02-22,30.295833333333334,23.8625,360.9583333333333,37.454166666666666,36.57083333333333,27.875,,0.0,,97.95833333333333,67.29166666666667
2021-02-23,89.5625,67.99583333333334,821.0416666666666,68.52499999999999,141.72083333333333,15.291666666666666,,0.0,,97.33333333333333,64.45833333333333
2021-02-24,34.829166666666666,28.037499999999998,425.8333333333333,53.145833333333336,56.39166666666667,22.708333333333332,,0.0,,145.04166666666666,88.58333333333333
2021-02-25,29.4375,22.724999999999998,369.8333333333333,37.5375,26.6875,20.125,,2.4583333333333335,,75.70833333333333,55.375
2021-02-26,26.0125,18.991666666666667,275.7916666666667,27.208333333333332,16.933333333333334,32.75,,3.875,,71.25,48.041666666666664
2021-02-27,17.208333333333332,13.1625,296.5833333333333,25.02916666666667,22.34166666666667,31.958333333333332,,0.0,,54.291666666666664,28.583333333333332
2021-02-28,40.887499999999996,28.537499999999998,507.3333333333333,41.9625,55.75,11.916666666666666,,0.0,,63.291666666666664,37.791666666666664
2021-03-01,39.25833333333333,28.108333333333334,471.5416666666667,43.42083333333333,47.979166666666664,19.0,,0.0,,100.375,68.375
2021-03-02,19.962500000000002,13.916666666666666,280.5833333333333,30.34583333333333,16.741666666666667,42.583333333333336,,0.0,,61.541666666666664,36.708333333333336
2021-03-03,20.854166666666668,14.641666666666666,296.4166666666667,32.0625,20.841666666666665,43.666666666666664,,0.0,,55.0,28.666666666666668
2021-03-04,25.52916666666667,19.570833333333333,378.4583333333333,42.170833333333334,28.337500000000002,34.25,,0.0,,55.666666666666664,30.166666666666668
2021-03-05,31.3125,24.120833333333334,413.5416666666667,51.425000000000004,37.28333333333333,23.25,,0.0,,75.29166666666667,54.833333333333336
2021-03-06,32.36666666666667,22.8125,462.5,48.291666666666664,39.483333333333334,22.875,,0.0,,76.29166666666667,57.25
2021-03-07,15.670833333333334,12.091666666666667,293.1666666666667,26.004166666666666,18.904166666666665,50.0,,0.0,,61.041666666666664,35.0
2021-03-08,20.591666666666665,15.458333333333334,296.0833333333333,32.550000000000004,24.454166666666666,41.75,,0.0,,52.083333333333336,26.125
2021-03-09,30.808333333333334,23.15416666666667,378.4166666666667,41.19166666666667,38.204166666666666,19.916666666666668,,0.0,,67.125,42.708333333333336
2021-03-10,47.96666666666667,37.4625,545.375,50.71666666666667,56.275,16.208333333333332,,0.0,,83.66666666666667,61.5
2021-03-11,60.083333333333336,45.5375,692.7083333333334,65.26666666666667,74.36666666666666,14.833333333333334,,0.0,,116.91666666666667,73.79166666666667
2021-03-12,28.666666666666668,21.84583333333333,342.5833333333333,37.07083333333333,39.0625,35.666666666666664,,0.0,,104.04166666666667,68.83333333333333
2021-03-13,20.941666666666666,16.354166666666668,308.7916666666667,28.724999999999998,25.504166666666666,38.875,,0.0,,61.25,34.875
2021-03-14,28.383333333333336,20.166666666666668,341.3333333333333,28.691666666666666,26.21666666666667,37.5,,0.0,,64.41666666666667,37.833333333333336
2021-03-15,30.854166666666668,23.995833333333334,340.0833333333333,34.65,25.820833333333336,37.041666666666664,,0.0,,68.91666666666667,43.666666666666664
2021-03-16,60.39166666666667,46.3375,594.5833333333334,54.333333333333336,64.46249999999999,11.166666666666666,,0.0,,100.70833333333333,67.91666666666667
2021-03-17,52.762499999999996,38.43333333333333,441.0833333333333,44.54583333333333,52.87083333333334,17.708333333333332,,0.375,,116.45833333333333,73.66666666666667
2021-03-18,78.97500000000001,62.458333333333336,715.75,59.44166666666666,94.44583333333333,4.75,,0.20833333333333334,,139.70833333333334,83.08333333333333
2021-03-19,41.11666666666667,30.754166666666666,450.5833333333333,49.7125,42.62083333333333,17.458333333333332,,0.0,,119.66666666666667,75.125
2021-03-20,29.52916666666667,22.72083333333333,409.0,40.645833333333336,35.266666666666666,30.833333333333332,,0.0,,82.125,60.458333333333336
2021-03-21,19.066666666666666,13.791666666666666,285.6666666666667,25.041666666666668,21.358333333333334,45.833333333333336,,0.0,,65.16666666666667,39.625
2021-03-22,28.083333333333332,21.8125,365.4166666666667,41.449999999999996,30.945833333333336,30.708333333333332,,0.0,,57.291666666666664,31.083333333333332
2021-03-23,33.583333333333336,24.395833333333332,373.75,52.19166666666666,39.104166666666664,19.375,,0.0,,75.875,56.291666666666664
2021-03-24,53.7875,39.291666666666664,588.5416666666666,61.72083333333333,57.86666666666667,16.166666666666668,,0.0,,92.375,65.33333333333333
2021-03-25,56.887499999999996,44.050000000000004,649.875,66.28333333333333,53.00833333333333,15.875,,0.0,,110.58333333333333,71.75
2021-03-26,61.6625,49.31666666666666,684.5833333333334,68.74583333333334,49.98333333333333,11.625,,0.0,,129.375,77.75
2021-03-27,45.81666666666666,33.9125,500.0833333333333,53.2875,39.84583333333333,16.25,,0.0,,120.625,74.95833333333333
2021-03-28,92.22083333333335,70.87083333333334,945.7083333333334,74.22500000000001,88.41250000000001,13.708333333333334,,0.0,,123.125,77.70833333333333
2021-03-29,49.44583333333333,37.550000000000004,509.125,52.458333333333336,53.11666666666667,23.916666666666668,,0.0,,141.04166666666666,85.625
2021-03-30,31.05,23.558333333333334,335.4166666666667,38.425000000000004,30.020833333333332,41.208333333333336,,0.0,,98.58333333333333,67.625
2021-03-31,22.349999999999998,17.416666666666668,325.5,30.82083333333333,18.604166666666668,36.458333333333336,,0.0,,63.208333333333336,37.041666666666664
2021-04-01,37.67916666666667,30.795833333333334,441.0416666666667,45.354166666666664,27.866666666666664,14.708333333333334,,0.0,,73.08333333333333,50.0
2021-04-02,37.4,29.40833333333333,487.9166666666667,57.75833333333333,36.12916666666667,18.375,,0.0,,88.125,64.0
2021-04-03,51.19166666666666,37.37916666666667,612.3333333333334,60.25,54.34166666666667,19.083333333333332,,0.0,,102.375,68.95833333333333
2021-04-04,28.962500000000002,20.916666666666668,423.1666666666667,40.395833333333336,32.62083333333333,29.333333333333332,,0.0,,87.20833333333333,62.166666666666664
2021-04-05,22.5125,15.808333333333332,291.7083333333333,31.416666666666668,25.57083333333333,39.791666666666664,,0.0,,62.083333333333336,35.375
2021-04-06,27.258333333333336,20.195833333333333,300.6666666666667,35.94583333333333,26.599999999999998,38.916666666666664,,0.0,,59.416666666666664,32.791666666666664
2021-04-07,33.00416666666667,26.645833333333332,337.375,37.050000000000004,34.65833333333333,36.208333333333336,,0.0,,80.5,59.0
2021-04-08,24.241666666666664,18.224999999999998,305.875,36.041666666666664,25.087500000000002,35.916666666666664,,0.041666666666666664,,71.125,48.208333333333336
2021-04-09,26.349999999999998,19.791666666666668,323.9166666666667,36.00416666666667,28.5125,38.458333333333336,,0.0,,61.75,35.041666666666664
2021-04-10,22.125,16.150000000000002,301.0416666666667,30.195833333333336,25.287499999999998,43.25,,0.0,,65.54166666666667,38.791666666666664
2021-04-11,30.670833333333334,23.150000000000002,354.75,34.24166666666667,30.09583333333333,42.958333333333336,,0.0,,60.25,33.958333333333336
2021-04-12,52.025,37.2875,344.9583333333333,35.1875,27.016666666666666,38.333333333333336,,11.666666666666666,,92.95833333333333,65.41666666666667
2021-04-13,66.63333333333334,49.145833333333336,304.0,29.883333333333336,26.8,35.166666666666664,,34.875,,120.75,75.08333333333333
2021-04-14,70.12083333333334,50.12083333333334,351.75,36.512499999999996,30.629166666666666,33.916666666666664,,30.708333333333332,,133.54166666666666,79.08333333333333
2021-04-15,51.3375,38.74166666666667,398.1666666666667,34.708333333333336,35.15416666666667,26.166666666666668,,4.083333333333333,,133.125,78.95833333333333
2021-04-16,30.05,24.1125,239.91666666666666,19.629166666666666,14.183333333333335,48.75,,7.25,,81.875,58.125
2021-04-17,22.354166666666668,17.304166666666667,222.95833333333334,17.337500000000002,14.0625,51.5,,4.166666666666667,,71.66666666666667,49.083333333333336
2021-04-18,16.654166666666665,12.508333333333333,241.20833333333334,19.162499999999998,15.174999999999999,52.791666666666664,,0.041666666666666664,,52.25,26.833333333333332
2021-04-19,17.75,13.241666666666667,220.45833333333334,20.325,16.154166666666665,47.0,,0.3333333333333333,,53.541666666666664,27.25
2021-04-20,18.104166666666668,13.954166666666666,247.375,23.879166666666666,17.695833333333333,44.541666666666664,,0.4583333333333333,,53.333333333333336,27.25
2021-04-21,23.59583333333333,17.741666666666667,322.6666666666667,35.0875,28.108333333333334,30.208333333333332,,0.16666666666666666,,56.375,29.875
2021-04-22,24.566666666666666,19.1125,288.2083333333333,30.2375,25.1875,43.875,,0.4583333333333333,,64.375,37.541666666666664
2021-04-23,26.925,21.325,307.2916666666667,33.5375,25.729166666666668,46.208333333333336,,0.8333333333333334,,69.08333333333333,44.083333333333336
2021-04-24,20.733333333333334,16.041666666666668,293.9166666666667,35.829166666666666,22.741666666666664,38.625,,0.0,,68.29166666666667,43.375
2021-04-25,8.633333333333335,5.991666666666667,196.54166666666666,13.725,10.424999999999999,50.958333333333336,,0.0,,36.916666666666664,22.666666666666668
2021-04-26,17.675,12.424999999999999,244.70833333333334,26.96666666666667,20.150000000000002,40.958333333333336,,0.0,,33.25,20.458333333333332
2021-04-27,37.21666666666667,27.5125,410.5833333333333,45.94166666666666,39.166666666666664,24.083333333333332,,0.0,,75.91666666666667,52.916666666666664
2021-04-28,16.229166666666668,12.341666666666667,244.875,25.954166666666666,18.412499999999998,40.333333333333336,,0.5,,59.958333333333336,35.041666666666664
2021-04-29,21.912499999999998,15.779166666666667,272.7083333333333,35.0875,25.358333333333334,41.125,,0.2916666666666667,,52.708333333333336,26.625
2021-04-30,29.133333333333336,22.09166666666667,292.4166666666667,31.212500000000002,23.6875,44.416666666666664,,2.25,,68.125,43.916666666666664
2021-05-01,17.404166666666665,13.129166666666668,250.5,22.3875,16.408333333333335,57.375,,0.20833333333333334,,59.416666666666664,34.458333333333336
2021-05-02,29.224999999999998,21.879166666666666,338.625,35.93333333333333,33.479166666666664,41.708333333333336,,0.2916666666666667,,65.79166666666667,40.541666666666664
2021-05-03,18.591666666666665,14.441666666666668,242.04166666666666,23.020833333333332,15.070833333333333,52.541666666666664,,0.7083333333333334,,60.333333333333336,34.083333333333336
2021-05-04,10.845833333333333,7.795833333333333,204.66666666666666,17.454166666666666,11.916666666666666,55.0,,0.0,,45.625,24.625
2021-05-05,21.383333333333336,16.041666666666668,256.3333333333333,31.666666666666668,18.400000000000002,52.958333333333336,,0.0,,37.125,26.083333333333332
2021-05-06,21.045833333333334,16.216666666666665,239.58333333333334,26.145833333333332,19.849999999999998,56.791666666666664,,0.0,,66.08333333333333,40.375
2021-05-07,18.675,14.154166666666667,254.375,27.254166666666666,20.216666666666665,59.208333333333336,,0.0,,54.083333333333336,29.5
2021-05-08,18.870833333333334,14.341666666666667,268.4166666666667,26.504166666666666,20.133333333333333,53.666666666666664,,0.0,,54.833333333333336,28.416666666666668
2021-05-09,11.691666666666668,8.208333333333334,228.0,18.837500000000002,10.741666666666667,55.458333333333336,,0.0,,47.166666666666664,24.25
2021-05-10,18.579166666666666,12.924999999999999,243.20833333333334,31.929166666666664,19.6875,50.291666666666664,,0.0,,44.25,22.916666666666668
2021-05-11,19.229166666666668,14.5625,243.20833333333334,27.645833333333332,17.308333333333334,50.708333333333336,,0.5416666666666666,,53.583333333333336,28.041666666666668
2021-05-12,43.074999999999996,35.333333333333336,399.2916666666667,37.40833333333333,41.545833333333334,44.041666666666664,,4.0,,78.91666666666667,52.583333333333336
2021-05-13,29.645833333333332,22.445833333333336,284.875,29.945833333333336,30.599999999999998,54.458333333333336,,2.7916666666666665,,84.95833333333333,60.291666666666664
2021-05-14,33.8125,24.8,318.4166666666667,33.24166666666667,29.508333333333336,45.458333333333336,,2.7083333333333335,,75.20833333333333,55.333333333333336
2021-05-15,24.941666666666666,18.650000000000002,249.33333333333334,20.55,19.358333333333334,57.208333333333336,,2.0416666666666665,,70.79166666666667,47.25
2021-05-16,20.375,15.266666666666666,278.4583333333333,22.504166666666666,19.691666666666666,57.916666666666664,,0.0,,58.916666666666664,33.125
2021-05-17,41.854166666666664,29.6125,315.7916666666667,33.137499999999996,28.370833333333334,48.958333333333336,,7.041666666666667,,75.5,53.541666666666664
2021-05-18,58.80833333333334,38.833333333333336,239.54166666666666,20.162499999999998,18.5125,60.291666666666664,,37.458333333333336,,91.875,65.25
2021-05-19,33.487500000000004,24.34583333333333,243.41666666666666,22.604166666666668,22.575,62.5,,9.416666666666666,,93.29166666666667,65.375
2021-05-20,26.629166666666666,21.070833333333333,258.625,26.891666666666666,24.604166666666668,51.916666666666664,,1.5416666666666667,,77.29166666666667,58.333333333333336
2021-05-21,18.212500000000002,13.3125,239.25,27.65416666666667,20.55,45.75,,0.0,,58.666666666666664,32.25
2021-05-22,16.108333333333334,12.370833333333332,220.20833333333334,20.1375,16.658333333333335,63.041666666666664,,0.0,,52.083333333333336,29.166666666666668
2021-05-23,17.3625,12.429166666666667,219.20833333333334,18.933333333333334,19.462500000000002,65.375,,0.0,,51.875,29.166666666666668
2021-05-24,17.970833333333335,12.304166666666667,232.33333333333334,23.820833333333336,17.545833333333334,53.666666666666664,,0.0,,46.875,23.916666666666668
2021-05-25,27.2625,19.875,271.1666666666667,40.90833333333333,27.770833333333332,44.208333333333336,,0.0,,58.541666666666664,32.125
2021-05-26,35.708333333333336,27.129166666666666,322.5,38.65833333333333,37.358333333333334,46.416666666666664,,0.0,,77.29166666666667,56.041666666666664
2021-05-27,41.68333333333333,31.516666666666666,364.6666666666667,52.895833333333336,44.800000000000004,27.541666666666668,,0.2916666666666667,,81.83333333333333,61.125
2021-05-28,47.550000000000004,36.40833333333333,449.5,58.15,48.07916666666667,22.791666666666668,,0.8333333333333334,,102.125,69.08333333333333
2021-05-29,28.954166666666666,21.829166666666666,315.1666666666667,40.90833333333333,27.008333333333336,31.083333333333332,,0.0,,90.16666666666667,64.41666666666667
2021-05-30,9.658333333333333,6.758333333333333,176.58333333333334,18.283333333333335,10.741666666666667,54.083333333333336,,0.0,,45.125,28.75
2021-05-31,19.116666666666667,12.870833333333332,217.625,29.829166666666666,21.104166666666668,42.666666666666664,,0.0,,34.5,20.0
2021-06-01,31.358333333333334,23.820833333333336,271.4583333333333,47.42083333333333,35.608333333333334,30.541666666666668,,0.0,,73.16666666666667,52.458333333333336
2021-06-02,18.724999999999998,13.858333333333334,206.66666666666666,29.945833333333336,16.575,42.25,,0.0,,58.125,32.25
2021-06-03,16.279166666666665,12.025,184.79166666666666,23.804166666666664,14.441666666666668,51.916666666666664,,0.0,,52.208333333333336,26.875
2021-06-04,15.137500000000001,11.133333333333333,188.91666666666666,21.266666666666666,13.049999999999999,51.208333333333336,,0.0,,49.125,24.916666666666668
2021-06-05,15.3125,11.416666666666666,202.625,20.520833333333332,13.879166666666668,54.083333333333336,,0.2916666666666667,,44.208333333333336,25.083333333333332
2021-06-06,20.416666666666668,15.304166666666667,216.58333333333334,21.070833333333333,15.325000000000001,53.125,,0.7083333333333334,,53.833333333333336,28.625
2021-06-07,25.545833333333334,19.804166666666667,250.54166666666666,35.82083333333333,23.066666666666666,42.75,,0.0,,60.833333333333336,34.083333333333336
2021-06-08,32.81666666666667,25.675,288.75,45.71666666666667,33.583333333333336,31.958333333333332,,0.3333333333333333,,74.08333333333333,52.583333333333336
2021-06-09,22.375,18.104166666666668,243.625,34.329166666666666,20.266666666666666,35.125,,0.0,,72.0,49.166666666666664
2021-06-10,21.245833333333334,17.345833333333335,210.70833333333334,25.616666666666664,13.554166666666667,40.708333333333336,,0.041666666666666664,,60.416666666666664,33.75
2021-06-11,21.474999999999998,16.8,229.20833333333334,27.675,16.279166666666665,45.916666666666664,,0.0,,60.916666666666664,34.291666666666664
2021-06-12,35.5375,27.849999999999998,326.125,37.425000000000004,38.67916666666667,44.583333333333336,,0.0,,66.58333333333333,41.75
2021-06-13,27.854166666666668,21.575,307.375,33.75,31.608333333333334,45.458333333333336,,0.0,,83.83333333333333,61.5
2021-06-14,41.791666666666664,32.44583333333333,341.0416666666667,52.729166666666664,38.87083333333333,33.333333333333336,,0.0,,80.45833333333333,57.791666666666664
2021-06-15,56.71666666666667,43.137499999999996,415.2083333333333,68.875,53.9375,32.541666666666664,,0.0,,109.33333333333333,71.29166666666667
2021-06-16,25.462500000000002,18.712500000000002,233.58333333333334,38.770833333333336,19.625,43.166666666666664,,0.0,,89.20833333333333,59.708333333333336
2021-06-17,30.329166666666666,21.883333333333336,253.25,43.237500000000004,33.025,38.208333333333336,,0.0,,67.79166666666667,42.5
2021-06-18,54.26666666666667,39.40416666666667,363.0,58.541666666666664,58.3375,42.916666666666664,,0.0,,90.54166666666667,63.458333333333336
2021-06-19,27.558333333333334,21.158333333333335,267.375,35.295833333333334,24.7,53.583333333333336,,0.0,,89.75,62.875
2021-06-20,30.0,22.087500000000002,292.6666666666667,34.3125,29.354166666666668,52.583333333333336,,0.0,,67.83333333333333,41.958333333333336
2021-06-21,55.32916666666667,44.09583333333333,346.3333333333333,59.25,56.30416666666667,46.041666666666664,,0.0,,94.83333333333333,64.66666666666667
2021-06-22,62.85,44.67083333333333,349.9166666666667,56.77916666666667,50.166666666666664,51.0,,2.375,,123.375,75.79166666666667
2021-06-23,87.2625,62.98333333333333,432.1666666666667,77.9375,73.89999999999999,64.20833333333333,,5.375,,138.41666666666666,81.20833333333333
2021-06-24,78.16666666666667,56.67916666666667,437.7083333333333,79.97083333333333,57.39166666666667,71.08333333333333,,4.125,,155.58333333333334,92.83333333333333
2021-06-25,45.98333333333333,35.21666666666667,328.2916666666667,59.46666666666667,34.170833333333334,53.041666666666664,,2.6666666666666665,,117.0,73.875
2021-06-26,45.00416666666666,35.15,335.1666666666667,48.958333333333336,36.920833333333334,57.625,,4.291666666666667,,101.33333333333333,68.875
2021-06-27,51.487500000000004,39.800000000000004,327.2083333333333,41.6625,44.67083333333333,61.625,,4.583333333333333,,104.08333333333333,69.75
2021-06-28,34.1875,28.145833333333332,239.375,32.02916666666667,25.150000000000002,56.666666666666664,,4.583333333333333,,95.20833333333333,66.375
2021-06-29,17.037499999999998,13.695833333333333,200.33333333333334,27.675,16.708333333333332,40.166666666666664,,0.5416666666666666,,70.91666666666667,47.708333333333336
2021-06-30,15.645833333333334,12.158333333333333,178.70833333333334,27.054166666666664,15.570833333333333,40.5,,0.0,,48.5,23.375
2021-07-01,24.575,18.670833333333334,241.70833333333334,40.324999999999996,25.733333333333334,23.75,,0.0,,58.0,31.541666666666668
2021-07-02,26.2375,20.466666666666665,242.33333333333334,41.94166666666667,28.40416666666667,26.25,,0.041666666666666664,,65.95833333333333,39.125
2021-07-03,19.954166666666666,14.733333333333334,207.625,32.8625,19.433333333333334,29.958333333333332,,0.4166666666666667,,62.958333333333336,36.25
2021-07-04,18.55,14.279166666666667,210.25,23.745833333333334,17.979166666666668,35.291666666666664,,0.3333333333333333,,53.208333333333336,27.0
2021-07-05,17.604166666666668,13.35,181.375,22.954166666666666,16.212500000000002,47.833333333333336,,0.20833333333333334,,55.208333333333336,28.875
2021-07-06,21.3875,16.829166666666666,202.20833333333334,29.391666666666666,20.183333333333334,47.458333333333336,,0.041666666666666664,,56.375,30.291666666666668
2021-07-07,38.84583333333333,29.316666666666666,283.2916666666667,44.4,36.85,46.25,,0.0,,69.45833333333333,45.333333333333336
2021-07-08,47.92916666666667,34.50833333333333,359.125,61.74583333333334,42.12083333333333,58.708333333333336,,0.0,,101.5,68.70833333333333
2021-07-09,33.516666666666666,25.704166666666666,296.7916666666667,49.65,25.995833333333334,56.375,,0.0,,85.375,62.916666666666664
2021-07-10,29.34166666666667,22.170833333333334,273.0416666666667,41.37083333333333,22.412499999999998,53.791666666666664,,0.4583333333333333,,76.04166666666667,56.416666666666664
2021-07-11,20.658333333333335,16.320833333333333,222.33333333333334,27.891666666666666,20.5625,56.125,,0.0,,64.95833333333333,39.041666666666664
2021-07-12,28.270833333333332,22.2375,219.625,35.762499999999996,26.625,53.958333333333336,,0.0,,63.708333333333336,37.375
2021-07-13,40.25833333333333,32.0875,294.0,52.974999999999994,36.862500000000004,58.041666666666664,,0.0,,83.25,60.875
2021-07-14,35.9625,27.21666666666667,290.5,55.2875,28.895833333333332,63.625,,0.5,,86.875,63.458333333333336
2021-07-15,54.81666666666666,43.104166666666664,371.7916666666667,66.22916666666667,56.612500000000004,52.0,,0.4166666666666667,,101.91666666666667,68.70833333333333
2021-07-16,37.229166666666664,29.558333333333334,297.0,47.583333333333336,28.991666666666664,50.0,,0.0,,104.75,69.66666666666667
2021-07-17,26.97083333333333,22.358333333333334,275.25,34.43333333333333,21.704166666666666,68.58333333333333,,0.4166666666666667,,77.20833333333333,56.666666666666664
2021-07-18,33.80833333333333,26.291666666666668,289.5416666666667,43.49166666666667,35.770833333333336,63.375,,0.6666666666666666,,75.16666666666667,54.083333333333336
2021-07-19,26.537499999999998,20.170833333333334,241.375,37.59583333333333,21.59583333333333,48.666666666666664,,2.5,,73.91666666666667,52.208333333333336
2021-07-20,26.254166666666666,19.491666666666667,236.75,35.958333333333336,19.554166666666667,42.958333333333336,,1.2916666666666667,,67.45833333333333,40.958333333333336
2021-07-21,26.579166666666666,19.05,242.29166666666666,38.887499999999996,24.004166666666666,31.375,,0.0,,67.20833333333333,40.583333333333336
2021-07-22,17.162499999999998,12.179166666666667,184.20833333333334,25.979166666666668,15.954166666666666,38.125,,0.0,,54.625,28.5
2021-07-23,19.05,13.691666666666668,204.5,29.179166666666664,16.979166666666668,36.375,,0.0,,52.125,25.916666666666668
2021-07-24,22.3875,15.487499999999999,237.375,30.037499999999998,20.191666666666666,30.875,,0.0,,55.708333333333336,29.333333333333332
2021-07-25,34.987500000000004,24.775000000000002,341.6666666666667,38.295833333333334,32.12916666666667,30.0,,0.0,,69.91666666666667,47.291666666666664
2021-07-26,36.670833333333334,27.233333333333334,337.5416666666667,49.42083333333333,30.141666666666666,30.458333333333332,,0.25,,76.625,57.625
2021-07-27,56.93333333333334,42.12916666666667,405.9583333333333,68.2375,57.737500000000004,40.083333333333336,,1.0,,101.95833333333333,68.79166666666667
2021-07-28,41.141666666666666,32.875,332.625,49.637499999999996,33.800000000000004,38.291666666666664,,0.5,,107.125,70.75
2021-07-29,24.083333333333332,18.554166666666667,255.25,40.90833333333333,19.529166666666665,51.5,,1.0,,73.91666666666667,48.875
2021-07-30,41.07083333333333,32.5,381.25,55.03333333333333,34.1625,32.75,,0.5416666666666666,,80.625,55.416666666666664
2021-07-31,20.116666666666667,13.783333333333333,222.375,20.579166666666666,12.916666666666666,60.5,,0.08333333333333333,,73.25,48.666666666666664
2021-08-01,27.59583333333333,20.154166666666665,288.7916666666667,28.75,22.90833333333333,53.041666666666664,,0.2916666666666667,,60.041666666666664,33.416666666666664
2021-08-02,40.637499999999996,31.766666666666666,343.25,45.35,35.725,54.083333333333336,,1.0,,82.70833333333333,58.666666666666664
2021-08-03,18.341666666666665,13.745833333333332,225.70833333333334,30.570833333333336,16.054166666666667,50.958333333333336,,0.4166666666666667,,70.16666666666667,45.083333333333336
2021-08-04,27.458333333333332,20.470833333333335,271.0833333333333,43.300000000000004,25.491666666666664,34.333333333333336,,0.0,,58.625,32.0
2021-08-05,52.166666666666664,38.99166666666667,376.4583333333333,51.45416666666667,48.37916666666666,30.541666666666668,,0.0,,95.79166666666667,64.5
2021-08-06,36.641666666666666,28.195833333333336,328.5416666666667,46.87916666666666,33.84583333333333,38.5,,0.20833333333333334,,91.16666666666667,65.0
2021-08-07,25.900000000000002,19.204166666666666,262.125,24.695833333333336,19.991666666666667,58.25,,1.5,,72.625,49.083333333333336
2021-08-08,45.29583333333333,32.645833333333336,411.0416666666667,47.24166666666667,45.14166666666667,36.75,,2.5,,77.625,54.041666666666664
2021-08-09,105.52916666666665,68.35833333333333,574.0,93.22083333333335,79.55,29.625,,2.75,,130.95833333333334,79.75
2021-08-10,47.42916666666667,37.175000000000004,360.625,50.645833333333336,35.824999999999996,37.375,,3.5416666666666665,,141.04166666666666,84.20833333333333
2021-08-11,44.5375,35.65833333333333,336.625,49.979166666666664,29.579166666666666,34.666666666666664,,4.541666666666667,,103.33333333333333,69.45833333333333
2021-08-12,46.63333333333333,38.829166666666666,420.875,51.75,34.25416666666667,26.333333333333332,,1.6666666666666667,,100.29166666666667,68.33333333333333
2021-08-13,18.670833333333334,14.383333333333333,261.8333333333333,33.13333333333333,15.758333333333333,44.208333333333336,,0.0,,84.25,55.75
2021-08-14,23.933333333333334,18.104166666666668,315.125,34.487500000000004,22.287499999999998,43.25,,0.0,,58.958333333333336,32.583333333333336
2021-08-15,23.208333333333332,16.933333333333334,288.5416666666667,26.34166666666667,19.275000000000002,47.708333333333336,,0.0,,62.708333333333336,35.916666666666664
2021-08-16,44.99583333333334,33.55833333333333,359.25,53.05833333333334,32.84583333333333,36.708333333333336,,0.0,,71.5,47.958333333333336
2021-08-17,50.84166666666667,40.37916666666667,420.5833333333333,55.09583333333333,40.25833333333333,41.583333333333336,,0.041666666666666664,,114.75,73.08333333333333
2021-08-18,43.45416666666667,34.175000000000004,365.625,47.770833333333336,33.30416666666667,49.708333333333336,,2.5833333333333335,,98.91666666666667,67.91666666666667
2021-08-19,46.04583333333333,34.69166666666667,409.4583333333333,57.00416666666666,38.324999999999996,31.625,,2.375,,100.58333333333333,68.58333333333333
2021-08-20,41.833333333333336,32.62916666666667,369.0,56.63333333333333,36.5,30.583333333333332,,0.125,,97.83333333333333,67.83333333333333
2021-08-21,20.945833333333333,16.191666666666666,265.3333333333333,35.145833333333336,18.6125,38.041666666666664,,0.625,,73.0,48.041666666666664
2021-08-22,19.491666666666667,13.895833333333334,260.25,28.729166666666668,16.233333333333334,39.75,,0.20833333333333334,,58.416666666666664,31.875
2021-08-23,26.8625,18.625,305.0833333333333,37.61666666666667,25.599999999999998,24.666666666666668,,0.0,,57.25,30.708333333333332
2021-08-24,32.416666666666664,24.245833333333334,361.4583333333333,41.895833333333336,31.724999999999998,20.291666666666668,,0.0,,71.5,48.458333333333336
2021-08-25,46.25,35.208333333333336,393.4583333333333,50.34166666666667,55.80416666666667,24.625,,0.0,,88.33333333333333,63.791666666666664
2021-08-26,27.3625,21.4875,276.0,34.80416666666667,25.2375,44.583333333333336,,0.0,,81.79166666666667,57.875
2021-08-27,22.875,18.645833333333332,276.5833333333333,29.245833333333334,18.175,42.125,,0.041666666666666664,,69.54166666666667,45.0
2021-08-28,13.637500000000001,10.441666666666666,240.83333333333334,18.283333333333335,13.795833333333334,49.458333333333336,,0.0,,53.875,28.541666666666668
2021-08-29,25.008333333333336,18.733333333333334,313.5416666666667,29.212500000000002,27.204166666666666,40.166666666666664,,0.0,,49.708333333333336,25.5
2021-08-30,49.475,40.0375,447.4166666666667,56.0625,39.99166666666667,17.875,,0.4583333333333333,,88.41666666666667,60.833333333333336
2021-08-31,35.31666666666667,27.295833333333334,354.0833333333333,43.9,27.254166666666666,33.083333333333336,,0.041666666666666664,,98.58333333333333,67.66666666666667
2021-09-01,32.8125,26.133333333333336,348.9583333333333,42.225,32.02916666666667,29.875,,0.75,,86.75,63.416666666666664
2021-09-02,18.825,13.637500000000001,272.25,28.933333333333334,20.279166666666665,31.041666666666668,,0.0,,62.583333333333336,38.083333333333336
2021-09-03,16.25,12.229166666666666,254.95833333333334,24.320833333333336,18.0625,30.166666666666668,,0.0,,53.125,26.958333333333332
2021-09-04,9.65,6.75,242.41666666666666,16.0,10.950000000000001,37.75,,0.0,,36.416666666666664,18.458333333333332
2021-09-05,13.775,9.25,286.125,20.745833333333334,14.708333333333334,28.708333333333332,,0.0,,32.708333333333336,15.916666666666666
2021-09-06,18.7625,13.433333333333332,306.5416666666667,27.71666666666667,20.491666666666667,30.75,,0.0,,47.875,23.416666666666668
2021-09-07,17.287499999999998,12.266666666666666,277.625,27.129166666666666,17.404166666666665,33.625,,0.0,,51.291666666666664,25.208333333333332
2021-09-08,19.9875,14.945833333333333,262.25,25.333333333333332,15.8375,43.708333333333336,,0.0,,52.125,26.125
2021-09-09,19.966666666666665,14.304166666666667,247.04166666666666,25.787499999999998,13.233333333333334,42.791666666666664,,0.0,,56.458333333333336,30.166666666666668
2021-09-10,25.6375,18.133333333333333,271.5,31.991666666666664,19.20416666666667,30.083333333333332,,0.125,,57.166666666666664,30.75
2021-09-11,34.44166666666667,25.425,345.9166666666667,37.44166666666667,31.983333333333334,23.0,,0.0,,71.125,48.208333333333336
2021-09-12,34.887499999999996,25.400000000000002,339.3333333333333,31.929166666666664,23.875,42.75,,0.0,,80.5,61.083333333333336
2021-09-13,30.075,21.979166666666668,281.1666666666667,28.208333333333332,20.745833333333334,50.458333333333336,,0.0,,77.5,58.791666666666664
2021-09-14,12.9625,8.7125,229.83333333333334,21.53333333333333,12.520833333333334,47.125,,0.0,,53.958333333333336,29.916666666666668
2021-09-15,14.833333333333334,9.645833333333334,254.95833333333334,25.245833333333334,14.445833333333333,38.458333333333336,,0.0,,35.25,17.791666666666668
2021-09-16,23.241666666666664,17.45,311.5,37.645833333333336,24.65416666666667,18.083333333333332,,0.0,,49.541666666666664,24.916666666666668
2021-09-17,34.12083333333333,24.712500000000002,346.2916666666667,45.09583333333333,38.875,15.875,,0.0,,73.70833333333333,53.125
2021-09-18,17.316666666666666,13.799999999999999,292.5,25.191666666666666,18.870833333333334,30.166666666666668,,0.0,,66.125,41.541666666666664
2021-09-19,12.433333333333332,9.775,227.70833333333334,15.345833333333333,11.545833333333334,44.166666666666664,,0.0,,45.875,22.291666666666668
2021-09-20,12.504166666666668,9.341666666666667,235.91666666666666,18.341666666666665,9.695833333333333,46.125,,0.0,,37.916666666666664,18.875
2021-09-21,19.204166666666666,15.158333333333333,259.7083333333333,22.925,12.745833333333332,33.541666666666664,,1.625,,45.875,22.625
2021-09-22,37.22083333333333,26.150000000000002,353.9583333333333,34.233333333333334,31.799999999999997,14.5,,2.5833333333333335,,64.25,38.791666666666664
2021-09-23,47.55416666666667,35.729166666666664,458.0,37.612500000000004,49.275,4.416666666666667,,1.7083333333333333,,91.83333333333333,65.375
2021-09-24,27.741666666666664,20.941666666666666,325.625,28.612499999999997,31.504166666666666,21.25,,0.0,,92.16666666666667,64.25
2021-09-25,22.349999999999998,15.9,291.1666666666667,25.820833333333336,23.008333333333336,28.708333333333332,,0.0,,62.208333333333336,35.583333333333336
2021-09-26,13.554166666666667,10.229166666666666,253.625,21.516666666666666,14.841666666666667,20.708333333333332,,0.0,,50.958333333333336,25.875
2021-09-27,33.104166666666664,24.337500000000002,256.2916666666667,35.13333333333333,18.833333333333332,15.0,,9.208333333333334,,55.291666666666664,30.416666666666668
2021-09-28,29.233333333333334,21.47083333333333,282.9583333333333,30.254166666666666,20.0,24.083333333333332,,6.583333333333333,,76.0,56.0
2021-09-29,47.23333333333333,34.80833333333333,376.2083333333333,49.262499999999996,37.579166666666666,11.375,,8.666666666666666,,85.125,59.916666666666664
2021-09-30,65.175,49.32083333333333,473.6666666666667,60.708333333333336,64.0125,4.958333333333333,,5.791666666666667,,109.16666666666667,71.33333333333333
2021-10-01,66.82083333333334,52.762499999999996,574.9166666666666,62.95416666666667,63.07083333333333,9.75,,4.625,,142.25,81.79166666666667
2021-10-02,77.09166666666667,57.300000000000004,628.9166666666666,65.92083333333333,82.29583333333333,9.041666666666666,,3.875,,150.58333333333334,86.29166666666667
2021-10-03,54.80833333333334,43.55416666666667,440.375,47.225,64.05416666666666,22.5,,2.875,,136.20833333333334,80.0
2021-10-04,58.39166666666667,44.13333333333333,442.875,48.425000000000004,63.987500000000004,13.208333333333334,,1.9166666666666667,,121.5,75.33333333333333
2021-10-05,32.37916666666667,23.8,320.9583333333333,36.55416666666667,37.68333333333333,13.25,,0.25,,96.375,66.625
2021-10-06,39.69583333333333,30.037499999999998,360.5833333333333,43.20416666666667,46.645833333333336,16.166666666666668,,0.0,,76.625,56.166666666666664
2021-10-07,64.78333333333333,49.86666666666667,588.3333333333334,57.6625,79.64166666666667,12.083333333333334,,0.0,,110.5,71.58333333333333
2021-10-08,62.47083333333333,49.40416666666667,667.7916666666666,61.725,65.5,10.5,,0.0,,142.83333333333334,82.20833333333333
2021-10-09,38.15,26.962500000000002,474.5416666666667,45.34166666666667,33.84166666666667,16.166666666666668,,0.0,,107.54166666666667,70.58333333333333
2021-10-10,38.57083333333333,28.004166666666666,414.25,39.483333333333334,31.991666666666664,14.791666666666666,,0.16666666666666666,,81.25,61.333333333333336
2021-10-11,53.02916666666667,40.975,486.25,52.15416666666667,47.645833333333336,14.791666666666666,,0.0,,93.0,65.66666666666667
2021-10-12,51.37083333333334,40.27916666666667,468.0,48.81666666666666,47.166666666666664,14.916666666666666,,0.0,,121.58333333333333,75.125
2021-10-13,45.42083333333333,33.82083333333333,387.4166666666667,37.77916666666667,40.12916666666667,12.75,,1.4166666666666667,,98.45833333333333,67.70833333333333
2021-10-14,66.8,53.300000000000004,407.0833333333333,37.525,36.37083333333333,5.208333333333333,,21.666666666666668,,115.58333333333333,73.375
2021-10-15,18.345833333333335,13.808333333333332,253.375,26.708333333333332,15.912500000000001,33.041666666666664,,1.1666666666666667,,106.54166666666667,66.70833333333333
2021-10-16,19.3625,13.841666666666667,255.04166666666666,20.483333333333334,15.379166666666668,40.083333333333336,,0.0,,53.291666666666664,27.125
2021-10-17,19.233333333333334,13.254166666666668,254.08333333333334,23.683333333333334,17.741666666666667,30.583333333333332,,0.0,,53.416666666666664,27.291666666666668
2021-10-18,18.854166666666668,12.979166666666666,253.08333333333334,30.370833333333334,19.6125,29.25,,0.0,,53.333333333333336,27.166666666666668
2021-10-19,18.670833333333334,12.987499999999999,268.7083333333333,31.875,21.870833333333334,21.041666666666668,,0.0,,49.708333333333336,24.166666666666668
2021-10-20,23.045833333333334,15.862499999999999,269.7083333333333,33.525,26.995833333333334,28.208333333333332,,0.0,,56.333333333333336,29.916666666666668
2021-10-21,23.229166666666668,17.9875,261.0833333333333,23.629166666666666,15.633333333333333,35.875,,0.5,,58.583333333333336,32.0
2021-10-22,18.029166666666665,11.858333333333334,230.04166666666666,19.516666666666666,12.875,47.666666666666664,,0.0,,59.625,33.125
2021-10-23,16.070833333333333,10.204166666666667,231.08333333333334,20.954166666666666,14.5875,44.625,,0.0,,42.875,20.583333333333332
2021-10-24,12.391666666666666,8.441666666666666,227.04166666666666,21.3,15.504166666666668,31.833333333333332,,0.0,,40.5,19.416666666666668
2021-10-25,24.708333333333332,17.55,301.0416666666667,38.666666666666664,31.837500000000002,27.083333333333332,,0.0,,48.458333333333336,26.041666666666668
2021-10-26,22.662499999999998,17.0125,265.7916666666667,29.625,22.420833333333334,27.916666666666668,,0.0,,60.25,33.791666666666664
2021-10-27,26.474999999999998,20.070833333333333,285.5833333333333,29.25,21.45,22.125,,0.0,,64.08333333333333,37.375
2021-10-28,20.883333333333333,15.445833333333333,270.7083333333333,31.833333333333332,19.041666666666668,21.041666666666668,,0.0,,63.125,36.416666666666664
2021-10-29,37.87083333333333,27.554166666666664,350.3333333333333,40.25,38.34166666666667,13.5,,0.0,,75.45833333333333,53.291666666666664
2021-10-30,22.59583333333333,16.154166666666665,247.33333333333334,24.079166666666666,17.054166666666667,32.833333333333336,,0.0,,65.41666666666667,40.833333333333336
2021-10-31,24.65416666666667,18.008333333333333,268.3333333333333,25.170833333333334,20.529166666666665,31.458333333333332,,0.0,,59.041666666666664,32.541666666666664
2021-11-01,45.84166666666667,34.025,433.75,39.3125,38.34166666666667,14.25,,0.0,,75.0,50.791666666666664
2021-11-02,63.57916666666667,51.4375,475.7916666666667,40.637499999999996,58.38333333333333,6.0,,0.041666666666666664,,130.04166666666666,77.95833333333333
2021-11-03,26.575,20.133333333333333,264.9583333333333,24.78333333333333,21.5,18.583333333333332,,1.7083333333333333,,98.45833333333333,64.0
2021-11-04,29.90416666666667,23.891666666666666,341.5833333333333,34.074999999999996,29.104166666666668,17.041666666666668,,0.9166666666666666,,68.58333333333333,43.25
2021-11-05,33.59583333333333,26.75,329.0833333333333,32.4625,29.2,17.0,,1.0833333333333333,,82.25,61.541666666666664
2021-11-06,16.720833333333335,12.554166666666667,234.125,19.495833333333334,14.616666666666667,30.75,,0.16666666666666666,,66.75,43.083333333333336
2021-11-07,13.791666666666666,9.629166666666666,214.95833333333334,22.329166666666666,13.950000000000001,38.666666666666664,,0.0,,40.875,19.875
2021-11-08,20.883333333333333,15.095833333333333,256.2083333333333,26.620833333333334,17.587500000000002,29.75,,0.0,,50.833333333333336,25.833333333333332
2021-11-09,15.570833333333333,11.191666666666668,234.375,29.666666666666668,16.495833333333334,41.125,,0.0,,52.041666666666664,26.25
2021-11-10,27.141666666666666,18.954166666666666,308.125,43.949999999999996,33.979166666666664,33.041666666666664,,0.0,,56.708333333333336,31.5
2021-11-11,21.508333333333336,17.266666666666666,289.125,31.433333333333334,20.804166666666667,27.916666666666668,,0.0,,59.291666666666664,32.708333333333336
2021-11-12,22.3125,16.879166666666666,283.4583333333333,29.254166666666666,19.141666666666666,20.5,,0.0,,67.45833333333333,41.916666666666664
2021-11-13,16.083333333333332,11.174999999999999,256.0833333333333,27.729166666666668,17.641666666666666,30.416666666666668,,0.0,,47.25,23.583333333333332
2021-11-14,28.508333333333336,21.287499999999998,350.5416666666667,37.09583333333333,41.55833333333333,16.541666666666668,,0.0,,62.666666666666664,37.5
2021-11-15,32.045833333333334,22.150000000000002,355.25,46.61666666666667,33.3375,22.666666666666668,,0.0,,60.208333333333336,34.958333333333336
2021-11-16,21.491666666666664,15.916666666666666,263.0833333333333,33.82083333333333,22.0625,37.791666666666664,,0.0,,74.91666666666667,55.041666666666664
2021-11-17,33.82083333333333,26.079166666666666,342.4166666666667,41.395833333333336,39.2125,17.0,,0.0,,61.625,36.541666666666664
2021-11-18,30.433333333333334,23.337500000000002,277.3333333333333,34.25416666666667,31.983333333333334,26.375,,0.08333333333333333,,83.04166666666667,61.666666666666664
2021-11-19,30.833333333333332,24.15833333333333,335.2916666666667,33.516666666666666,28.266666666666666,17.291666666666668,,0.0,,74.08333333333333,53.416666666666664
2021-11-20,16.400000000000002,12.120833333333332,282.2083333333333,22.895833333333332,17.566666666666666,22.083333333333332,,0.0,,65.41666666666667,40.916666666666664
2021-11-21,15.895833333333334,11.695833333333333,278.7916666666667,30.041666666666668,18.9375,36.5,,0.0,,41.0,21.458333333333332
2021-11-22,20.391666666666666,14.416666666666666,278.2083333333333,34.03333333333333,23.7625,26.958333333333332,,0.0,,55.375,29.083333333333332
2021-11-23,28.483333333333334,21.287499999999998,341.4166666666667,48.300000000000004,38.0875,22.791666666666668,,0.0,,58.875,32.541666666666664
2021-11-24,22.0125,16.220833333333335,270.3333333333333,31.733333333333334,27.28333333333333,30.083333333333332,,0.0,,69.125,44.791666666666664
2021-11-25,22.97083333333333,17.662499999999998,295.0416666666667,34.604166666666664,25.47083333333333,24.875,,0.0,,56.5,30.208333333333332
2021-11-26,23.162499999999998,17.966666666666665,263.3333333333333,27.770833333333332,19.504166666666666,29.5,,0.0,,64.08333333333333,37.25
2021-11-27,26.104166666666668,19.195833333333333,275.375,27.15416666666667,26.608333333333334,26.375,,0.0,,66.0,39.291666666666664
2021-11-28,26.025000000000002,19.654166666666665,352.25,26.145833333333332,24.7375,12.5,,0.0,,61.916666666666664,35.208333333333336
2021-11-29,36.46666666666667,27.400000000000002,375.0,33.025,32.329166666666666,7.583333333333333,,0.2916666666666667,,78.33333333333333,56.541666666666664
2021-11-30,13.254166666666668,10.579166666666667,241.875,18.104166666666668,13.4125,20.208333333333332,,0.08333333333333333,,64.33333333333333,40.333333333333336
2021-12-01,16.1375,11.674999999999999,243.33333333333334,29.370833333333334,19.445833333333333,36.5,,0.0,,42.458333333333336,20.541666666666668
2021-12-02,24.72083333333333,19.2375,313.25,41.5875,37.11666666666667,29.958333333333332,,0.0,,56.458333333333336,30.416666666666668
2021-12-03,31.954166666666666,24.4875,366.75,35.12916666666667,31.316666666666666,17.666666666666668,,0.0,,69.45833333333333,44.708333333333336
2021-12-04,16.45,12.254166666666668,256.5,26.008333333333336,17.995833333333334,39.291666666666664,,0.0,,66.66666666666667,43.125
2021-12-05,49.74583333333334,36.65416666666667,475.7916666666667,54.354166666666664,69.71249999999999,6.083333333333333,,0.0,,73.75,49.291666666666664
2021-12-06,50.42083333333333,38.31666666666667,462.8333333333333,50.5,67.85833333333333,7.625,,0.0,,109.79166666666667,71.45833333333333
2021-12-07,34.824999999999996,26.275000000000002,398.75,36.31666666666667,50.45416666666667,13.125,,0.0,,85.91666666666667,61.833333333333336
2021-12-08,34.3125,25.712500000000002,360.6666666666667,40.00416666666667,40.37083333333333,6.416666666666667,,0.0,,84.875,62.625
2021-12-09,36.733333333333334,29.1125,396.1666666666667,41.02916666666667,38.0375,10.458333333333334,,0.0,,80.04166666666667,60.875
2021-12-10,36.762499999999996,28.204166666666666,414.6666666666667,41.93333333333333,41.65,18.75,,0.0,,89.0,64.20833333333333
2021-12-11,23.52916666666667,18.945833333333333,343.7083333333333,30.395833333333332,32.770833333333336,25.333333333333332,,0.125,,74.79166666666667,52.708333333333336
2021-12-12,32.6,23.270833333333332,331.625,32.574999999999996,39.958333333333336,15.083333333333334,,2.875,,65.70833333333333,39.416666666666664
2021-12-13,52.99583333333334,40.225,470.625,45.3125,65.87083333333334,7.166666666666667,,3.875,,88.375,63.5
2021-12-14,99.39166666666667,74.24166666666666,940.125,54.362500000000004,117.45833333333333,0.2916666666666667,,2.125,,142.29166666666666,85.45833333333333
2021-12-15,64.68333333333334,52.074999999999996,656.7916666666666,46.56666666666666,80.875,4.458333333333333,,1.0416666666666667,,159.20833333333334,98.45833333333333
2021-12-16,23.15416666666667,18.6125,342.7916666666667,32.19166666666667,25.55,18.833333333333332,,0.0,,87.58333333333333,57.541666666666664
2021-12-17,31.108333333333334,23.275000000000002,399.6666666666667,43.987500000000004,37.516666666666666,11.375,,0.0,,65.29166666666667,39.541666666666664
2021-12-18,25.0125,17.51666666666667,331.625,39.637499999999996,32.704166666666666,17.375,,0.0,,70.66666666666667,47.666666666666664
2021-12-19,18.629166666666666,13.424999999999999,283.8333333333333,30.179166666666664,26.025000000000002,21.791666666666668,,0.0,,57.791666666666664,31.333333333333332
2021-12-20,19.8125,14.720833333333333,283.375,26.954166666666666,22.224999999999998,12.166666666666666,,0.0,,54.625,28.416666666666668
2021-12-21,31.829166666666666,23.875,371.125,40.28333333333333,45.02916666666667,9.291666666666666,,0.0,,63.083333333333336,37.333333333333336
2021-12-22,41.104166666666664,31.929166666666664,517.6666666666666,44.416666666666664,61.1,5.333333333333333,,0.0,,84.375,62.208333333333336
2021-12-23,24.929166666666664,19.241666666666667,345.0,42.55,30.779166666666665,25.666666666666668,,0.0,,81.29166666666667,57.583333333333336
2021-12-24,23.25,18.625,299.5416666666667,29.849999999999998,27.204166666666666,36.125,,0.0,,62.833333333333336,35.916666666666664
2021-12-25,19.766666666666666,15.35,298.7083333333333,26.641666666666666,25.983333333333334,38.875,,0.0,,64.54166666666667,37.708333333333336
2021-12-26,14.35,10.549999999999999,243.83333333333334,21.525000000000002,16.966666666666665,46.666666666666664,,0.0,,49.416666666666664,24.625
2021-12-27,22.995833333333334,17.679166666666667,345.0,34.387499999999996,28.837500000000002,28.75,,0.0,,49.583333333333336,24.833333333333332
2021-12-28,78.58749999999999,62.48333333333333,857.8333333333334,64.90416666666667,97.58333333333333,6.625,,0.0,,95.83333333333333,60.291666666666664
2021-12-29,57.975,45.237500000000004,568.625,50.887499999999996,63.76666666666667,9.208333333333334,,0.0,,152.83333333333334,91.29166666666667
2021-12-30,56.145833333333336,41.8375,560.5833333333334,53.69166666666666,87.59166666666665,6.208333333333333,,0.0,,108.25,71.04166666666667
2021-12-31,39.50416666666667,30.84166666666667,440.125,40.09166666666667,56.025,8.791666666666666,,0.0,,109.375,71.375
2022-01-01,25.570833333333336,21.525000000000002,376.125,33.545833333333334,32.61666666666667,7.333333333333333,,0.0,,88.5,64.25
2022-01-02,15.612499999999999,12.929166666666667,282.9583333333333,26.516666666666666,17.416666666666668,41.583333333333336,,0.0,,57.333333333333336,30.857142857142858
2022-01-03,36.44583333333333,28.495833333333334,449.7916666666667,48.9625,44.583333333333336,17.583333333333332,,0.0,,72.04166666666667,49.333333333333336
2022-01-04,49.04583333333333,36.44166666666667,540.875,54.79583333333333,64.53750000000001,10.0,,0.0,,88.33333333333333,64.08333333333333
2022-01-05,27.55,22.433333333333334,371.0833333333333,34.275,33.25,24.5,,0.0,,90.91666666666667,63.75
2022-01-06,26.97083333333333,20.14166666666667,385.0833333333333,38.733333333333334,36.766666666666666,17.083333333333332,,0.0,,70.0,46.041666666666664
2022-01-07,18.066666666666666,12.200000000000001,293.5,28.78333333333333,23.97083333333333,34.166666666666664,,0.0,,59.833333333333336,33.25
2022-01-08,24.52916666666667,17.270833333333332,335.9583333333333,36.52916666666667,30.2,29.166666666666668,,0.0,,51.875,25.916666666666668
2022-01-09,22.708333333333332,17.616666666666667,296.875,33.295833333333334,29.566666666666666,33.375,,0.0,,64.04166666666667,37.291666666666664
2022-01-10,22.066666666666666,17.429166666666667,328.7083333333333,41.05416666666667,31.683333333333334,24.333333333333332,,0.0,,62.333333333333336,35.583333333333336
2022-01-11,16.9375,12.454166666666666,261.0833333333333,40.6,23.52916666666667,22.708333333333332,,0.0,,56.666666666666664,30.25
2022-01-12,22.59166666666667,16.625,327.25,46.49166666666667,33.858333333333334,20.625,,0.0,,50.958333333333336,25.375
2022-01-13,29.870833333333334,23.2625,357.4166666666667,39.19166666666667,35.0625,26.125,,0.0,,74.0,52.541666666666664
2022-01-14,12.508333333333333,8.820833333333333,220.54166666666666,18.070833333333333,13.633333333333333,54.291666666666664,,0.0,,53.75,30.833333333333332
2022-01-15,11.258333333333333,7.825,221.875,17.854166666666668,13.308333333333332,53.958333333333336,,0.0,,35.333333333333336,21.666666666666668
2022-01-16,17.404166666666665,11.770833333333334,281.3333333333333,30.008333333333336,21.929166666666664,44.041666666666664,,0.0,,36.291666666666664,20.833333333333332
2022-01-17,18.379166666666666,13.791666666666666,261.9166666666667,21.525000000000002,18.537499999999998,38.375,,0.0,,50.916666666666664,25.083333333333332
2022-01-18,19.258333333333333,14.5875,289.2083333333333,28.454166666666666,25.070833333333336,33.041666666666664,,0.0,,61.125,34.416666666666664
2022-01-19,26.208333333333332,19.420833333333334,342.5833333333333,39.4,35.50416666666667,34.25,,0.0,,54.083333333333336,29.333333333333332
2022-01-20,21.97083333333333,16.150000000000002,268.2916666666667,25.05,22.55,34.625,,0.0,,63.0,36.166666666666664
2022-01-21,24.4875,18.658333333333335,305.5833333333333,29.125,30.275000000000002,26.541666666666668,,0.0,,61.291666666666664,34.5
2022-01-22,24.80416666666667,19.279166666666665,307.2916666666667,30.53333333333333,28.791666666666668,26.958333333333332,,0.0,,64.625,37.708333333333336
2022-01-23,49.104166666666664,38.18333333333333,524.8333333333334,46.9375,56.083333333333336,10.333333333333334,,0.0,,77.625,52.958333333333336
2022-01-24,109.60416666666667,93.39999999999999,1056.5833333333333,63.55833333333334,151.15833333333333,2.4166666666666665,,0.0,,148.875,91.83333333333333
2022-01-25,48.862500000000004,39.012499999999996,485.625,49.2875,54.583333333333336,11.333333333333334,,0.0,,157.875,99.83333333333333
2022-01-26,37.15,29.90833333333333,476.2083333333333,49.27916666666667,52.125,13.791666666666666,,0.0,,93.5,65.875
2022-01-27,39.583333333333336,29.575,510.5833333333333,55.30833333333334,53.11666666666667,17.083333333333332,,0.0,,87.5,63.791666666666664
2022-01-28,22.945833333333336,17.733333333333334,283.875,26.366666666666664,26.212500000000002,39.791666666666664,,0.0,,70.25,45.875
2022-01-29,76.875,63.94166666666666,926.75,53.333333333333336,107.6375,5.625,,0.0,,92.125,58.5
2022-01-30,33.291666666666664,27.474999999999998,441.125,30.8875,37.770833333333336,28.25,,0.0,,145.83333333333334,88.91666666666667
2022-01-31,21.741666666666664,17.779166666666665,298.9166666666667,28.079166666666666,28.504166666666666,33.583333333333336,,0.0,,60.666666666666664,34.75
2022-02-01,29.541666666666668,24.3625,365.5,38.36666666666667,32.083333333333336,19.458333333333332,,0.0,,73.25,52.333333333333336
2022-02-02,24.52916666666667,19.829166666666666,281.5,37.22083333333334,33.041666666666664,24.625,,0.0,,65.375,40.333333333333336
2022-02-03,57.74583333333334,48.84583333333333,526.625,56.40416666666667,55.4,15.958333333333334,,0.0,,93.04166666666667,62.083333333333336
2022-02-04,58.862500000000004,52.29583333333333,573.3333333333334,61.104166666666664,47.85,10.416666666666666,,0.0,,147.29166666666666,83.66666666666667
2022-02-05,75.28333333333333,60.125,584.625,60.0,90.79166666666667,6.583333333333333,,0.0,,141.79166666666666,82.625
2022-02-06,46.75,38.42916666666667,521.5,46.395833333333336,55.40416666666667,20.583333333333332,,0.0,,129.08333333333334,78.29166666666667
2022-02-07,29.308333333333334,23.058333333333334,328.5,36.85,32.4625,30.083333333333332,,0.0,,102.0,68.75
2022-02-08,27.145833333333332,21.2375,329.5416666666667,39.25833333333333,32.34583333333333,29.333333333333332,,0.0,,71.29166666666667,48.041666666666664
2022-02-09,37.112500000000004,28.070833333333336,402.375,47.15,45.112500000000004,18.916666666666668,,0.0,,72.625,49.458333333333336
2022-02-10,22.379166666666666,16.808333333333334,294.2916666666667,33.55416666666667,24.84583333333333,36.833333333333336,,0.0,,76.58333333333333,53.458333333333336
2022-02-11,20.916666666666668,16.212500000000002,287.0416666666667,29.96666666666667,19.900000000000002,44.833333333333336,,0.0,,57.041666666666664,30.583333333333332
2022-02-12,15.645833333333334,11.633333333333333,258.7083333333333,22.858333333333334,14.862499999999999,49.916666666666664,,0.0,,56.375,29.708333333333332
2022-02-13,15.262500000000001,11.120833333333332,233.91666666666666,20.224999999999998,13.033333333333333,56.083333333333336,,0.0,,41.916666666666664,22.708333333333332
2022-02-14,20.658333333333335,17.0125,266.125,25.5125,19.458333333333332,54.5,,0.0,,54.5,28.625
2022-02-15,24.241666666666664,20.420833333333334,287.2083333333333,28.058333333333334,21.558333333333334,54.083333333333336,,0.4583333333333333,,65.45833333333333,38.666666666666664
2022-02-16,26.337500000000002,21.254166666666666,330.9166666666667,30.125,30.004166666666666,48.916666666666664,,0.0,,68.08333333333333,41.75
2022-02-17,25.495833333333334,20.849999999999998,255.45833333333334,20.945833333333333,20.758333333333333,48.416666666666664,,0.5,,71.58333333333333,48.625
2022-02-18,19.983333333333334,15.970833333333333,269.9166666666667,27.71666666666667,19.416666666666668,42.375,,0.25,,61.791666666666664,35.333333333333336
2022-02-19,16.529166666666665,12.775,228.875,21.704166666666666,16.754166666666666,50.25,,0.0,,57.5,31.0
2022-02-20,12.766666666666666,10.229166666666666,232.41666666666666,19.204166666666666,12.279166666666667,50.958333333333336,,0.0,,43.125,21.625
2022-02-21,23.175,17.9875,276.5,29.504166666666666,23.7375,37.666666666666664,,0.0,,53.291666666666664,27.541666666666668
2022-02-22,15.591666666666667,12.670833333333334,237.54166666666666,21.6125,15.737499999999999,44.958333333333336,,0.0,,59.083333333333336,32.458333333333336
2022-02-23,17.491666666666667,13.745833333333332,265.4583333333333,26.925,18.599999999999998,31.041666666666668,,0.0,,49.541666666666664,24.041666666666668
2022-02-24,47.675000000000004,35.65,485.4166666666667,53.15,45.625,12.708333333333334,,0.0,,77.875,52.041666666666664
2022-02-25,29.604166666666668,23.354166666666668,326.0,35.27916666666667,31.5,39.166666666666664,,0.0,,89.58333333333333,64.20833333333333
2022-02-26,31.925,25.058333333333334,366.2083333333333,40.49166666666667,29.704166666666666,32.166666666666664,,0.0,,73.54166666666667,52.333333333333336
2022-02-27,17.8125,14.112499999999999,298.875,33.7875,16.0125,36.625,,0.0,,67.16666666666667,43.0
2022-02-28,27.308333333333334,22.691666666666666,397.0416666666667,45.3125,28.866666666666664,24.625,,0.0,,60.666666666666664,34.291666666666664
2022-03-01,62.19583333333333,52.19166666666666,871.0833333333334,79.375,63.395833333333336,9.875,,0.0,,102.04166666666667,68.04166666666667
2022-03-02,63.875,54.69583333333333,789.625,77.00416666666666,62.72083333333333,12.0,,0.20833333333333334,,145.95833333333334,83.16666666666667
2022-03-03,62.85,55.50833333333333,750.8333333333334,70.74166666666666,59.791666666666664,14.0,,1.9583333333333333,,146.66666666666666,83.5
2022-03-04,28.1875,22.3625,330.75,37.612500000000004,23.724999999999998,30.75,,0.0,,123.75,75.66666666666667
2022-03-05,12.987499999999999,10.875,243.625,25.96666666666667,12.966666666666667,42.083333333333336,,0.0,,54.25,28.833333333333332
2022-03-06,18.391666666666666,14.416666666666666,293.2083333333333,30.108333333333334,16.766666666666666,50.0,,0.0,,53.708333333333336,27.5
2022-03-07,29.7,22.145833333333332,381.4583333333333,42.237500000000004,35.52916666666666,33.458333333333336,,0.0,,56.291666666666664,30.208333333333332
2022-03-08,17.491666666666667,14.879166666666668,275.3333333333333,31.099999999999998,19.425,44.375,,0.0,,69.33333333333333,45.25
2022-03-09,19.1125,16.391666666666666,301.4583333333333,34.225,20.945833333333333,53.25,,0.0,,57.333333333333336,30.833333333333332
2022-03-10,21.383333333333336,18.070833333333333,329.0,38.4375,22.858333333333334,48.041666666666664,,0.0,,60.041666666666664,33.166666666666664
2022-03-11,43.55833333333334,34.86666666666667,541.0833333333334,63.074999999999996,41.979166666666664,29.166666666666668,,0.0,,81.25,55.833333333333336
2022-03-12,33.55416666666667,27.479166666666668,387.625,51.762499999999996,25.78333333333333,26.375,,0.0,,93.0,65.70833333333333
2022-03-13,32.50833333333333,25.983333333333334,400.1666666666667,41.34166666666667,24.150000000000002,35.708333333333336,,0.0,,85.375,62.958333333333336
2022-03-14,22.458333333333332,18.320833333333333,300.75,32.4625,18.8125,40.458333333333336,,0.0,,66.625,41.625
2022-03-15,23.349999999999998,20.208333333333332,363.3333333333333,45.96666666666667,27.666666666666668,36.041666666666664,,0.0,,62.708333333333336,36.0
2022-03-16,29.958333333333332,25.912499999999998,415.6666666666667,49.574999999999996,31.875,41.916666666666664,,0.0,,77.83333333333333,57.458333333333336
2022-03-17,35.56666666666667,30.816666666666666,459.25,53.54583333333333,33.375,43.333333333333336,,0.0,,78.5,59.791666666666664
2022-03-18,37.733333333333334,33.770833333333336,516.1666666666666,57.400000000000006,33.108333333333334,32.666666666666664,,0.0,,99.41666666666667,68.33333333333333
2022-03-19,47.737500000000004,39.63333333333333,553.7916666666666,58.95416666666667,32.56666666666667,25.541666666666668,,0.0,,100.58333333333333,68.41666666666667
2022-03-20,29.0,23.495833333333334,350.875,35.9,16.2125,41.166666666666664,,0.0,,96.08333333333333,66.625
2022-03-21,31.241666666666664,23.40416666666667,371.3333333333333,38.5625,20.820833333333333,39.791666666666664,,0.0,,66.25,40.541666666666664
2022-03-22,35.50416666666667,29.420833333333334,419.4166666666667,47.05416666666667,24.816666666666666,30.916666666666668,,0.0,,87.25,63.458333333333336
2022-03-23,48.37916666666666,39.483333333333334,534.75,64.62916666666666,37.4375,30.958333333333332,,0.0,,90.91666666666667,65.0
2022-03-24,73.92083333333333,60.15,746.125,80.00833333333334,79.03333333333333,22.5,,0.0,,136.41666666666666,80.41666666666667
2022-03-25,51.300000000000004,42.737500000000004,564.8333333333334,63.21666666666667,39.81666666666667,24.083333333333332,,1.75,,146.20833333333334,84.04166666666667
2022-03-26,18.3,14.258333333333333,233.91666666666666,16.962500000000002,11.295833333333334,66.91666666666667,,1.25,,83.91666666666667,55.125
2022-03-27,7.341666666666666,6.0375000000000005,190.04166666666666,10.841666666666667,6.379166666666666,71.45833333333333,,0.0,,41.458333333333336,29.125
2022-03-28,13.854166666666666,10.820833333333333,235.625,21.091666666666665,14.104166666666666,63.833333333333336,,0.08333333333333333,,35.375,25.583333333333332
2022-03-29,15.954166666666666,13.475,268.7083333333333,27.65833333333333,16.325,55.0,,0.0,,45.625,26.333333333333332
2022-03-30,31.933333333333334,26.741666666666664,393.5833333333333,48.32916666666667,30.3875,42.708333333333336,,0.0,,65.95833333333333,40.458333333333336
2022-03-31,41.50416666666667,33.44583333333333,458.625,54.275,49.89166666666667,30.5,,0.0,,98.16666666666667,67.5
2022-04-01,21.416666666666668,18.095833333333335,279.0416666666667,25.741666666666664,15.6,56.583333333333336,,0.0,,78.66666666666667,55.375
2022-04-02,9.354166666666666,8.129166666666666,214.45833333333334,15.549999999999999,7.875,72.16666666666667,,0.0,,46.833333333333336,29.458333333333332
2022-04-03,10.0625,8.583333333333334,229.70833333333334,19.854166666666668,8.908333333333333,68.0,,0.0,,32.125,27.166666666666668
2022-04-04,28.833333333333332,24.008333333333336,427.7916666666667,46.791666666666664,23.066666666666666,45.541666666666664,,0.0,,57.833333333333336,35.458333333333336
2022-04-05,19.900000000000002,15.762500000000001,250.875,25.525000000000002,18.420833333333334,62.5,,0.0,,69.04166666666667,45.583333333333336
2022-04-06,13.75,11.75,231.29166666666666,21.033333333333335,12.408333333333333,60.291666666666664,,0.0,,52.833333333333336,27.708333333333332
2022-04-07,21.9875,17.3625,265.5416666666667,29.2,22.933333333333334,43.083333333333336,,0.0,,54.25,28.083333333333332
2022-04-08,21.079166666666666,17.070833333333333,244.625,21.150000000000002,18.066666666666666,62.0,,0.8333333333333334,,63.333333333333336,36.583333333333336
2022-04-09,15.908333333333333,12.283333333333333,228.16666666666666,22.429166666666664,16.404166666666665,51.583333333333336,,0.25,,54.541666666666664,28.541666666666668
2022-04-10,22.2375,17.9375,302.7916666666667,37.2125,20.366666666666667,34.291666666666664,,0.0,,53.041666666666664,27.25
2022-04-11,19.045833333333334,15.320833333333333,295.125,36.125,15.333333333333334,40.333333333333336,,0.0,,65.91666666666667,39.25
2022-04-12,20.025000000000002,15.983333333333334,286.9583333333333,30.962500000000002,19.45,33.708333333333336,,1.0,,54.166666666666664,27.916666666666668
2022-04-13,16.8125,13.612499999999999,243.75,25.991666666666664,12.450000000000001,41.958333333333336,,0.75,,58.5,32.0
2022-04-14,13.529166666666667,10.554166666666667,239.625,29.1375,13.766666666666666,49.041666666666664,,0.0,,45.416666666666664,24.875
2022-04-15,30.866666666666664,24.754166666666666,418.5,50.90833333333333,28.3625,32.75,,0.08333333333333333,,65.16666666666667,41.791666666666664
2022-04-16,13.716666666666667,11.475000000000001,232.20833333333334,21.491666666666664,10.741666666666667,50.541666666666664,,0.0,,64.625,40.375
2022-04-17,8.016666666666667,6.479166666666667,191.58333333333334,16.808333333333334,8.729166666666666,62.833333333333336,,0.0,,32.125,25.166666666666668
2022-04-18,12.737499999999999,10.5875,243.125,22.491666666666664,13.0375,53.833333333333336,,0.0,,38.125,22.416666666666668
2022-04-19,13.441666666666668,10.954166666666666,233.20833333333334,19.429166666666667,13.720833333333333,53.25,,0.7916666666666666,,43.958333333333336,22.416666666666668
2022-04-20,10.891666666666666,8.954166666666667,198.70833333333334,13.658333333333333,9.908333333333333,65.45833333333333,,0.375,,40.625,26.458333333333332
2022-04-21,16.858333333333334,14.291666666666666,217.41666666666666,17.333333333333332,11.054166666666667,49.25,,1.1666666666666667,,44.166666666666664,23.041666666666668
2022-04-22,39.24166666666667,30.587500000000002,469.375,46.90416666666667,39.708333333333336,17.916666666666668,,2.0,,70.16666666666667,47.291666666666664
2022-04-23,58.979166666666664,46.19166666666666,640.9583333333334,57.90833333333333,53.854166666666664,17.25,,2.7916666666666665,,119.625,74.625
2022-04-24,33.208333333333336,27.65416666666667,336.4166666666667,36.5875,21.733333333333334,31.666666666666668,,1.5416666666666667,,98.66666666666667,67.58333333333333
2022-04-25,26.329166666666666,20.587500000000002,304.25,33.387499999999996,26.666666666666668,40.125,,1.25,,76.0,55.25
2022-04-26,23.09583333333333,18.845833333333335,310.875,36.391666666666666,22.2625,39.125,,0.9583333333333334,,65.79166666666667,38.875
2022-04-27,16.975,14.549999999999999,263.75,29.77916666666667,16.758333333333333,39.166666666666664,,0.125,,62.083333333333336,35.375
2022-04-28,19.558333333333334,16.083333333333332,294.6666666666667,41.416666666666664,24.895833333333332,38.083333333333336,,0.0,,50.833333333333336,25.791666666666668
2022-04-29,21.78333333333333,17.858333333333334,294.3333333333333,31.320833333333336,21.058333333333334,45.5,,0.0,,68.45833333333333,43.458333333333336
2022-04-30,16.791666666666668,13.470833333333333,259.75,28.245833333333334,13.4625,47.666666666666664,,0.0,,50.791666666666664,28.25
2022-05-01,24.266666666666666,17.470833333333335,305.625,32.25833333333333,19.825,44.208333333333336,,0.0,,63.291666666666664,36.666666666666664
2022-05-02,22.441666666666666,17.829166666666666,326.0833333333333,37.75416666666667,25.691666666666666,43.041666666666664,,0.0,,60.458333333333336,33.833333333333336
2022-05-03,15.416666666666666,11.887500000000001,223.58333333333334,21.579166666666666,13.583333333333334,53.0,,0.0,,54.541666666666664,29.291666666666668
2022-05-04,12.295833333333334,9.158333333333333,209.625,18.425,12.225,54.083333333333336,,0.0,,43.083333333333336,23.625
2022-05-05,16.408333333333335,12.720833333333333,272.0416666666667,28.5,16.266666666666666,45.041666666666664,,0.0,,39.833333333333336,23.958333333333332
2022-05-06,21.025,14.920833333333334,292.5416666666667,32.449999999999996,22.22083333333333,47.75,,0.0,,57.75,31.541666666666668
2022-05-07,18.537499999999998,13.554166666666667,237.58333333333334,23.037499999999998,17.291666666666668,52.666666666666664,,0.0,,53.708333333333336,27.708333333333332
2022-05-08,14.954166666666666,11.429166666666667,206.79166666666666,18.133333333333333,12.758333333333333,52.125,,0.0,,50.583333333333336,25.5
2022-05-09,8.991666666666667,7.3125,189.33333333333334,16.945833333333333,8.737499999999999,50.333333333333336,,0.0,,39.083333333333336,21.708333333333332
2022-05-10,7.870833333333334,6.333333333333333,170.91666666666666,15.520833333333334,7.345833333333334,57.041666666666664,,0.0,,29.833333333333332,22.875
2022-05-11,11.104166666666666,8.4625,218.16666666666666,21.1125,10.983333333333334,51.708333333333336,,0.4166666666666667,,27.166666666666668,22.958333333333332
2022-05-12,20.529166666666665,17.166666666666668,288.25,31.991666666666664,15.920833333333334,48.625,,0.0,,54.208333333333336,29.833333333333332
2022-05-13,9.454166666666667,7.3374999999999995,171.58333333333334,10.608333333333333,6.729166666666667,57.25,,0.0,,45.125,25.541666666666668
2022-05-14,11.770833333333334,8.708333333333334,191.5,16.695833333333333,8.25,55.208333333333336,,0.0,,33.458333333333336,23.416666666666668
2022-05-15,14.429166666666667,10.65,219.66666666666666,24.179166666666664,12.041666666666666,41.75,,0.0,,43.083333333333336,21.125
2022-05-16,10.266666666666667,7.754166666666666,186.16666666666666,14.2875,9.029166666666667,51.166666666666664,,0.0,,36.916666666666664,21.458333333333332
2022-05-17,9.1875,7.554166666666667,198.375,15.808333333333332,8.870833333333334,44.875,,0.0,,31.083333333333332,18.083333333333332
2022-05-18,8.762500000000001,7.0874999999999995,188.29166666666666,16.858333333333334,9.254166666666666,46.875,,0.0,,31.5,19.166666666666668
2022-05-19,11.854166666666666,9.195833333333333,219.125,22.058333333333334,12.308333333333332,47.125,,0.0,,32.708333333333336,20.541666666666668
2022-05-20,11.995833333333332,9.766666666666667,234.0,32.737500000000004,14.75,40.458333333333336,,0.0,,41.708333333333336,22.25
2022-05-21,17.525000000000002,14.191666666666668,260.8333333333333,31.179166666666664,20.258333333333333,46.916666666666664,,0.0,,48.75,24.416666666666668
2022-05-22,8.049999999999999,6.829166666666667,171.125,16.604166666666668,9.862499999999999,57.833333333333336,,0.0,,41.708333333333336,25.291666666666668
2022-05-23,10.283333333333333,8.379166666666666,198.91666666666666,19.783333333333335,9.4375,54.25,,0.0,,31.833333333333332,22.083333333333332
2022-05-24,9.645833333333334,8.308333333333334,192.875,19.720833333333335,10.520833333333334,50.083333333333336,,0.0,,33.958333333333336,20.791666666666668
2022-05-25,14.704166666666666,12.258333333333333,260.25,30.333333333333332,17.150000000000002,31.0,,0.0,,42.875,21.458333333333332
2022-05-26,21.683333333333334,15.920833333333334,291.75,33.8375,23.245833333333334,40.875,,0.0,,55.541666666666664,29.25
2022-05-27,10.325000000000001,8.291666666666666,202.5,19.858333333333334,10.929166666666667,47.25,,0.0,,47.041666666666664,24.208333333333332
2022-05-28,18.008333333333333,13.291666666666666,246.91666666666666,27.55,15.779166666666667,38.541666666666664,,0.0,,47.125,23.75
2022-05-29,13.954166666666666,10.070833333333333,203.875,20.220833333333335,11.1875,47.041666666666664,,0.0,,42.5,23.375
2022-05-30,21.154166666666665,15.470833333333333,281.9166666666667,35.81666666666667,26.325,46.875,,0.0,,51.958333333333336,27.208333333333332
2022-05-31,18.766666666666666,15.391666666666666,260.2083333333333,29.916666666666668,16.366666666666667,40.833333333333336,,0.375,,56.041666666666664,29.666666666666668
2022-06-01,20.158333333333335,15.8125,286.3333333333333,28.191666666666666,17.787499999999998,44.083333333333336,,1.4166666666666667,,60.458333333333336,33.875
2022-06-02,20.220833333333335,16.654166666666665,291.1666666666667,31.391666666666666,23.72083333333333,38.833333333333336,,1.0833333333333333,,54.208333333333336,28.041666666666668
2022-06-03,19.179166666666667,14.620833333333332,283.8333333333333,26.52916666666667,20.870833333333334,38.458333333333336,,0.5,,63.125,36.291666666666664
2022-06-04,15.137500000000001,11.666666666666666,230.33333333333334,25.004166666666666,11.066666666666668,45.125,,0.0,,47.125,25.208333333333332
2022-06-05,18.2625,13.820833333333333,255.45833333333334,26.066666666666666,12.412500000000001,40.666666666666664,,0.0,,55.583333333333336,29.166666666666668
2022-06-06,14.454166666666666,10.833333333333334,223.875,21.520833333333332,10.4,44.25,,0.0,,47.25,24.125
2022-06-07,15.858333333333334,12.891666666666666,268.0416666666667,27.77916666666667,13.341666666666667,39.208333333333336,,0.0,,47.0,23.791666666666668
2022-06-08,24.979166666666668,20.474999999999998,348.0,44.86666666666667,23.604166666666668,39.125,,0.0,,62.916666666666664,36.583333333333336
2022-06-09,36.208333333333336,27.21666666666667,412.75,47.0625,36.916666666666664,35.708333333333336,,0.0,,76.45833333333333,53.958333333333336
2022-06-10,18.17083333333333,13.979166666666666,258.5833333333333,29.433333333333334,14.483333333333334,47.833333333333336,,0.0,,65.875,42.083333333333336
2022-06-11,24.445833333333336,19.3,294.375,38.891666666666666,16.579166666666666,43.833333333333336,,0.0,,61.708333333333336,35.125
2022-06-12,13.616666666666667,11.233333333333334,220.16666666666666,22.662499999999998,13.591666666666667,48.75,,0.0,,55.0,29.666666666666668
2022-06-13,21.125,16.400000000000002,282.875,33.475,20.533333333333335,38.416666666666664,,0.0,,48.083333333333336,24.375
2022-06-14,32.35,25.5125,359.1666666666667,32.88333333333333,32.44166666666667,39.75,,0.0,,79.08333333333333,56.458333333333336
2022-06-15,10.266666666666667,7.754166666666666,162.33333333333334,14.4125,9.695833333333333,48.916666666666664,,0.0,,49.25,29.625
2022-06-16,11.704166666666666,9.029166666666667,191.625,19.925,11.995833333333332,39.416666666666664,,0.0,,32.958333333333336,18.916666666666668
2022-06-17,15.804166666666667,12.683333333333332,252.79166666666666,29.458333333333332,16.095833333333335,26.875,,0.0,,48.0,23.75
2022-06-18,14.85,11.183333333333332,227.16666666666666,23.662499999999998,11.520833333333334,37.583333333333336,,0.0,,48.833333333333336,24.333333333333332
2022-06-19,15.733333333333334,10.679166666666667,202.95833333333334,20.166666666666668,10.6625,45.875,,0.5416666666666666,,46.583333333333336,24.25
2022-06-20,12.891666666666666,9.75,210.79166666666666,23.02916666666667,12.766666666666666,47.375,,0.041666666666666664,,39.083333333333336,21.916666666666668
2022-06-21,34.96666666666667,26.72083333333333,413.4583333333333,48.59166666666667,38.762499999999996,23.208333333333332,,0.375,,68.375,46.875
2022-06-22,11.625,9.425,195.75,19.095833333333335,12.204166666666666,40.125,,0.0,,57.375,34.25
2022-06-23,10.633333333333333,8.825000000000001,198.75,23.849999999999998,12.133333333333333,41.25,,0.0,,37.166666666666664,20.5
2022-06-24,14.504166666666668,11.741666666666667,243.08333333333334,31.8875,15.879166666666668,39.125,,0.0,,45.416666666666664,22.791666666666668
2022-06-25,15.612499999999999,12.654166666666667,248.33333333333334,29.954166666666666,14.741666666666667,44.375,,0.0,,50.125,25.541666666666668
2022-06-26,22.329166666666666,17.345833333333335,309.5,36.17916666666667,20.345833333333335,36.625,,0.0,,55.75,29.375
2022-06-27,23.916666666666668,18.904166666666665,294.5416666666667,33.0625,15.904166666666667,48.166666666666664,,0.0,,64.625,37.833333333333336
2022-06-28,14.8375,11.908333333333333,217.75,25.895833333333332,13.491666666666667,47.5,,0.0,,58.083333333333336,31.541666666666668
2022-06-29,14.825000000000001,12.0875,240.125,30.71666666666667,19.383333333333333,45.708333333333336,,0.0,,44.625,23.875
2022-06-30,17.6875,14.029166666666667,266.125,29.295833333333334,16.1125,39.416666666666664,,0.0,,55.916666666666664,29.666666666666668
2022-07-01,9.591666666666667,8.15,182.41666666666666,20.904166666666665,10.5625,46.958333333333336,,0.0,,39.375,23.833333333333332
2022-07-02,15.295833333333334,12.8375,237.125,26.724999999999998,12.383333333333333,42.708333333333336,,0.0,,44.541666666666664,23.416666666666668
2022-07-03,15.012500000000001,11.454166666666666,222.41666666666666,25.787499999999998,11.204166666666666,47.416666666666664,,0.125,,49.541666666666664,25.25
2022-07-04,18.008333333333333,14.741666666666667,278.4166666666667,37.887499999999996,20.883333333333333,38.0,,0.0,,52.375,26.5
2022-07-05,25.629166666666666,19.691666666666666,306.5833333333333,38.1,27.412499999999998,47.833333333333336,,0.2916666666666667,,60.208333333333336,34.0
2022-07-06,27.483333333333334,21.900000000000002,329.375,42.895833333333336,29.662499999999998,37.0,,1.0,,70.625,46.916666666666664
2022-07-07,21.429166666666664,15.9,224.625,21.849999999999998,16.400000000000002,62.0,,0.5416666666666666,,64.125,38.333333333333336
2022-07-08,15.3375,12.0,245.83333333333334,35.895833333333336,17.420833333333334,43.125,,0.0,,51.833333333333336,28.875
2022-07-09,19.625,16.349999999999998,265.5,29.945833333333336,17.633333333333333,49.833333333333336,,0.0,,55.25,29.458333333333332
2022-07-10,17.745833333333334,14.120833333333332,243.29166666666666,22.65833333333333,13.183333333333332,50.333333333333336,,1.0,,58.291666666666664,31.916666666666668
2022-07-11,11.25,8.654166666666667,195.875,14.379166666666668,9.875,60.041666666666664,,0.875,,44.666666666666664,26.541666666666668
2022-07-12,13.1625,10.391666666666667,193.41666666666666,17.429166666666667,12.083333333333334,51.458333333333336,,1.0416666666666667,,36.333333333333336,23.125
2022-07-13,28.53333333333333,22.145833333333332,307.3333333333333,31.433333333333334,27.900000000000002,40.125,,0.0,,60.25,34.125
2022-07-14,36.0375,28.02916666666667,357.0,42.175000000000004,27.599999999999998,33.333333333333336,,0.0,,81.29166666666667,60.708333333333336
2022-07-15,14.450000000000001,10.841666666666667,208.70833333333334,20.904166666666665,10.783333333333333,42.5,,0.0,,62.958333333333336,37.916666666666664
2022-07-16,15.091666666666667,11.808333333333332,209.08333333333334,23.666666666666668,11.125,37.25,,0.0,,45.291666666666664,22.75
2022-07-17,28.866666666666664,22.691666666666666,320.75,39.487500000000004,24.079166666666666,22.458333333333332,,0.0,,61.791666666666664,35.333333333333336
2022-07-18,25.933333333333334,21.0,329.5,35.75833333333333,25.425,29.041666666666668,,0.0,,77.625,58.75
2022-07-19,10.795833333333334,8.091666666666667,178.75,16.633333333333333,9.566666666666666,35.375,,0.0,,43.041666666666664,23.625
2022-07-20,12.104166666666666,9.745833333333334,211.125,21.954166666666666,13.033333333333333,32.083333333333336,,0.0,,40.25,19.375
2022-07-21,11.233333333333334,9.333333333333334,204.66666666666666,19.337500000000002,10.045833333333333,37.083333333333336,,0.0,,37.541666666666664,19.458333333333332
2022-07-22,11.720833333333333,9.441666666666666,198.95833333333334,19.620833333333334,9.295833333333333,54.833333333333336,,0.0,,37.666666666666664,23.25
2022-07-23,19.67083333333333,16.129166666666666,307.2083333333333,35.208333333333336,14.9,43.625,,0.0,,49.916666666666664,27.333333333333332
2022-07-24,23.8,19.625,338.5,38.574999999999996,17.658333333333335,42.916666666666664,,0.0,,68.08333333333333,42.875
2022-07-25,24.912499999999998,20.495833333333334,355.2916666666667,38.53333333333333,20.775,37.416666666666664,,0.4583333333333333,,66.0,39.208333333333336
2022-07-26,18.191666666666666,15.216666666666667,288.125,37.05416666666667,17.599999999999998,44.875,,0.5416666666666666,,58.333333333333336,32.583333333333336
2022-07-27,33.21666666666666,27.1375,355.4166666666667,40.6625,25.8625,43.75,,0.75,,70.20833333333333,47.458333333333336
2022-07-28,30.337500000000002,22.90833333333333,377.3333333333333,39.2375,25.441666666666666,35.5,,0.4583333333333333,,83.83333333333333,62.208333333333336
2022-07-29,14.9625,10.35,193.25,19.991666666666667,12.004166666666668,43.125,,0.0,,51.166666666666664,27.458333333333332
2022-07-30,17.075,13.125,248.375,27.8875,15.554166666666667,39.541666666666664,,0.0,,51.083333333333336,26.708333333333332
2022-07-31,35.975,26.758333333333336,394.2916666666667,43.291666666666664,38.05833333333333,34.875,,0.0,,71.375,49.0
2022-08-01,20.391666666666666,14.941666666666668,267.7083333333333,31.241666666666664,25.65416666666667,46.666666666666664,,0.0,,63.375,38.916666666666664
2022-08-02,19.558333333333334,15.5375,272.25,31.816666666666666,21.670833333333334,43.583333333333336,,0.0,,57.666666666666664,31.125
2022-08-03,19.099999999999998,15.5375,287.7083333333333,31.65416666666667,22.46666666666667,43.333333333333336,,0.0,,58.083333333333336,31.541666666666668
2022-08-04,20.820833333333333,16.558333333333334,308.7083333333333,33.479166666666664,20.216666666666665,42.208333333333336,,0.0,,58.291666666666664,31.666666666666668
2022-08-05,21.004166666666666,16.941666666666666,308.5416666666667,33.083333333333336,19.308333333333334,46.916666666666664,,0.0,,59.791666666666664,33.208333333333336
2022-08-06,20.291666666666668,16.55,274.25,30.333333333333332,19.783333333333335,52.583333333333336,,0.0,,60.25,33.833333333333336
2022-08-07,21.55,15.679166666666667,297.625,35.75416666666667,19.179166666666667,42.541666666666664,,0.0,,58.583333333333336,32.25
2022-08-08,14.416666666666666,12.775,245.0,40.362500000000004,20.683333333333334,31.125,,0.0,,52.791666666666664,26.541666666666668
2022-08-09,13.987499999999999,11.954166666666666,232.41666666666666,34.016666666666666,15.200000000000001,35.0,,0.0,,52.208333333333336,26.041666666666668
2022-08-10,11.529166666666667,9.549999999999999,196.75,24.120833333333334,11.924999999999999,36.666666666666664,,0.0,,44.916666666666664,22.208333333333332
2022-08-11,13.954166666666666,12.120833333333332,254.70833333333334,32.4625,18.545833333333334,37.75,,0.0,,43.083333333333336,23.375
2022-08-12,43.15,34.35,463.4583333333333,54.32083333333333,34.141666666666666,30.916666666666668,,0.0,,80.04166666666667,54.125
2022-08-13,38.52916666666667,31.554166666666664,443.7083333333333,60.55416666666667,41.145833333333336,22.25,,0.0,,88.41666666666667,64.125
2022-08-14,36.020833333333336,29.275000000000002,416.5416666666667,45.020833333333336,26.46666666666667,37.916666666666664,,0.0,,97.16666666666667,67.29166666666667
2022-08-15,18.645833333333332,16.425,298.625,28.604166666666668,16.441666666666666,38.791666666666664,,0.0,,69.375,44.25
2022-08-16,14.020833333333334,11.691666666666668,230.41666666666666,20.395833333333332,13.887500000000001,50.041666666666664,,0.0,,50.708333333333336,27.125
2022-08-17,15.391666666666666,12.208333333333334,243.75,19.958333333333332,13.1875,54.25,,0.4583333333333333,,49.375,26.333333333333332
2022-08-18,15.820833333333333,13.658333333333333,273.0,22.554166666666664,13.4,47.833333333333336,,0.9583333333333334,,54.958333333333336,28.875
2022-08-19,12.8375,10.166666666666666,199.29166666666666,15.995833333333332,10.395833333333334,53.375,,0.9583333333333334,,42.791666666666664,24.291666666666668
2022-08-20,27.508333333333336,23.34583333333333,543.875,14.470833333333333,8.695833333333335,56.541666666666664,,2.8333333333333335,,58.333333333333336,33.666666666666664
2022-08-21,36.31666666666667,27.71666666666667,588.5,15.174999999999999,12.041666666666666,58.708333333333336,,4.041666666666667,,82.45833333333333,61.375
2022-08-22,26.825,20.224999999999998,336.125,21.925,18.841666666666665,51.75,,1.875,,76.375,55.75
2022-08-23,21.983333333333334,16.645833333333332,292.3333333333333,30.433333333333334,21.508333333333336,45.083333333333336,,0.5833333333333334,,61.416666666666664,34.666666666666664
2022-08-24,23.983333333333334,18.370833333333334,340.1666666666667,38.5375,28.849999999999998,43.083333333333336,,0.4583333333333333,,61.791666666666664,35.125
2022-08-25,40.229166666666664,30.45,442.9583333333333,54.487500000000004,43.225,39.0,,1.0,,73.58333333333333,50.708333333333336
2022-08-26,38.525,30.258333333333336,451.7083333333333,52.895833333333336,39.199999999999996,37.958333333333336,,0.9166666666666666,,93.20833333333333,65.875
2022-08-27,43.21666666666667,36.766666666666666,681.4166666666666,39.6875,20.420833333333334,55.333333333333336,,0.0,,93.66666666666667,66.04166666666667
2022-08-28,32.2875,24.391666666666666,363.6666666666667,30.72083333333333,17.1875,48.041666666666664,,4.208333333333333,,91.08333333333333,64.95833333333333
2022-08-29,36.233333333333334,22.391666666666666,277.6666666666667,27.066666666666666,18.429166666666667,46.458333333333336,,9.375,,74.375,53.75
2022-08-30,34.829166666666666,23.537499999999998,333.25,37.22083333333333,20.258333333333333,40.166666666666664,,7.75,,68.66666666666667,43.375
2022-08-31,15.5375,12.645833333333334,226.04166666666666,22.183333333333334,11.695833333333333,38.666666666666664,,1.0416666666666667,,70.91666666666667,48.458333333333336
2022-09-01,8.541666666666666,6.7250000000000005,162.5,15.049999999999999,8.145833333333334,35.125,,0.0,,31.5,17.125
2022-09-02,8.783333333333333,7.125,167.45833333333334,15.316666666666668,8.7125,30.083333333333332,,0.0,,28.333333333333332,14.125
2022-09-03,12.995833333333332,10.65,201.5,21.212500000000002,11.475,27.208333333333332,,0.0,,35.5,17.458333333333332
2022-09-04,17.787499999999998,13.25,244.20833333333334,25.666666666666668,14.366666666666667,25.083333333333332,,0.0,,51.833333333333336,25.791666666666668
2022-09-05,15.9375,12.845833333333333,233.45833333333334,24.104166666666668,14.733333333333334,17.041666666666668,,0.0,,52.708333333333336,26.583333333333332
2022-09-06,12.008333333333333,9.5875,182.25,18.7,12.129166666666668,30.25,,0.0,,44.083333333333336,21.208333333333332
2022-09-07,11.641666666666666,8.766666666666667,207.875,20.695833333333333,12.633333333333333,31.375,,0.0,,36.208333333333336,18.208333333333332
2022-09-08,11.666666666666666,10.0375,203.0,21.59583333333333,11.691666666666668,19.916666666666668,,0.0,,41.875,20.041666666666668
2022-09-09,15.975000000000001,13.674999999999999,251.41666666666666,30.004166666666666,19.291666666666668,20.916666666666668,,0.0,,44.833333333333336,21.708333333333332
2022-09-10,40.083333333333336,32.083333333333336,452.9583333333333,44.82916666666667,30.079166666666666,17.291666666666668,,0.0,,77.25,54.291666666666664
2022-09-11,31.3125,25.2625,348.75,36.425000000000004,31.099999999999998,23.583333333333332,,0.0,,88.83333333333333,64.25
2022-09-12,15.525,12.5625,231.58333333333334,24.224999999999998,17.404166666666665,30.083333333333332,,0.0,,59.75,34.375
2022-09-13,13.129166666666668,10.725,214.83333333333334,17.650000000000002,13.5,33.75,,0.08333333333333333,,48.375,23.25
2022-09-14,20.783333333333335,16.283333333333335,245.16666666666666,22.766666666666666,17.604166666666668,31.291666666666668,,2.4583333333333335,,46.208333333333336,22.875
2022-09-15,31.40833333333333,23.4375,405.75,37.12083333333333,25.808333333333334,10.958333333333334,,1.3333333333333333,,70.04166666666667,46.583333333333336
2022-09-16,23.412499999999998,17.779166666666665,283.6666666666667,29.445833333333336,23.7,25.916666666666668,,0.041666666666666664,,70.16666666666667,46.458333333333336
2022-09-17,16.05,11.033333333333333,202.125,19.541666666666668,11.754166666666668,38.916666666666664,,0.0,,54.291666666666664,28.25
2022-09-18,19.4875,13.254166666666668,232.5,23.929166666666664,20.725,33.625,,0.0,,49.625,24.583333333333332
2022-09-19,8.970833333333333,6.883333333333333,169.875,12.566666666666668,8.320833333333333,40.125,,0.125,,41.25,20.375
2022-09-20,13.725,10.049999999999999,214.375,18.375,11.895833333333334,27.416666666666668,,0.0,,26.25,14.708333333333334
2022-09-21,29.041666666666668,23.2,407.6666666666667,33.30416666666667,27.849999999999998,14.041666666666666,,0.0,,67.45833333333333,45.416666666666664
2022-09-22,16.9875,13.35,261.0416666666667,24.96666666666667,16.833333333333332,25.875,,0.5833333333333334,,56.5,30.958333333333332
2022-09-23,19.070833333333333,15.4375,296.75,33.854166666666664,20.241666666666667,17.333333333333332,,1.2916666666666667,,59.25,32.541666666666664
2022-09-24,12.204166666666666,8.279166666666667,228.29166666666666,24.304166666666664,8.441666666666666,18.166666666666668,,0.16666666666666666,,43.625,21.458333333333332
2022-09-25,21.066666666666666,18.054166666666667,295.75,28.96666666666667,22.95,11.791666666666666,,0.0,,43.666666666666664,21.458333333333332
2022-09-26,27.816666666666666,22.329166666666666,377.5416666666667,30.791666666666668,21.195833333333333,8.916666666666666,,0.0,,77.66666666666667,57.208333333333336
2022-09-27,33.045833333333334,27.308333333333334,411.5833333333333,33.02916666666667,35.65833333333333,19.875,,0.0,,77.5,54.333333333333336
2022-09-28,16.816666666666666,12.549999999999999,283.1666666666667,29.104166666666668,20.816666666666666,20.708333333333332,,0.0,,58.541666666666664,34.958333333333336
2022-09-29,35.637499999999996,28.554166666666664,472.1666666666667,40.00416666666667,40.4,11.375,,0.0,,72.75,50.75
2022-09-30,28.224999999999998,21.420833333333334,354.5,35.02916666666667,28.754166666666666,19.083333333333332,,0.0,,74.95833333333333,52.708333333333336
2022-10-01,40.3125,33.21666666666667,529.625,39.454166666666666,31.2,12.125,,0.0,,87.0,61.958333333333336
2022-10-02,15.716666666666667,12.333333333333334,232.79166666666666,25.15416666666667,15.375,26.291666666666668,,0.0,,68.33333333333333,43.25
2022-10-03,12.770833333333334,10.475,179.41666666666666,14.033333333333333,10.929166666666667,41.25,,1.125,,50.875,25.166666666666668
2022-10-04,13.533333333333333,10.104166666666666,185.08333333333334,16.974999999999998,16.4375,31.416666666666668,,0.0,,39.208333333333336,18.791666666666668
2022-10-05,19.129166666666666,14.1875,267.875,28.34583333333333,24.645833333333332,12.375,,0.0,,50.041666666666664,24.791666666666668
2022-10-06,21.849999999999998,16.900000000000002,279.9583333333333,29.183333333333334,22.791666666666668,12.833333333333334,,0.0,,57.0,30.5
2022-10-07,14.520833333333334,10.508333333333333,191.75,17.425,11.108333333333334,34.666666666666664,,0.0,,53.666666666666664,28.125
2022-10-08,18.958333333333332,12.541666666666666,213.41666666666666,22.491666666666664,14.954166666666666,32.208333333333336,,0.0,,49.333333333333336,24.125
2022-10-09,17.491666666666667,12.716666666666667,228.54166666666666,22.941666666666666,15.966666666666667,32.791666666666664,,0.0,,46.5,22.375
2022-10-10,17.125,14.979166666666666,260.1666666666667,28.900000000000002,16.620833333333334,20.416666666666668,,0.0,,54.5,28.25
2022-10-11,32.708333333333336,27.5625,461.9166666666667,42.98333333333333,34.670833333333334,12.375,,0.0,,65.83333333333333,40.666666666666664
2022-10-12,42.30833333333333,34.75416666666667,537.75,40.65,37.141666666666666,10.875,,0.0,,105.33333333333333,70.04166666666667
2022-10-13,26.537499999999998,19.958333333333332,316.1666666666667,34.68333333333333,21.2,15.541666666666666,,0.0,,71.54166666666667,46.0
2022-10-14,43.0875,33.300000000000004,535.75,47.04583333333333,35.63333333333333,10.708333333333334,,0.0,,85.625,61.166666666666664
2022-10-15,32.97083333333334,23.041666666666668,370.0833333333333,40.2125,29.762500000000003,13.208333333333334,,0.0,,85.79166666666667,63.0
2022-10-16,22.65416666666667,15.875,261.3333333333333,27.537499999999998,21.3,29.291666666666668,,0.0,,64.20833333333333,38.25
2022-10-17,17.720833333333335,12.529166666666667,203.0,17.470833333333335,14.299999999999999,37.75,,0.0,,52.375,26.291666666666668
2022-10-18,16.670833333333334,12.75,223.91666666666666,22.483333333333334,13.35,27.083333333333332,,0.0,,52.208333333333336,26.0
2022-10-19,34.579166666666666,27.77916666666667,467.9583333333333,43.57916666666667,37.30833333333333,11.416666666666666,,0.0,,67.54166666666667,44.291666666666664
2022-10-20,18.095833333333335,14.820833333333333,283.7916666666667,30.75,21.891666666666666,15.125,,0.0,,70.83333333333333,46.958333333333336
2022-10-21,22.52916666666667,15.916666666666666,298.2916666666667,34.49583333333333,23.875,14.75,,0.0,,54.416666666666664,28.208333333333332
2022-10-22,33.28333333333334,22.420833333333334,387.4166666666667,39.2125,32.00833333333333,5.416666666666667,,0.0,,66.04166666666667,40.708333333333336
2022-10-23,32.175000000000004,24.27916666666667,318.3333333333333,32.25,35.699999999999996,10.458333333333334,,0.0,,72.79166666666667,50.833333333333336
2022-10-24,19.5625,15.525,275.0833333333333,27.670833333333334,17.983333333333334,21.5,,0.0,,68.5,44.833333333333336
2022-10-25,47.708333333333336,37.925,545.375,48.275,51.895833333333336,5.5,,0.0,,77.625,51.958333333333336
2022-10-26,23.09583333333333,19.258333333333333,276.5416666666667,26.84166666666667,25.724999999999998,23.041666666666668,,0.0,,91.16666666666667,63.291666666666664
2022-10-27,35.608333333333334,29.55,418.0833333333333,37.824999999999996,55.55416666666667,8.916666666666666,,0.0,,68.95833333333333,44.166666666666664
2022-10-28,30.991666666666664,24.116666666666664,367.5,31.4375,36.6,4.875,,0.0,,93.04166666666667,65.875
2022-10-29,20.491666666666667,15.0875,250.83333333333334,23.541666666666668,15.770833333333334,15.916666666666666,,0.25,,60.5,34.625
2022-10-30,9.241666666666667,6.983333333333333,184.875,13.508333333333333,7.8500000000000005,37.458333333333336,,0.375,,47.083333333333336,24.583333333333332
2022-10-31,7.816666666666666,5.8625,159.20833333333334,13.270833333333334,8.254166666666666,44.958333333333336,,0.0,,24.25,17.958333333333332
2022-11-01,14.945833333333333,12.1625,223.16666666666666,27.795833333333334,15.991666666666667,31.625,,0.0,,31.0,17.291666666666668
2022-11-02,33.19583333333333,27.291666666666668,405.125,53.5375,37.72083333333333,8.75,,0.0,,70.95833333333333,48.416666666666664
2022-11-03,20.4875,17.0,284.2916666666667,42.3375,27.1125,13.5,,0.0,,68.5,44.166666666666664
2022-11-04,21.920833333333334,18.875,308.625,37.15,26.558333333333334,11.166666666666666,,0.0,,63.916666666666664,37.083333333333336
2022-11-05,32.57083333333333,25.912499999999998,369.75,38.65416666666666,32.199999999999996,6.041666666666667,,0.0,,65.66666666666667,39.958333333333336
2022-11-06,40.35,30.1875,345.25,40.512499999999996,43.22083333333333,10.708333333333334,,0.0,,97.95833333333333,67.54166666666667
2022-11-07,28.037499999999998,19.675,302.5416666666667,30.808333333333334,27.175,12.708333333333334,,0.2916666666666667,,68.66666666666667,43.291666666666664
2022-11-08,23.141666666666666,18.516666666666666,284.2916666666667,25.525000000000002,20.854166666666668,12.125,,0.5,,68.54166666666667,43.041666666666664
2022-11-09,23.604166666666668,17.150000000000002,259.625,24.59583333333333,18.733333333333334,14.166666666666666,,0.0,,60.5,33.833333333333336
2022-11-10,22.995833333333334,17.462500000000002,239.20833333333334,22.5625,17.554166666666667,27.916666666666668,,0.5416666666666666,,61.25,34.291666666666664
2022-11-11,21.0625,15.549999999999999,268.9583333333333,24.433333333333334,19.520833333333332,15.125,,0.20833333333333334,,60.833333333333336,34.0
2022-11-12,11.958333333333334,8.520833333333334,166.20833333333334,13.266666666666666,7.304166666666667,31.25,,0.0,,49.083333333333336,24.75
2022-11-13,6.9624999999999995,5.520833333333333,159.0,11.070833333333333,6.0125,39.666666666666664,,0.0,,28.416666666666668,15.833333333333334
2022-11-14,10.791666666666666,9.258333333333333,205.20833333333334,20.9875,11.483333333333334,44.5,,0.0,,26.75,18.333333333333332
2022-11-15,28.150000000000002,22.412499999999998,325.0833333333333,42.6875,32.737500000000004,20.0,,0.0,,59.958333333333336,35.833333333333336
2022-11-16,28.483333333333334,24.150000000000002,342.8333333333333,40.2125,27.608333333333334,22.875,,0.0,,64.875,39.166666666666664
2022-11-17,40.5,32.1,392.5833333333333,39.69166666666667,52.39166666666667,21.416666666666668,,0.0,,105.125,69.625
2022-11-18,12.254166666666668,9.533333333333333,225.375,27.454166666666666,14.945833333333333,28.958333333333332,,0.0,,53.416666666666664,31.875
2022-11-19,25.583333333333332,20.3875,348.5,33.958333333333336,22.420833333333334,19.25,,0.0,,59.666666666666664,34.541666666666664
2022-11-20,43.137499999999996,32.71666666666667,474.4583333333333,37.38333333333333,39.34583333333333,14.916666666666666,,0.0,,63.25,37.625
2022-11-21,38.86666666666667,30.166666666666668,410.1666666666667,37.74583333333333,36.7625,15.0,,0.0,,113.58333333333333,72.66666666666667
2022-11-22,13.095833333333333,11.216666666666667,242.75,20.495833333333334,13.895833333333334,25.416666666666668,,0.0,,63.833333333333336,38.583333333333336
2022-11-23,22.3875,18.720833333333335,328.5833333333333,28.724999999999998,25.125,8.666666666666666,,0.25,,53.375,27.833333333333332
2022-11-24,20.695833333333333,16.516666666666666,280.9583333333333,36.72083333333333,26.354166666666668,22.208333333333332,,0.0,,62.291666666666664,35.458333333333336
2022-11-25,21.787499999999998,17.654166666666665,301.125,33.03333333333333,25.462500000000002,33.5,,0.0,,61.083333333333336,34.416666666666664
2022-11-26,20.045833333333334,16.3875,253.5,23.120833333333334,21.458333333333332,42.375,,0.0,,61.0,34.125
2022-11-27,17.491666666666667,14.262500000000001,252.95833333333334,21.504166666666666,19.804166666666667,35.875,,0.0,,57.666666666666664,31.208333333333332
2022-11-28,16.145833333333332,13.229166666666666,240.75,24.795833333333334,21.183333333333334,48.125,,0.25,,51.916666666666664,25.791666666666668
2022-11-29,25.766666666666666,21.083333333333332,309.25,35.35,31.3875,39.5,,0.875,,58.75,32.166666666666664
2022-11-30,35.574999999999996,30.087500000000002,403.0833333333333,44.550000000000004,33.87916666666667,26.5,,0.2916666666666667,,81.25,59.291666666666664
2022-12-01,43.958333333333336,37.041666666666664,429.8333333333333,47.88333333333333,49.275,18.916666666666668,,0.0,,95.20833333333333,66.54166666666667
2022-12-02,34.041666666666664,28.766666666666666,347.1666666666667,36.083333333333336,30.741666666666664,35.791666666666664,,0.0,,97.25,67.33333333333333
2022-12-03,23.90833333333333,19.345833333333335,246.08333333333334,28.40416666666667,28.05,48.333333333333336,,0.0,,75.5,53.166666666666664
2022-12-04,29.766666666666666,22.383333333333336,311.5,40.020833333333336,40.737500000000004,33.041666666666664,,0.0,,67.58333333333333,41.833333333333336
2022-12-05,32.4,24.083333333333332,356.125,50.15833333333333,45.02916666666667,26.291666666666668,,0.0,,73.08333333333333,51.458333333333336
2022-12-06,27.416666666666668,20.604166666666668,313.125,41.8375,36.35,32.416666666666664,,0.0,,74.5,54.083333333333336
2022-12-07,20.575,15.991666666666667,264.625,30.270833333333332,28.162499999999998,46.041666666666664,,0.0,,64.04166666666667,37.333333333333336
2022-12-08,19.804166666666667,15.758333333333333,251.58333333333334,26.583333333333332,26.041666666666668,31.833333333333332,,0.0,,54.708333333333336,28.458333333333332
2022-12-09,36.06666666666667,30.84166666666667,405.5416666666667,42.25833333333333,39.987500000000004,12.125,,0.0,,72.95833333333333,49.875
2022-12-10,53.229166666666664,43.791666666666664,581.1666666666666,43.53333333333333,45.46666666666667,4.208333333333333,,0.0,,121.0,75.20833333333333
2022-12-11,22.462500000000002,19.333333333333332,326.5,29.333333333333332,17.337500000000002,17.166666666666668,,0.0,,83.20833333333333,56.041666666666664
2022-12-12,18.125,15.008333333333333,221.29166666666666,21.516666666666666,16.754166666666666,41.541666666666664,,1.2083333333333333,,60.0,33.333333333333336
2022-12-13,34.237500000000004,28.2625,469.2916666666667,39.8125,41.583333333333336,15.416666666666666,,0.2916666666666667,,60.458333333333336,35.083333333333336
2022-12-14,25.462500000000002,21.0,346.25,39.574999999999996,27.854166666666668,29.666666666666668,,0.0,,87.125,63.041666666666664
2022-12-15,26.912499999999998,21.241666666666667,310.9166666666667,35.30833333333333,31.675,22.458333333333332,,0.0,,68.33333333333333,42.541666666666664
2022-12-16,34.9625,29.77916666666667,484.8333333333333,39.34166666666667,39.574999999999996,17.791666666666668,,0.0,,66.625,41.0
2022-12-17,24.304166666666664,20.183333333333334,345.7083333333333,31.145833333333332,20.245833333333334,23.541666666666668,,0.0,,94.33333333333333,65.95833333333333
2022-12-18,11.233333333333334,9.604166666666666,232.45833333333334,20.866666666666667,10.041666666666666,39.625,,0.0,,49.666666666666664,25.25
2022-12-19,19.625,16.0125,262.3333333333333,26.808333333333334,15.791666666666666,36.708333333333336,,0.0,,51.708333333333336,26.625
2022-12-20,32.71666666666667,26.6875,383.25,39.954166666666666,29.358333333333334,26.166666666666668,,0.0,,62.916666666666664,36.958333333333336
2022-12-21,52.604166666666664,42.225,568.3333333333334,48.19583333333333,59.208333333333336,5.5,,0.0,,114.16666666666667,72.75
2022-12-22,26.520833333333332,20.433333333333334,334.4583333333333,30.733333333333334,19.1375,16.291666666666668,,0.0,,81.25,53.291666666666664
2022-12-23,30.208333333333332,23.962500000000002,347.6666666666667,31.09583333333333,25.491666666666664,7.583333333333333,,0.0,,77.04166666666667,56.625
2022-12-24,23.770833333333332,18.104166666666668,313.8333333333333,28.204166666666666,19.679166666666667,9.208333333333334,,0.0,,66.875,41.458333333333336
2022-12-25,34.25416666666667,24.275000000000002,352.5,47.81666666666666,27.2,20.041666666666668,,0.0,,62.0,35.625
2022-12-26,54.5,43.104166666666664,535.2916666666666,57.15,48.729166666666664,15.541666666666666,,0.0,,109.375,71.0
2022-12-27,18.533333333333335,15.512500000000001,256.6666666666667,23.858333333333334,19.979166666666668,35.833333333333336,,0.0,,84.375,55.25
2022-12-28,32.44583333333333,25.4875,433.3333333333333,39.75416666666667,47.15833333333333,16.625,,0.0,,64.66666666666667,40.75
2022-12-29,44.77916666666667,33.49166666666667,486.5,48.15416666666667,49.95416666666667,20.166666666666668,,0.0,,79.29166666666667,59.083333333333336
2022-12-30,35.125,29.004166666666666,403.0,39.708333333333336,32.80833333333333,7.666666666666667,,0.0,,102.58333333333333,69.16666666666667
2022-12-31,30.645833333333332,24.308333333333334,410.625,38.604166666666664,23.724999999999998,7.625,,0.0,,81.33333333333333,61.375
2023-01-01,19.570833333333333,15.85,319.6666666666667,26.71666666666667,19.708333333333332,21.916666666666668,,0.08333333333333333,,67.29166666666667,42.375
2023-01-02,16.212500000000002,12.304166666666667,285.4166666666667,31.895833333333332,21.245833333333334,35.083333333333336,,0.041666666666666664,,52.083333333333336,26.333333333333332
2023-01-03,22.8875,18.220833333333335,382.9166666666667,45.02916666666667,38.75416666666667,22.208333333333332,,0.08333333333333333,,61.5,34.958333333333336
2023-01-04,18.345833333333335,14.979166666666666,297.0833333333333,35.975,29.266666666666666,32.958333333333336,,0.0,,53.458333333333336,27.5
2023-01-05,31.2,25.108333333333334,432.2083333333333,52.34166666666667,53.3125,15.791666666666666,,0.0,,69.875,47.166666666666664
2023-01-06,27.233333333333334,18.650000000000002,453.6666666666667,44.1625,47.43333333333334,13.208333333333334,,0.0,,69.04166666666667,45.833333333333336
2023-01-07,43.80416666666667,34.18333333333333,631.5416666666666,54.57083333333333,57.362500000000004,13.916666666666666,,0.0,,77.75,53.875
2023-01-08,56.775,45.85833333333333,733.625,70.2375,68.8875,11.541666666666666,,0.0,,102.83333333333333,69.29166666666667
2023-01-09,54.112500000000004,47.99583333333334,653.9166666666666,54.1875,67.93333333333334,21.166666666666668,,0.0,,148.91666666666666,86.41666666666667
2023-01-10,22.008333333333336,18.075,266.3333333333333,32.69583333333333,33.829166666666666,52.625,,0.0,,83.625,55.083333333333336
2023-01-11,19.125,15.604166666666666,277.75,37.25416666666667,34.36666666666667,50.208333333333336,,0.0,,60.166666666666664,33.583333333333336
2023-01-12,21.941666666666666,18.370833333333334,306.2083333333333,39.31666666666667,37.18333333333333,46.458333333333336,,0.0,,60.0,33.291666666666664
2023-01-13,23.912499999999998,20.904166666666665,289.4583333333333,38.225,34.375,37.75,,0.8333333333333334,,64.875,38.125
2023-01-14,26.46666666666667,21.708333333333332,286.4583333333333,35.63333333333333,30.09166666666667,34.833333333333336,,1.3333333333333333,,70.79166666666667,47.291666666666664
2023-01-15,31.579166666666666,25.229166666666668,292.5,33.329166666666666,30.695833333333336,38.083333333333336,,7.375,,73.95833333333333,53.0
2023-01-16,45.862500000000004,32.74583333333333,328.0,34.1875,35.975,39.541666666666664,,13.833333333333334,,88.875,64.29166666666667
2023-01-17,31.616666666666664,26.429166666666664,329.7083333333333,34.487500000000004,40.795833333333334,30.333333333333332,,1.1666666666666667,,88.41666666666667,64.08333333333333
2023-01-18,25.59583333333333,20.133333333333333,257.8333333333333,29.179166666666664,32.675000000000004,44.625,,3.4166666666666665,,72.125,49.125
2023-01-19,27.016666666666666,22.629166666666666,291.2083333333333,31.295833333333334,32.65833333333333,35.25,,1.7083333333333333,,67.29166666666667,41.125
2023-01-20,32.90416666666667,26.6125,321.7083333333333,34.800000000000004,35.762499999999996,30.125,,2.5416666666666665,,77.79166666666667,58.583333333333336
2023-01-21,33.65416666666667,26.8,373.625,40.645833333333336,40.6,40.125,,1.6666666666666667,,82.5,61.666666666666664
2023-01-22,58.57916666666667,46.6,579.4583333333334,62.88333333333333,80.66666666666667,19.375,,1.2083333333333333,,96.25,66.70833333333333
2023-01-23,69.16250000000001,55.28333333333333,650.5,65.82083333333334,93.69583333333333,7.708333333333333,,2.4166666666666665,,143.625,82.375
2023-01-24,50.71666666666667,39.68333333333333,542.3333333333334,54.25,60.324999999999996,11.5,,2.8333333333333335,,137.5,80.5
2023-01-25,42.71666666666667,36.858333333333334,514.3333333333334,50.76666666666667,58.675000000000004,15.5,,0.0,,104.5,69.875
2023-01-26,21.116666666666667,18.470833333333335,295.7083333333333,36.5,28.4375,37.25,,0.0,,80.66666666666667,54.208333333333336
2023-01-27,30.041666666666668,25.0125,394.0416666666667,42.30416666666667,41.02916666666667,24.041666666666668,,0.0,,67.91666666666667,42.833333333333336
2023-01-28,61.07916666666667,45.00416666666666,628.6666666666666,66.75,91.5625,8.25,,0.0,,90.41666666666667,64.79166666666667
2023-01-29,56.0375,42.675000000000004,568.0,50.87916666666666,62.5625,13.0,,0.0,,144.33333333333334,83.83333333333333
2023-01-30,19.479166666666668,16.241666666666667,288.25,32.541666666666664,29.541666666666668,32.291666666666664,,0.0,,77.54166666666667,50.375
2023-01-31,20.929166666666667,17.270833333333332,307.125,30.712500000000002,27.645833333333332,31.458333333333332,,0.0,,58.25,31.708333333333332
2023-02-01,32.541666666666664,27.354166666666668,436.7083333333333,41.170833333333334,45.74583333333334,15.666666666666666,,0.0,,69.66666666666667,45.708333333333336
2023-02-02,36.229166666666664,30.84583333333333,424.75,39.737500000000004,46.30833333333334,16.875,,0.0,,89.04166666666667,64.375
2023-02-03,37.737500000000004,31.03333333333333,483.625,41.21666666666667,53.10833333333333,11.708333333333334,,0.0,,89.875,64.75
2023-02-04,62.112500000000004,49.275,720.25,49.31666666666666,75.90416666666667,2.9166666666666665,,0.0,,108.66666666666667,71.04166666666667
2023-02-05,44.85833333333333,36.416666666666664,562.2916666666666,40.93333333333333,51.68333333333334,5.125,,0.0,,124.25,76.25
2023-02-06,66.6625,53.262499999999996,773.2083333333334,62.59583333333333,113.22083333333335,7.041666666666667,,0.0,,105.29166666666667,69.91666666666667
2023-02-07,163.82500000000002,128.29166666666666,1851.3333333333333,97.09583333333335,246.5,2.625,,0.0,,169.75,114.79166666666667
2023-02-08,35.729166666666664,28.9875,478.1666666666667,47.791666666666664,38.420833333333334,23.958333333333332,,0.0,,156.375,107.5
2023-02-09,48.449999999999996,38.40833333333333,588.125,57.75416666666666,73.12083333333334,10.291666666666666,,0.0,,88.33333333333333,63.833333333333336
2023-02-10,28.429166666666664,23.920833333333334,331.25,32.37083333333333,26.075,46.208333333333336,,0.0,,95.29166666666667,66.29166666666667
2023-02-11,20.5,15.008333333333333,279.7083333333333,26.025000000000002,18.466666666666665,53.0,,0.0,,67.70833333333333,42.75
2023-02-12,13.691666666666668,10.354166666666666,260.125,25.02916666666667,15.558333333333332,51.458333333333336,,0.0,,48.25,25.541666666666668
2023-02-13,22.84583333333333,17.041666666666668,360.625,46.112500000000004,31.275000000000002,29.583333333333332,,0.0,,56.0,30.625
2023-02-14,14.108333333333334,10.475,270.8333333333333,33.958333333333336,20.216666666666665,44.25,,0.0,,51.083333333333336,25.666666666666668
2023-02-15,18.287499999999998,12.875,308.75,39.958333333333336,29.275000000000002,40.208333333333336,,0.0,,44.458333333333336,23.291666666666668
2023-02-16,33.262499999999996,25.037499999999998,485.6666666666667,56.895833333333336,49.6625,20.875,,0.0,,64.25,39.083333333333336
2023-02-17,55.62916666666666,43.90833333333333,713.5416666666666,61.2875,89.37916666666666,15.208333333333334,,0.0,,102.5,68.91666666666667
2023-02-18,24.7375,20.895833333333332,310.3333333333333,28.379166666666666,28.020833333333332,46.708333333333336,,0.0,,96.875,66.04166666666667
2023-02-19,17.016666666666666,12.970833333333333,280.0833333333333,25.587500000000002,27.15833333333333,54.041666666666664,,0.0,,55.75,29.458333333333332
2023-02-20,33.77916666666667,27.270833333333332,469.4166666666667,53.13333333333333,51.887499999999996,20.041666666666668,,0.0,,64.95833333333333,40.291666666666664
2023-02-21,34.9375,28.325,452.5833333333333,48.05833333333334,42.15,28.625,,0.0,,87.33333333333333,63.583333333333336
2023-02-22,22.745833333333334,18.754166666666666,382.6666666666667,35.00833333333333,29.991666666666664,49.0,,0.0,,74.91666666666667,53.291666666666664
2023-02-23,22.854166666666668,18.275000000000002,401.6666666666667,43.17083333333333,29.079166666666666,47.375,,0.0,,61.166666666666664,34.625
2023-02-24,26.6125,22.1125,377.0416666666667,42.137499999999996,34.204166666666666,43.208333333333336,,0.0,,68.29166666666667,42.791666666666664
2023-02-25,27.083333333333332,21.462500000000002,375.125,40.44583333333333,35.62916666666667,20.958333333333332,,0.0,,71.625,48.5
2023-02-26,16.704166666666666,12.895833333333334,270.0833333333333,19.716666666666665,15.825000000000001,43.541666666666664,,0.16666666666666666,,62.833333333333336,36.666666666666664
2023-02-27,17.337500000000002,13.841666666666667,325.0833333333333,31.004166666666666,22.304166666666664,42.5,,0.0,,48.5,23.5
2023-02-28,15.820833333333333,12.125,286.4166666666667,31.891666666666666,19.875,53.833333333333336,,0.0,,55.708333333333336,29.458333333333332
2023-03-01,17.533333333333335,13.3125,311.6666666666667,36.17916666666667,21.804166666666664,55.875,,0.0,,50.041666666666664,25.166666666666668
2023-03-02,17.733333333333334,12.8375,308.8333333333333,36.625,22.46666666666667,50.5,,0.0,,52.708333333333336,26.541666666666668
2023-03-03,19.825,15.762500000000001,338.7083333333333,40.52916666666667,24.004166666666666,45.25,,0.0,,52.0,26.166666666666668
2023-03-04,26.2625,21.087500000000002,390.5416666666667,44.458333333333336,33.074999999999996,33.208333333333336,,0.0,,67.16666666666667,42.333333333333336
2023-03-05,24.599999999999998,20.058333333333334,377.5416666666667,39.875,26.895833333333332,35.166666666666664,,0.0,,61.291666666666664,34.916666666666664
2023-03-06,33.574999999999996,24.933333333333334,442.9166666666667,49.291666666666664,43.270833333333336,26.583333333333332,,0.0,,80.79166666666667,58.916666666666664
2023-03-07,40.833333333333336,32.47083333333333,538.625,54.270833333333336,51.46666666666667,31.625,,0.0,,73.29166666666667,50.083333333333336
2023-03-08,42.59583333333333,34.69583333333333,482.3333333333333,50.00416666666666,47.89166666666667,30.833333333333332,,0.0,,115.20833333333333,73.20833333333333
2023-03-09,24.579166666666666,20.020833333333332,394.5,43.88333333333333,36.795833333333334,47.75,,0.0,,70.25,45.416666666666664
2023-03-10,39.583333333333336,30.854166666666668,571.9166666666666,58.675000000000004,49.19166666666666,25.541666666666668,,0.0,,79.41666666666667,58.5
2023-03-11,30.3125,24.333333333333332,414.2916666666667,37.94166666666667,32.266666666666666,43.0,,0.0,,93.58333333333333,66.04166666666667
2023-03-12,15.75,12.658333333333333,288.4583333333333,24.337500000000002,16.358333333333334,46.916666666666664,,0.0,,57.958333333333336,32.291666666666664
2023-03-13,18.5,14.75,328.6666666666667,36.09583333333334,24.59166666666667,60.333333333333336,,0.0,,51.208333333333336,27.583333333333332
2023-03-14,20.962500000000002,16.5125,279.25,29.22083333333333,21.929166666666664,58.458333333333336,,0.0,,60.458333333333336,33.791666666666664
2023-03-15,27.491666666666664,22.066666666666666,351.0833333333333,35.0,30.0625,48.708333333333336,,0.041666666666666664,,61.291666666666664,34.916666666666664
2023-03-16,59.99166666666667,48.199999999999996,732.9166666666666,61.09583333333333,69.95833333333333,12.375,,0.9166666666666666,,94.79166666666667,64.75
2023-03-17,24.90833333333333,20.295833333333334,350.125,46.7875,28.0125,40.875,,0.0,,105.29166666666667,66.54166666666667
2023-03-18,31.925,26.59583333333333,419.125,49.237500000000004,35.775,40.708333333333336,,0.0,,78.5,56.958333333333336
2023-03-19,52.25833333333333,40.675000000000004,600.8333333333334,60.56666666666666,65.9125,32.125,,0.0,,86.625,63.375
2023-03-20,66.92916666666666,53.225,808.8333333333334,81.43333333333334,79.58333333333333,19.583333333333332,,0.0,,137.75,80.625
2023-03-21,38.574999999999996,31.195833333333336,483.0,56.362500000000004,41.041666666666664,35.291666666666664,,0.08333333333333333,,120.16666666666667,74.75
2023-03-22,33.50833333333333,27.333333333333332,481.9583333333333,47.449999999999996,37.27916666666667,20.291666666666668,,0.0,,82.5,61.916666666666664
2023-03-23,23.808333333333334,19.645833333333332,353.4166666666667,37.15,25.45,44.333333333333336,,0.0,,76.83333333333333,55.583333333333336
2023-03-24,25.179166666666664,19.254166666666666,392.625,39.19166666666667,22.704166666666666,38.5,,0.0,,64.625,37.791666666666664
2023-03-25,29.2,24.316666666666666,394.4583333333333,44.65,23.291666666666668,31.208333333333332,,0.0,,71.04166666666667,47.75
2023-03-26,51.791666666666664,41.59583333333333,693.4583333333334,61.25,49.12916666666666,9.125,,0.0,,100.25,67.91666666666667
2023-03-27,34.92916666666667,27.462500000000002,488.3333333333333,53.6,39.516666666666666,19.958333333333332,,0.0,,96.58333333333333,66.83333333333333
2023-03-28,37.65416666666667,29.5,506.8333333333333,42.84583333333333,47.44583333333333,29.125,,0.0,,86.79166666666667,63.541666666666664
2023-03-29,18.787499999999998,15.308333333333332,266.875,26.454166666666666,21.46666666666667,39.791666666666664,,0.0,,67.08333333333333,42.75
2023-03-30,29.087500000000002,22.15416666666667,382.5416666666667,44.291666666666664,39.670833333333334,19.625,,0.0,,67.33333333333333,42.75
2023-03-31,25.208333333333332,20.787499999999998,360.0,50.75833333333333,35.141666666666666,26.125,,0.0,,64.54166666666667,38.541666666666664
2023-04-01,40.1875,32.5875,530.5416666666666,46.62916666666666,48.19166666666666,23.166666666666668,,0.0,,89.16666666666667,62.666666666666664
2023-04-02,30.520833333333332,23.870833333333334,344.0,37.15,30.837500000000002,32.041666666666664,,0.0,,78.70833333333333,56.333333333333336
2023-04-03,50.26666666666667,40.270833333333336,572.4583333333334,55.625,52.512499999999996,16.625,,0.16666666666666666,,95.08333333333333,66.08333333333333
2023-04-04,43.708333333333336,34.6875,510.6666666666667,53.44166666666666,55.125,17.958333333333332,,1.7916666666666667,,99.54166666666667,68.16666666666667
2023-04-05,35.391666666666666,28.962500000000002,401.4166666666667,36.0375,30.825,24.375,,2.0,,99.83333333333333,68.25
2023-04-06,18.054166666666667,14.341666666666667,251.125,23.929166666666664,17.520833333333332,41.208333333333336,,0.7083333333333334,,68.79166666666667,44.541666666666664
2023-04-07,14.283333333333333,11.695833333333333,266.625,27.400000000000002,21.158333333333335,45.708333333333336,,0.0,,49.375,25.291666666666668
2023-04-08,25.383333333333336,21.208333333333332,341.8333333333333,33.09166666666667,28.358333333333334,35.916666666666664,,0.0,,58.291666666666664,31.833333333333332
2023-04-09,41.016666666666666,32.80416666666667,470.75,44.63333333333333,46.06666666666666,27.125,,0.9166666666666666,,84.58333333333333,61.0
2023-04-10,57.887499999999996,46.262499999999996,649.2083333333334,66.8125,72.05416666666666,17.75,,0.16666666666666666,,107.16666666666667,70.45833333333333
2023-04-11,57.62083333333334,45.06666666666666,700.0833333333334,64.41250000000001,71.04166666666667,26.541666666666668,,0.5833333333333334,,131.625,78.58333333333333
2023-04-12,55.675000000000004,44.99166666666667,654.2916666666666,58.30833333333334,63.6,31.791666666666668,,1.0,,130.375,77.95833333333333
2023-04-13,23.295833333333334,19.145833333333332,294.4583333333333,29.108333333333334,20.629166666666666,47.541666666666664,,0.8333333333333334,,88.875,62.333333333333336
2023-04-14,9.095833333333333,7.129166666666666,185.33333333333334,16.099999999999998,12.191666666666668,66.16666666666667,,0.0,,43.916666666666664,29.625
2023-04-15,14.279166666666667,11.891666666666666,248.54166666666666,23.066666666666666,17.020833333333332,63.375,,0.0,,37.0,25.625
2023-04-16,23.400000000000002,19.233333333333334,306.7916666666667,32.079166666666666,30.166666666666668,48.833333333333336,,0.0,,58.083333333333336,31.625
2023-04-17,43.84166666666667,34.983333333333334,543.4166666666666,54.625,55.520833333333336,24.333333333333332,,0.375,,81.08333333333333,57.541666666666664
2023-04-18,54.54583333333333,41.0875,654.2083333333334,56.729166666666664,54.137499999999996,24.5,,1.0,,118.125,74.20833333333333
2023-04-19,25.554166666666664,19.5125,312.8333333333333,35.15416666666667,24.208333333333332,48.041666666666664,,0.9583333333333334,,82.41666666666667,55.833333333333336
2023-04-20,29.09583333333333,24.34166666666667,370.6666666666667,42.324999999999996,30.566666666666666,40.041666666666664,,0.875,,72.54166666666667,50.583333333333336
2023-04-21,21.354166666666668,16.704166666666666,329.4166666666667,46.07083333333333,29.875,40.0,,0.16666666666666666,,66.83333333333333,41.958333333333336
2023-04-22,24.84583333333333,19.3125,354.5416666666667,45.699999999999996,31.141666666666666,32.833333333333336,,0.0,,60.333333333333336,34.166666666666664
2023-04-23,35.52916666666666,27.558333333333334,500.8333333333333,49.84583333333333,38.93333333333333,32.125,,0.0,,82.125,59.916666666666664
2023-04-24,35.4375,27.59166666666667,466.1666666666667,51.4375,51.75,34.625,,0.125,,79.08333333333333,59.708333333333336
2023-04-25,38.80416666666667,30.3875,463.875,44.9125,49.416666666666664,30.083333333333332,,2.625,,88.20833333333333,64.08333333333333
2023-04-26,22.791666666666668,18.258333333333333,380.9166666666667,43.112500000000004,27.708333333333332,26.416666666666668,,1.2916666666666667,,70.25,45.458333333333336
2023-04-27,45.2875,36.916666666666664,546.5416666666666,55.36666666666667,52.69166666666666,31.708333333333332,,2.125,,88.58333333333333,60.583333333333336
2023-04-28,29.09583333333333,23.433333333333334,351.625,40.47083333333333,31.358333333333334,30.416666666666668,,0.75,,90.70833333333333,64.83333333333333
2023-04-29,14.299999999999999,11.066666666666668,255.04166666666666,29.9375,16.658333333333335,55.083333333333336,,0.0,,49.791666666666664,31.833333333333332
2023-04-30,25.7625,19.045833333333334,354.9166666666667,37.449999999999996,27.641666666666666,40.833333333333336,,0.0,,64.0,38.625
2023-05-01,19.337500000000002,15.454166666666666,295.0833333333333,39.141666666666666,22.34166666666667,39.125,,0.25,,56.291666666666664,29.875
2023-05-02,22.8875,18.0,350.1666666666667,45.375,32.67916666666667,37.166666666666664,,0.0,,60.958333333333336,34.333333333333336
2023-05-03,18.754166666666666,15.237499999999999,279.7083333333333,33.525,21.78333333333333,41.583333333333336,,0.0,,57.291666666666664,31.041666666666668
2023-05-04,29.866666666666664,24.037499999999998,414.4583333333333,53.17916666666667,40.5625,32.25,,0.0,,68.375,44.333333333333336
2023-05-05,17.958333333333332,14.933333333333332,283.375,36.75833333333333,22.400000000000002,43.25,,0.0,,67.83333333333333,43.416666666666664
2023-05-06,12.316666666666668,10.104166666666666,209.04166666666666,25.645833333333332,13.695833333333333,54.666666666666664,,0.0,,47.583333333333336,27.291666666666668
2023-05-07,17.587500000000002,14.729166666666666,264.0,35.4625,18.416666666666668,49.125,,0.0,,48.125,27.583333333333332
2023-05-08,29.3875,22.479166666666668,369.8333333333333,51.5625,37.541666666666664,33.5,,0.0,,67.375,42.875
2023-05-09,50.39166666666667,39.233333333333334,616.0833333333334,73.2625,69.38333333333334,25.208333333333332,,0.0,,91.70833333333333,64.33333333333333
2023-05-10,40.166666666666664,32.300000000000004,517.125,64.46249999999999,45.65,31.5,,0.0,,99.91666666666667,68.20833333333333
2023-05-11,40.61666666666667,29.816666666666666,510.7916666666667,55.71666666666667,46.9625,32.708333333333336,,0.0,,91.08333333333333,65.04166666666667
2023-05-12,36.8625,29.15416666666667,475.9583333333333,57.75,39.0625,36.333333333333336,,0.0,,89.08333333333333,64.33333333333333
2023-05-13,20.433333333333334,15.9625,269.6666666666667,33.55416666666667,16.162499999999998,57.416666666666664,,0.0,,68.04166666666667,43.625
2023-05-14,15.645833333333334,11.758333333333333,248.70833333333334,34.125,17.291666666666668,39.875,,0.0,,53.5,28.166666666666668
2023-05-15,25.366666666666664,20.316666666666666,383.7916666666667,44.84166666666667,37.8375,36.5,,0.0,,57.958333333333336,31.791666666666668
2023-05-16,30.179166666666664,24.075,415.5833333333333,37.24166666666667,35.6,41.75,,0.0,,76.375,56.708333333333336
2023-05-17,29.675,23.15416666666667,370.4583333333333,45.4375,40.69583333333333,41.625,,0.0,,71.75,48.791666666666664
2023-05-18,31.0,23.895833333333332,379.8333333333333,44.03333333333333,37.704166666666666,45.0,,0.5833333333333334,,75.95833333333333,56.791666666666664
2023-05-19,18.608333333333334,13.833333333333334,259.75,38.791666666666664,21.670833333333334,39.583333333333336,,0.5833333333333334,,63.416666666666664,38.166666666666664
2023-05-20,14.9125,10.816666666666668,226.04166666666666,31.254166666666666,16.216666666666665,29.125,,0.0,,48.041666666666664,23.375
2023-05-21,23.395833333333332,18.679166666666667,311.375,38.270833333333336,34.24166666666667,31.791666666666668,,0.0,,51.833333333333336,26.75
2023-05-22,36.1625,28.733333333333334,448.5,49.07083333333333,42.15416666666667,25.416666666666668,,0.5,,81.83333333333333,59.166666666666664
2023-05-23,28.791666666666668,22.541666666666668,374.1666666666667,38.074999999999996,32.141666666666666,28.125,,1.2083333333333333,,75.0,53.416666666666664
2023-05-24,40.71666666666667,31.5125,451.4583333333333,50.49166666666667,52.18333333333334,26.541666666666668,,5.416666666666667,,76.66666666666667,54.666666666666664
2023-05-25,60.541666666666664,49.44583333333333,679.9166666666666,65.22916666666667,77.71666666666667,18.083333333333332,,4.458333333333333,,124.41666666666667,76.20833333333333
2023-05-26,31.09166666666667,24.420833333333334,439.9166666666667,51.175000000000004,34.204166666666666,40.708333333333336,,1.0833333333333333,,102.75,68.70833333333333
2023-05-27,21.47083333333333,16.8125,305.875,31.695833333333336,17.041666666666668,53.166666666666664,,0.125,,70.70833333333333,47.291666666666664
2023-05-28,12.904166666666667,9.575000000000001,215.20833333333334,22.829166666666666,13.3125,43.75,,0.0,,44.25,23.333333333333332
2023-05-29,19.150000000000002,14.966666666666667,303.875,39.59166666666667,28.516666666666666,41.833333333333336,,0.0,,50.125,27.333333333333332
2023-05-30,36.61666666666667,27.995833333333334,468.375,60.71666666666667,58.30416666666667,41.041666666666664,,0.0,,70.91666666666667,48.166666666666664
2023-05-31,19.337500000000002,15.333333333333334,291.8333333333333,40.833333333333336,21.579166666666666,40.25,,0.0,,71.5,47.666666666666664
2023-06-01,20.466666666666665,16.858333333333334,302.75,38.82083333333333,22.1875,40.583333333333336,,0.0,,58.958333333333336,32.333333333333336
2023-06-02,30.733333333333334,23.84583333333333,380.625,46.20416666666667,36.87083333333333,38.541666666666664,,0.0,,66.75,41.916666666666664
2023-06-03,19.229166666666668,14.991666666666667,262.2083333333333,37.175000000000004,18.212500000000002,34.208333333333336,,0.0,,68.20833333333333,44.458333333333336
2023-06-04,13.787500000000001,10.354166666666666,218.79166666666666,27.425,15.241666666666667,38.125,,0.0,,45.25,23.458333333333332
2023-06-05,17.191666666666666,13.516666666666666,258.5,32.125,19.316666666666666,36.041666666666664,,0.0,,48.875,24.125
2023-06-06,19.808333333333334,15.816666666666668,296.8333333333333,33.97083333333333,19.470833333333335,34.083333333333336,,0.0,,57.291666666666664,30.916666666666668
2023-06-07,20.916666666666668,15.345833333333333,288.875,34.1,20.441666666666666,38.916666666666664,,0.3333333333333333,,57.041666666666664,30.75
2023-06-08,30.141666666666666,23.1125,399.5416666666667,50.362500000000004,38.895833333333336,39.166666666666664,,0.0,,64.95833333333333,38.916666666666664
2023-06-09,23.0125,16.945833333333333,331.8333333333333,40.324999999999996,23.704166666666666,43.125,,0.125,,69.79166666666667,45.708333333333336
2023-06-10,12.195833333333333,8.8375,185.66666666666666,26.075,12.983333333333334,35.083333333333336,,0.0,,46.458333333333336,23.041666666666668
2023-06-11,12.433333333333332,9.708333333333334,177.95833333333334,20.445833333333333,12.012500000000001,44.875,,0.0,,39.166666666666664,21.166666666666668
2023-06-12,12.708333333333334,9.720833333333333,191.58333333333334,20.979166666666668,13.375,46.208333333333336,,0.0,,40.166666666666664,22.166666666666668
2023-06-13,18.191666666666666,14.575000000000001,235.70833333333334,26.791666666666668,16.55,47.916666666666664,,0.0,,48.958333333333336,25.458333333333332
2023-06-14,24.037499999999998,18.795833333333334,314.0833333333333,34.824999999999996,26.629166666666666,47.333333333333336,,0.0,,61.875,35.208333333333336
2023-06-15,23.520833333333332,19.1875,297.75,39.166666666666664,25.566666666666666,55.041666666666664,,0.0,,64.125,37.375
2023-06-16,29.837500000000002,23.779166666666665,401.0,57.50833333333333,35.391666666666666,40.291666666666664,,0.0,,72.45833333333333,50.125
2023-06-17,20.7625,15.262500000000001,283.625,31.53333333333333,19.983333333333334,43.166666666666664,,0.0,,64.25,38.833333333333336
2023-06-18,17.891666666666666,12.737499999999999,229.95833333333334,29.083333333333332,20.266666666666666,41.291666666666664,,0.0,,52.75,26.541666666666668
2023-06-19,16.7625,12.841666666666667,243.45833333333334,37.516666666666666,24.941666666666666,36.833333333333336,,0.0,,49.583333333333336,25.75
2023-06-20,24.233333333333334,18.537499999999998,333.0416666666667,37.44166666666667,24.304166666666664,30.458333333333332,,0.0,,65.45833333333333,40.166666666666664
2023-06-21,23.1375,17.570833333333333,296.875,36.737500000000004,29.979166666666668,34.541666666666664,,0.0,,58.333333333333336,31.625
2023-06-22,32.05416666666667,25.645833333333332,379.6666666666667,42.99583333333334,38.829166666666666,38.541666666666664,,0.0,,75.16666666666667,54.041666666666664
2023-06-23,35.199999999999996,27.90833333333333,438.0,50.862500000000004,46.0875,29.458333333333332,,0.041666666666666664,,70.75,47.291666666666664
2023-06-24,19.025000000000002,14.575000000000001,282.125,35.55416666666667,15.220833333333333,33.375,,0.0,,74.95833333333333,51.291666666666664
2023-06-25,39.07083333333333,31.03333333333333,404.4166666666667,42.15833333333333,41.30416666666667,40.416666666666664,,0.0,,76.41666666666667,53.083333333333336
2023-06-26,25.291666666666668,20.25,307.7916666666667,36.729166666666664,26.820833333333336,35.125,,0.0,,78.45833333333333,56.291666666666664
2023-06-27,21.829166666666666,16.808333333333334,283.0833333333333,31.34166666666667,24.15416666666667,35.75,,0.0,,59.833333333333336,33.291666666666664
2023-06-28,22.90416666666667,18.233333333333334,290.25,33.17916666666667,25.133333333333336,36.583333333333336,,0.3333333333333333,,64.45833333333333,37.625
2023-06-29,19.383333333333333,14.7875,282.625,29.991666666666664,27.912499999999998,43.875,,0.08333333333333333,,57.75,31.291666666666668
2023-06-30,24.208333333333332,19.254166666666666,373.1666666666667,44.225,30.175,26.041666666666668,,0.0,,57.875,31.708333333333332
2023-07-01,15.549999999999999,12.766666666666666,248.375,24.358333333333334,11.770833333333334,41.666666666666664,,0.0,,62.125,35.541666666666664
2023-07-02,16.425,11.766666666666666,257.1666666666667,25.266666666666666,12.75,47.0,,0.0,,47.666666666666664,24.916666666666668
2023-07-03,16.470833333333335,11.637500000000001,271.8333333333333,27.5125,16.679166666666667,49.0,,0.0,,50.375,26.291666666666668
2023-07-04,25.241666666666664,16.995833333333334,333.1666666666667,36.96666666666667,24.1375,49.541666666666664,,0.0,,54.375,29.25
2023-07-05,29.775000000000002,22.295833333333334,409.0,43.60833333333333,29.241666666666664,43.833333333333336,,0.0,,66.66666666666667,41.166666666666664
2023-07-06,40.07083333333333,30.979166666666668,501.0,50.19166666666666,52.09166666666667,55.541666666666664,,0.0,,83.66666666666667,61.041666666666664
2023-07-07,25.96666666666667,20.566666666666666,358.125,41.8375,29.78333333333333,53.583333333333336,,0.08333333333333333,,75.66666666666667,51.833333333333336
2023-07-08,23.116666666666664,17.541666666666668,362.0416666666667,37.520833333333336,18.633333333333333,41.875,,0.0,,68.33333333333333,43.208333333333336
2023-07-09,19.645833333333332,14.520833333333334,295.7083333333333,32.90416666666667,19.270833333333332,40.875,,0.0,,58.625,32.083333333333336
2023-07-10,11.641666666666666,8.375,195.75,20.9375,13.195833333333333,33.791666666666664,,0.0,,42.5,21.041666666666668
2023-07-11,12.058333333333332,8.545833333333333,203.16666666666666,23.941666666666666,14.9,25.583333333333332,,0.0,,32.833333333333336,15.916666666666666
2023-07-12,13.554166666666667,10.091666666666667,218.125,23.495833333333334,14.8375,33.208333333333336,,0.125,,39.125,18.916666666666668
2023-07-13,14.120833333333332,10.691666666666668,264.4583333333333,30.145833333333332,15.441666666666668,33.833333333333336,,0.08333333333333333,,43.083333333333336,20.916666666666668
2023-07-14,25.6875,18.162499999999998,319.25,36.68333333333333,21.90416666666667,29.291666666666668,,3.1666666666666665,,54.0,28.333333333333332
2023-07-15,21.662499999999998,16.0625,336.4583333333333,32.13333333333333,18.308333333333334,28.916666666666668,,1.3333333333333333,,64.70833333333333,37.916666666666664
2023-07-16,19.141666666666666,14.2125,285.2916666666667,27.291666666666668,14.329166666666666,38.166666666666664,,0.125,,53.833333333333336,27.875
2023-07-17,27.933333333333334,21.95,403.8333333333333,45.25,29.558333333333334,44.875,,0.375,,60.5,34.5
2023-07-18,28.40416666666667,22.587500000000002,406.2916666666667,47.475,34.80416666666667,49.5,,0.0,,78.625,58.541666666666664
2023-07-19,8.670833333333333,6.116666666666667,199.5,16.770833333333332,9.4125,50.666666666666664,,0.0,,46.458333333333336,26.958333333333332
2023-07-20,10.950000000000001,7.520833333333333,213.45833333333334,19.933333333333334,12.316666666666668,45.083333333333336,,0.0,,27.333333333333332,19.625
2023-07-21,16.75,11.691666666666668,278.8333333333333,31.733333333333334,20.025000000000002,38.708333333333336,,0.0,,43.958333333333336,23.333333333333332
2023-07-22,14.183333333333332,9.987499999999999,244.58333333333334,24.97083333333333,13.479166666666666,43.166666666666664,,0.0,,43.25,23.625
2023-07-23,18.870833333333334,13.370833333333332,309.2916666666667,31.337500000000002,19.5375,41.5,,0.0,,50.5,26.208333333333332
2023-07-24,15.958333333333334,11.745833333333332,289.3333333333333,30.375,19.837500000000002,38.625,,0.0,,46.416666666666664,22.708333333333332
2023-07-25,23.3625,18.058333333333334,398.2916666666667,39.458333333333336,30.037499999999998,38.0,,0.0,,57.583333333333336,31.083333333333332
2023-07-26,22.025000000000002,16.654166666666665,317.0,31.787499999999998,24.3875,53.666666666666664,,0.9166666666666666,,60.958333333333336,34.375
2023-07-27,30.4375,24.320833333333336,405.2083333333333,41.333333333333336,36.420833333333334,47.458333333333336,,1.0,,67.29166666666667,43.0
2023-07-28,22.3875,17.291666666666668,330.5833333333333,35.199999999999996,21.65416666666667,49.583333333333336,,1.3333333333333333,,70.66666666666667,47.416666666666664
2023-07-29,14.112499999999999,10.6,278.4166666666667,35.041666666666664,15.7875,36.583333333333336,,0.0,,50.833333333333336,26.333333333333332
2023-07-30,18.525000000000002,14.179166666666667,330.8333333333333,33.50833333333333,15.975,41.208333333333336,,0.0,,52.166666666666664,27.541666666666668
2023-07-31,20.408333333333335,15.258333333333333,380.0833333333333,41.3125,23.412499999999998,37.958333333333336,,0.0,,54.75,29.5
2023-08-01,40.387499999999996,31.4875,495.4166666666667,52.725,52.94166666666666,42.208333333333336,,0.0,,76.41666666666667,52.75
2023-08-02,31.025000000000002,25.554166666666664,428.0,40.9375,40.2875,42.416666666666664,,0.0,,85.75,63.083333333333336
2023-08-03,28.837500000000002,23.304166666666664,388.3333333333333,45.02916666666667,37.375,51.75,,0.0,,73.04166666666667,51.041666666666664
2023-08-04,25.054166666666664,20.64166666666667,402.4583333333333,43.31666666666666,25.008333333333336,43.291666666666664,,0.0,,74.0,53.25
2023-08-05,29.7375,23.27916666666667,460.6666666666667,52.94166666666666,28.2375,44.75,,0.0,,70.375,46.125
2023-08-06,29.045833333333334,24.275000000000002,397.9166666666667,39.4125,27.349999999999998,64.125,,0.0,,77.54166666666667,59.125
2023-08-07,16.779166666666665,13.633333333333333,259.125,22.78333333333333,15.608333333333334,62.5,,0.0,,61.791666666666664,36.166666666666664
2023-08-08,25.3,20.133333333333333,331.9583333333333,38.791666666666664,31.066666666666666,53.333333333333336,,0.6666666666666666,,54.75,29.041666666666668
2023-08-09,28.474999999999998,22.575,381.125,48.35,26.541666666666668,40.708333333333336,,0.3333333333333333,,76.04166666666667,55.958333333333336
2023-08-10,21.875,17.670833333333334,337.875,43.25833333333333,25.320833333333336,41.958333333333336,,0.0,,64.91666666666667,39.208333333333336
2023-08-11,21.4375,17.308333333333334,338.3333333333333,36.525,19.4875,49.0,,0.4583333333333333,,62.625,35.791666666666664
2023-08-12,18.6375,15.104166666666666,281.8333333333333,26.3625,14.529166666666667,52.833333333333336,,1.0833333333333333,,60.333333333333336,33.791666666666664
2023-08-13,18.079166666666666,13.691666666666668,275.625,26.641666666666666,19.525000000000002,45.541666666666664,,0.4583333333333333,,53.666666666666664,27.458333333333332
2023-08-14,18.995833333333334,14.729166666666666,309.2083333333333,32.9,18.0125,42.375,,0.16666666666666666,,53.75,28.083333333333332
2023-08-15,24.004166666666666,18.9875,374.75,41.0,22.8125,41.583333333333336,,0.125,,62.791666666666664,36.041666666666664
2023-08-16,23.375,17.787499999999998,363.8333333333333,42.0875,23.770833333333332,36.916666666666664,,0.0,,62.375,35.583333333333336
2023-08-17,44.93333333333334,35.02916666666667,588.0,71.4375,58.15833333333333,24.958333333333332,,0.0,,82.375,57.25
2023-08-18,51.5875,39.43333333333333,591.0416666666666,69.75416666666666,51.9375,37.291666666666664,,0.5416666666666666,,112.125,72.20833333333333
2023-08-19,24.320833333333336,19.470833333333335,360.375,45.60833333333333,26.670833333333334,36.041666666666664,,0.08333333333333333,,78.54166666666667,51.75
2023-08-20,27.837500000000002,22.037499999999998,412.875,45.71666666666667,26.162499999999998,40.833333333333336,,0.5,,71.875,49.333333333333336
2023-08-21,20.104166666666668,15.85,322.375,42.262499999999996,26.7375,29.5,,0.0,,58.791666666666664,34.125
2023-08-22,63.729166666666664,48.79583333333333,710.9166666666666,67.15416666666667,70.0,22.708333333333332,,0.0,,105.83333333333333,66.16666666666667
2023-08-23,23.9375,18.983333333333334,392.7916666666667,41.6625,23.483333333333334,25.125,,0.0,,94.375,62.666666666666664
2023-08-24,21.52916666666667,17.5625,352.6666666666667,44.32083333333333,27.304166666666664,18.583333333333332,,0.0,,60.666666666666664,34.083333333333336
2023-08-25,31.504166666666666,25.208333333333332,441.2916666666667,51.87083333333334,47.833333333333336,20.333333333333332,,0.0,,68.08333333333333,43.541666666666664
2023-08-26,37.09583333333333,30.15833333333333,496.3333333333333,46.67916666666667,35.27916666666667,30.125,,0.0,,90.16666666666667,64.625
2023-08-27,33.65416666666666,26.28333333333333,470.0416666666667,44.43333333333334,28.083333333333332,25.041666666666668,,0.0,,80.58333333333333,60.875
2023-08-28,33.1875,27.6375,456.25,47.55833333333334,40.425000000000004,24.75,,0.0,,85.29166666666667,62.833333333333336
2023-08-29,38.737500000000004,30.3125,468.75,49.8125,52.29583333333333,20.125,,0.0,,71.79166666666667,48.333333333333336
2023-08-30,52.70416666666667,43.29583333333333,618.875,66.125,63.07083333333333,25.458333333333332,,0.75,,124.79166666666667,76.29166666666667
2023-08-31,32.25416666666667,27.195833333333336,374.5833333333333,36.6875,33.395833333333336,50.125,,0.5416666666666666,,90.125,64.625
2023-09-01,30.141666666666666,23.8125,365.9583333333333,37.44583333333333,34.520833333333336,46.125,,0.375,,79.875,60.5
2023-09-02,38.2875,30.712500000000002,501.125,52.895833333333336,44.9125,20.708333333333332,,0.08333333333333333,,77.83333333333333,56.458333333333336
2023-09-03,29.175,22.641666666666666,446.75,48.458333333333336,26.795833333333334,34.75,,0.0,,84.20833333333333,60.833333333333336
2023-09-04,32.88333333333333,26.7375,500.3333333333333,50.75833333333333,34.8375,26.916666666666668,,0.0,,82.16666666666667,61.208333333333336
2023-09-05,28.241666666666664,22.650000000000002,472.3333333333333,49.4625,33.275,30.25,,0.0,,73.625,52.208333333333336
2023-09-06,18.216666666666665,13.012500000000001,300.9166666666667,30.745833333333334,18.325,38.25,,0.0,,63.291666666666664,37.583333333333336
2023-09-07,12.020833333333334,8.920833333333333,275.0833333333333,25.254166666666666,15.9625,30.625,,0.0,,41.416666666666664,20.583333333333332
2023-09-08,12.691666666666668,9.820833333333333,279.9583333333333,29.645833333333332,15.970833333333333,28.75,,0.0,,39.041666666666664,19.0
2023-09-09,16.191666666666666,12.375,301.0833333333333,33.262499999999996,17.870833333333334,23.416666666666668,,0.0,,45.208333333333336,21.708333333333332
2023-09-10,31.191666666666666,23.566666666666666,417.875,42.2125,28.516666666666666,23.416666666666668,,0.0,,58.291666666666664,31.958333333333332
2023-09-11,66.08333333333333,49.5875,808.875,69.62916666666666,78.75,13.333333333333334,,0.0,,114.83333333333333,72.70833333333333
2023-09-12,41.55416666666667,32.46666666666667,543.7916666666666,48.73333333333333,53.92916666666667,23.708333333333332,,0.0,,107.33333333333333,70.58333333333333
2023-09-13,42.295833333333334,32.36666666666667,569.875,47.9625,55.050000000000004,23.083333333333332,,0.5416666666666666,,95.0,66.45833333333333
2023-09-14,41.0,31.583333333333332,539.125,46.979166666666664,48.21666666666667,25.958333333333332,,1.0,,95.25,66.58333333333333
2023-09-15,37.9,30.900000000000002,548.3333333333334,49.737500000000004,43.916666666666664,19.75,,0.2916666666666667,,87.29166666666667,63.5
2023-09-16,22.099999999999998,17.245833333333334,364.9166666666667,37.387499999999996,23.745833333333334,22.916666666666668,,0.0,,77.66666666666667,53.375
2023-09-17,45.98333333333333,36.862500000000004,625.4583333333334,47.35,50.20416666666667,22.5,,0.0,,87.91666666666667,58.541666666666664
2023-09-18,26.891666666666666,21.020833333333332,419.7083333333333,43.71666666666667,28.8,24.833333333333332,,0.0,,75.33333333333333,48.666666666666664
2023-09-19,33.32083333333333,25.133333333333336,451.4166666666667,44.13333333333333,36.94166666666667,23.0,,0.0,,76.79166666666667,56.208333333333336
2023-09-20,26.325,19.17083333333333,309.0833333333333,28.71666666666667,22.90833333333333,49.958333333333336,,0.5833333333333334,,73.16666666666667,51.458333333333336
2023-09-21,34.025,26.075,458.125,44.74583333333334,39.025,28.125,,1.25,,65.83333333333333,39.625
2023-09-22,44.76666666666667,35.791666666666664,645.7916666666666,53.62916666666666,51.2875,22.208333333333332,,1.0833333333333333,,101.79166666666667,68.83333333333333
2023-09-23,28.724999999999998,20.645833333333332,328.3333333333333,35.333333333333336,23.133333333333336,36.583333333333336,,2.75,,81.0,58.291666666666664
2023-09-24,32.4375,18.45,305.5,29.625,21.395833333333332,37.875,,6.625,,63.208333333333336,36.458333333333336
2023-09-25,23.291666666666668,18.070833333333333,357.0416666666667,39.5625,26.224999999999998,30.333333333333332,,1.5416666666666667,,64.79166666666667,37.833333333333336
2023-09-26,51.3125,39.07083333333333,702.4583333333334,64.28333333333333,65.74166666666666,10.791666666666666,,0.0,,84.91666666666667,57.625
2023-09-27,42.9,33.6875,637.6666666666666,58.208333333333336,44.01666666666667,19.0,,0.0,,100.95833333333333,68.5
2023-09-28,34.87083333333333,25.77916666666667,479.375,45.52916666666667,32.3125,26.708333333333332,,0.875,,93.08333333333333,65.91666666666667
2023-09-29,39.891666666666666,30.875,507.7916666666667,51.90416666666667,40.666666666666664,20.666666666666668,,2.7083333333333335,,78.95833333333333,57.916666666666664
2023-09-30,30.954166666666666,23.204166666666666,365.375,36.18333333333333,21.383333333333336,37.458333333333336,,2.125,,86.79166666666667,63.25
2023-10-01,18.233333333333334,12.887500000000001,296.25,29.179166666666664,17.504166666666666,38.0,,0.4583333333333333,,60.958333333333336,35.208333333333336
2023-10-02,21.0125,15.466666666666667,405.0833333333333,38.18333333333333,26.745833333333334,18.125,,0.0,,53.041666666666664,26.916666666666668
2023-10-03,20.495833333333334,15.016666666666666,363.5833333333333,33.608333333333334,27.724999999999998,25.0,,0.0,,59.083333333333336,32.625
2023-10-04,16.7,12.983333333333334,253.75,21.354166666666668,16.279166666666665,45.75,,0.16666666666666666,,54.041666666666664,27.75
2023-10-05,15.924999999999999,11.804166666666667,326.5833333333333,28.97083333333333,20.070833333333333,30.291666666666668,,0.0,,47.458333333333336,22.958333333333332
2023-10-06,12.549999999999999,9.862499999999999,289.4583333333333,22.05,16.45,34.041666666666664,,0.0,,49.083333333333336,23.625
2023-10-07,12.783333333333333,9.516666666666667,295.125,24.59583333333333,15.066666666666668,32.666666666666664,,0.0,,39.0,18.75
2023-10-08,5.779166666666666,4.470833333333333,227.5,12.299999999999999,7.1625000000000005,39.416666666666664,,0.0,,27.833333333333332,16.25
2023-10-09,8.487499999999999,6.420833333333333,268.1666666666667,20.820833333333333,12.5,31.333333333333332,,0.0,,21.416666666666668,13.75
2023-10-10,13.716666666666667,9.916666666666666,315.6666666666667,29.525000000000002,18.787499999999998,22.791666666666668,,0.0,,33.375,16.75
2023-10-11,18.891666666666666,13.5625,359.5,30.629166666666666,28.3625,25.875,,0.0,,51.541666666666664,26.291666666666668
2023-10-12,16.6125,12.262500000000001,254.125,19.70416666666667,13.695833333333333,44.958333333333336,,2.6666666666666665,,48.458333333333336,23.458333333333332
2023-10-13,13.379166666666668,8.583333333333334,276.9166666666667,24.84166666666667,15.341666666666667,35.375,,0.0,,42.375,21.791666666666668
2023-10-14,21.608333333333334,14.549999999999999,295.7916666666667,25.133333333333336,16.295833333333334,34.208333333333336,,1.3333333333333333,,47.5,23.333333333333332
2023-10-15,23.916666666666668,16.904166666666665,298.5833333333333,27.583333333333332,18.462500000000002,36.083333333333336,,1.8333333333333333,,60.25,33.666666666666664
2023-10-16,28.25,20.083333333333332,433.7916666666667,40.55833333333333,36.27916666666667,9.541666666666666,,0.0,,61.791666666666664,35.166666666666664
2023-10-17,12.104166666666666,9.375,281.5,24.745833333333334,14.887500000000001,27.666666666666668,,0.0,,56.375,30.666666666666668
2023-10-18,17.837500000000002,13.329166666666666,353.4583333333333,30.74166666666667,27.2375,21.458333333333332,,0.0,,39.291666666666664,19.375
2023-10-19,41.574999999999996,33.708333333333336,596.6666666666666,44.475,65.89999999999999,6.458333333333333,,0.0,,71.45833333333333,47.208333333333336
2023-10-20,45.604166666666664,35.729166666666664,638.2083333333334,33.69166666666667,52.425000000000004,4.875,,0.0,,113.875,72.875
2023-10-21,18.458333333333332,15.104166666666666,344.9166666666667,29.370833333333334,21.229166666666668,15.125,,0.0,,65.91666666666667,40.166666666666664
2023-10-22,29.929166666666664,22.09166666666667,440.375,35.96666666666667,43.19583333333333,12.041666666666666,,0.16666666666666666,,73.58333333333333,52.416666666666664
2023-10-23,36.5375,28.9875,595.7083333333334,35.020833333333336,44.93333333333334,3.9166666666666665,,1.4166666666666667,,73.08333333333333,48.791666666666664
2023-10-24,17.933333333333334,13.725,311.2916666666667,34.7875,25.2375,12.291666666666666,,0.0,,70.0,46.708333333333336
2023-10-25,35.583333333333336,25.679166666666664,513.0833333333334,50.8125,53.862500000000004,11.291666666666666,,0.0,,67.33333333333333,43.166666666666664
2023-10-26,16.3625,13.612499999999999,302.875,25.895833333333332,21.758333333333336,29.083333333333332,,0.0,,68.0,44.0
2023-10-27,12.329166666666666,9.025,283.5,23.150000000000002,21.216666666666665,25.458333333333332,,0.0,,42.75,20.625
2023-10-28,15.308333333333332,11.387500000000001,324.0416666666667,24.054166666666664,20.658333333333335,11.5,,0.0,,43.958333333333336,21.041666666666668
2023-10-29,20.166666666666668,15.541666666666666,344.6666666666667,27.520833333333332,21.7375,8.0,,0.0,,51.416666666666664,25.666666666666668
2023-10-30,26.816666666666666,19.775,424.875,35.858333333333334,35.37083333333333,12.0,,0.0,,64.95833333333333,38.166666666666664
2023-10-31,35.975,27.929166666666664,515.75,43.729166666666664,38.30416666666667,11.75,,0.0,,69.75,45.333333333333336
2023-11-01,33.387499999999996,26.4875,365.125,37.045833333333334,31.525000000000002,19.333333333333332,,1.625,,82.75,61.875
2023-11-02,21.537499999999998,17.7,354.5,36.43333333333333,24.962500000000002,14.375,,0.4166666666666667,,77.08333333333333,55.708333333333336
2023-11-03,42.25416666666667,34.93333333333333,577.7916666666666,49.62916666666666,59.69583333333333,7.166666666666667,,0.0,,72.375,47.25
2023-11-04,23.65416666666667,18.05,316.25,26.325,26.795833333333334,19.041666666666668,,0.08333333333333333,,89.79166666666667,62.208333333333336
2023-11-05,21.816666666666666,16.491666666666667,233.79166666666666,19.895833333333332,17.820833333333333,32.791666666666664,,2.5833333333333335,,55.833333333333336,29.458333333333332
2023-11-06,23.608333333333334,18.054166666666667,310.5833333333333,31.6125,28.166666666666668,17.875,,0.5833333333333334,,63.625,36.791666666666664
2023-11-07,18.616666666666667,14.866666666666667,353.8333333333333,30.058333333333334,22.462500000000002,13.0,,0.0,,58.958333333333336,32.291666666666664
2023-11-08,26.7,21.34583333333333,409.2916666666667,34.49166666666667,31.2375,10.541666666666666,,0.0,,58.625,32.083333333333336
2023-11-09,63.25833333333333,50.925000000000004,826.5833333333334,47.6875,65.95833333333333,3.0416666666666665,,0.0,,115.29166666666667,72.0
2023-11-10,31.366666666666664,24.59166666666667,458.4166666666667,39.108333333333334,39.1,6.708333333333333,,0.0,,100.91666666666667,67.625
2023-11-11,29.583333333333332,23.516666666666666,378.9166666666667,34.925000000000004,31.325,12.666666666666666,,0.0,,73.79166666666667,52.875
2023-11-12,16.341666666666665,13.137500000000001,264.6666666666667,20.254166666666666,15.816666666666668,29.375,,0.0,,66.91666666666667,42.875
2023-11-13,14.741666666666667,11.25,286.0,23.825,20.658333333333335,18.583333333333332,,0.0,,48.083333333333336,23.166666666666668
2023-11-14,15.720833333333333,12.450000000000001,297.7083333333333,27.683333333333334,18.7625,16.708333333333332,,0.0,,44.916666666666664,21.541666666666668
2023-11-15,51.07083333333333,38.82083333333333,699.7916666666666,46.7125,68.40833333333333,3.8333333333333335,,0.0,,73.29166666666667,47.916666666666664
2023-11-16,44.291666666666664,35.81666666666667,566.8333333333334,46.6875,64.52916666666667,2.5,,0.0,,117.66666666666667,74.16666666666667
2023-11-17,25.895833333333332,21.1375,411.9166666666667,56.487500000000004,39.520833333333336,15.708333333333334,,0.0,,77.25,51.791666666666664
2023-11-18,82.12083333333334,66.28333333333333,943.4583333333334,74.01666666666667,119.22500000000001,4.916666666666667,,0.0,,102.5,67.58333333333333
2023-11-19,67.83333333333333,50.604166666666664,684.9166666666666,63.80416666666667,99.55416666666667,4.25,,0.0,,157.04166666666666,95.41666666666667
2023-11-20,33.02916666666667,27.270833333333332,362.3333333333333,46.24166666666667,46.15,16.833333333333332,,0.0,,109.04166666666667,71.04166666666667
2023-11-21,18.216666666666665,14.204166666666666,298.125,38.30833333333333,25.491666666666664,31.875,,0.0,,66.70833333333333,42.291666666666664
2023-11-22,14.404166666666667,10.929166666666667,283.25,31.775000000000002,23.0,45.375,,0.0,,49.375,23.958333333333332
2023-11-23,12.695833333333333,9.745833333333334,277.0416666666667,32.175000000000004,23.45,49.125,,0.0,,43.041666666666664,21.291666666666668
2023-11-24,24.929166666666664,19.108333333333334,416.625,43.56666666666666,53.7875,19.083333333333332,,0.0,,46.958333333333336,23.833333333333332
2023-11-25,49.275,41.09583333333334,734.0416666666666,54.770833333333336,63.51666666666667,5.75,,0.0,,83.125,59.041666666666664
2023-11-26,39.1625,33.300000000000004,589.875,44.050000000000004,45.020833333333336,13.875,,0.0,,128.625,77.625
2023-11-27,11.708333333333334,9.129166666666666,261.2916666666667,24.0625,19.099999999999998,33.0,,0.8333333333333334,,57.958333333333336,34.166666666666664
2023-11-28,20.8125,14.091666666666667,343.4583333333333,33.824999999999996,30.59583333333333,25.458333333333332,,0.0,,45.458333333333336,22.166666666666668
2023-11-29,30.370833333333334,24.875,411.9166666666667,36.266666666666666,35.237500000000004,21.041666666666668,,0.0,,72.29166666666667,50.458333333333336
2023-11-30,16.420833333333334,11.820833333333333,318.0416666666667,28.6375,28.40416666666667,29.541666666666668,,0.0,,57.166666666666664,32.583333333333336
2023-12-01,34.63333333333333,27.46666666666667,484.8333333333333,41.041666666666664,55.512499999999996,15.541666666666666,,0.0,,64.41666666666667,40.166666666666664
2023-12-02,53.1875,41.487500000000004,710.1666666666666,50.6,61.12083333333334,4.708333333333333,,0.0,,103.5,69.33333333333333
2023-12-03,25.025000000000002,19.150000000000002,368.25,32.1,31.15833333333333,25.458333333333332,,0.0,,92.54166666666667,63.291666666666664
2023-12-04,22.370833333333334,16.462500000000002,422.7083333333333,35.37916666666667,28.962500000000002,19.583333333333332,,0.0,,56.041666666666664,29.583333333333332
2023-12-05,60.34583333333333,48.60833333333333,942.75,48.62083333333334,88.50833333333333,3.2916666666666665,,0.0,,90.58333333333333,58.625
2023-12-06,118.43333333333334,94.36666666666667,1562.9583333333333,74.84583333333333,206.13333333333333,0.7916666666666666,,0.0,,156.45833333333334,96.70833333333333
2023-12-07,45.583333333333336,37.05416666666667,678.0,45.71666666666667,65.57083333333334,8.166666666666666,,0.0,,151.25,96.75
2023-12-08,26.525000000000002,21.358333333333334,463.4583333333333,35.07083333333333,36.59583333333333,22.666666666666668,,0.0,,85.08333333333333,61.75
2023-12-09,17.116666666666667,12.670833333333334,357.375,27.3125,23.425,36.666666666666664,,0.0,,57.916666666666664,31.625
2023-12-10,17.454166666666666,13.579166666666666,317.5,25.037499999999998,24.96666666666667,41.291666666666664,,0.4583333333333333,,52.416666666666664,26.166666666666668
2023-12-11,19.925,14.204166666666666,310.9583333333333,27.52916666666667,34.06666666666667,39.0,,0.6666666666666666,,54.791666666666664,28.5
2023-12-12,16.091666666666665,10.945833333333333,271.7083333333333,24.84166666666667,33.4375,43.041666666666664,,0.041666666666666664,,50.208333333333336,24.666666666666668
2023-12-13,17.575,11.833333333333334,290.0,26.8875,34.125,45.5,,0.0,,44.708333333333336,21.583333333333332
2023-12-14,19.879166666666666,13.700000000000001,331.9166666666667,29.679166666666664,36.875,39.5,,0.2916666666666667,,53.416666666666664,27.333333333333332
2023-12-15,20.741666666666667,16.041666666666668,405.7916666666667,36.354166666666664,36.762499999999996,27.708333333333332,,0.0,,52.458333333333336,26.833333333333332
2023-12-16,22.483333333333334,17.258333333333333,429.125,32.545833333333334,25.025000000000002,15.166666666666666,,0.0,,62.375,35.5
2023-12-17,14.670833333333334,11.479166666666666,300.75,27.483333333333334,18.070833333333333,36.541666666666664,,0.0,,57.916666666666664,31.541666666666668
2023-12-18,16.3875,12.924999999999999,346.875,38.479166666666664,25.433333333333334,26.541666666666668,,0.0,,44.416666666666664,22.583333333333332
2023-12-19,14.358333333333334,11.783333333333333,317.7916666666667,31.0,22.6875,20.708333333333332,,0.0,,52.583333333333336,26.458333333333332
2023-12-20,21.895833333333332,16.070833333333333,411.125,33.07083333333333,29.208333333333332,18.166666666666668,,0.0,,47.208333333333336,23.041666666666668
2023-12-21,23.733333333333334,19.304166666666667,455.8333333333333,33.604166666666664,41.00833333333333,9.375,,0.0,,68.75,44.125
2023-12-22,23.474999999999998,18.7,333.9583333333333,32.9625,31.84166666666667,26.333333333333332,,0.0,,61.125,34.5
2023-12-23,26.204166666666666,21.583333333333332,415.75,36.59583333333333,36.4125,18.541666666666668,,0.0,,65.70833333333333,38.833333333333336
2023-12-24,29.09166666666667,22.370833333333334,421.9583333333333,41.574999999999996,33.85,17.666666666666668,,0.0,,75.83333333333333,56.541666666666664
2023-12-25,27.537499999999998,19.3625,423.5416666666667,40.15416666666667,44.15,17.041666666666668,,0.0,,67.25,41.0
2023-12-26,23.712500000000002,17.525,411.4166666666667,39.525,40.104166666666664,19.625,,0.0,,65.29166666666667,38.666666666666664
2023-12-27,48.725,38.520833333333336,739.3333333333334,59.145833333333336,89.94583333333333,8.833333333333334,,0.0,,85.83333333333333,53.583333333333336
2023-12-28,25.833333333333332,19.083333333333332,451.0833333333333,43.458333333333336,36.6,16.958333333333332,,0.0,,89.0,59.916666666666664
2023-12-29,27.40833333333333,22.204166666666666,450.375,44.35833333333333,41.47083333333333,16.083333333333332,,0.0,,65.95833333333333,39.916666666666664
2023-12-30,17.708333333333332,14.1875,375.2916666666667,35.1625,21.116666666666667,18.791666666666668,,0.0,,62.458333333333336,36.875
2023-12-31,17.275000000000002,14.808333333333332,366.5,31.891666666666666,22.09166666666667,19.458333333333332,,0.0,,60.541666666666664,33.875
2024-01-01,43.01666666666667,30.608333333333334,494.95,43.36666666666667,47.25416666666666,18.429166666666667,,0.0,,59.25,33.791666666666664
2024-01-02,27.666666666666668,22.150000000000002,371.625,41.354166666666664,34.59166666666667,24.041666666666668,,0.0,,95.16666666666667,66.33333333333333
2024-01-03,34.170833333333334,27.883333333333336,415.0833333333333,48.0875,44.887499999999996,12.166666666666666,,0.0,,70.91666666666667,46.916666666666664
2024-01-04,43.87916666666666,36.94166666666667,484.375,50.63333333333333,61.625,10.333333333333334,,0.0,,93.875,66.04166666666667
2024-01-05,52.9375,42.895833333333336,543.375,58.895833333333336,69.87916666666666,8.083333333333334,,0.0,,109.91666666666667,71.58333333333333
2024-01-06,54.39166666666667,45.40416666666667,620.625,55.87083333333334,75.92916666666666,5.0,,0.0,,119.75,74.79166666666667
2024-01-07,46.92083333333333,36.762499999999996,519.2083333333334,45.47083333333333,50.07083333333333,11.375,,0.0,,118.58333333333333,74.41666666666667
2024-01-08,47.20416666666667,37.44166666666667,506.4166666666667,64.52916666666667,60.54583333333333,12.25,,0.0,,110.25,71.70833333333333
2024-01-09,20.820833333333333,15.625,297.7916666666667,38.15833333333333,28.820833333333336,34.25,,0.0,,78.16666666666667,52.208333333333336
2024-01-10,37.6,29.391666666666666,422.7083333333333,45.39166666666667,54.04583333333334,19.375,,0.0,,61.833333333333336,36.291666666666664
2024-01-11,11.6,9.262500000000001,226.58333333333334,24.679166666666664,16.020833333333332,41.25,,0.0,,77.45833333333333,53.875
2024-01-12,21.133333333333333,16.1375,314.0416666666667,35.24166666666667,23.55,37.458333333333336,,0.0,,39.375,22.375
2024-01-13,46.44166666666666,38.27916666666667,597.5,59.80416666666667,55.666666666666664,9.583333333333334,,0.0,,83.125,56.333333333333336
2024-01-14,33.800000000000004,27.599999999999998,365.5,38.75833333333333,39.02916666666667,23.791666666666668,,0.0,,100.04166666666667,68.25
2024-01-15,23.0125,19.345833333333335,283.125,31.245833333333334,30.745833333333334,28.041666666666668,,0.0,,73.33333333333333,50.583333333333336
2024-01-16,32.275,26.195833333333336,348.8333333333333,39.18333333333333,40.295833333333334,24.791666666666668,,0.0,,69.83333333333333,45.791666666666664
2024-01-17,19.508333333333333,15.633333333333333,291.875,31.15416666666667,23.162499999999998,28.583333333333332,,0.0,,72.29166666666667,49.833333333333336
2024-01-18,23.041666666666668,17.995833333333334,299.0416666666667,34.525,35.891666666666666,37.0,,0.0,,63.75,37.25
2024-01-19,36.96666666666667,29.09166666666667,450.2083333333333,48.50416666666666,45.19166666666666,13.291666666666666,,0.0,,65.20833333333333,40.208333333333336
2024-01-20,40.391666666666666,32.97083333333333,453.875,50.275,41.958333333333336,9.333333333333334,,0.0,,94.33333333333333,66.29166666666667
2024-01-21,38.50833333333333,31.958333333333332,450.2083333333333,48.40833333333333,48.17083333333333,12.333333333333334,,0.0,,91.70833333333333,65.20833333333333
2024-01-22,26.295833333333334,20.962500000000002,309.625,35.829166666666666,31.083333333333332,33.708333333333336,,0.0,,86.375,62.5
2024-01-23,20.025,17.133333333333333,261.5416666666667,22.920833333333334,20.504166666666666,43.083333333333336,,0.0,,63.041666666666664,36.458333333333336
2024-01-24,22.733333333333334,18.604166666666668,282.25,29.0,25.4875,31.416666666666668,,0.0,,61.541666666666664,34.791666666666664
2024-01-25,26.837500000000002,22.3125,295.8333333333333,33.8375,38.475,28.166666666666668,,0.0,,68.16666666666667,42.583333333333336
2024-01-26,53.875,46.50416666666666,560.7916666666666,48.79583333333333,71.09583333333333,8.541666666666666,,0.0,,88.25,61.625
2024-01-27,47.7875,38.479166666666664,522.75,46.479166666666664,54.52916666666667,5.0,,0.0,,129.29166666666666,77.70833333333333
2024-01-28,60.916666666666664,51.262499999999996,671.7916666666666,49.79583333333333,72.2,2.4583333333333335,,0.0,,118.16666666666667,74.25
2024-01-29,36.25,29.075,375.375,42.275,38.324999999999996,19.458333333333332,,0.0,,122.91666666666667,75.66666666666667
2024-01-30,37.708333333333336,28.004166666666666,403.625,41.2125,33.12916666666667,22.666666666666668,,0.0,,74.16666666666667,51.875
2024-01-31,58.791666666666664,46.324999999999996,565.0416666666666,49.9375,75.05,3.375,,0.0,,116.29166666666667,73.5
2024-02-01,36.68333333333333,31.354166666666668,385.25,35.5,31.925,13.375,,0.5833333333333334,,108.25,71.0
2024-02-02,16.370833333333334,13.112499999999999,256.9166666666667,29.733333333333334,20.679166666666667,45.458333333333336,,0.0,,70.20833333333333,46.333333333333336
2024-02-03,20.875,17.320833333333333,306.7916666666667,33.93333333333333,31.166666666666668,32.708333333333336,,0.0,,52.5,26.416666666666668
2024-02-04,13.987499999999999,11.658333333333333,239.875,23.5125,17.770833333333332,42.416666666666664,,0.0,,58.791666666666664,32.25
2024-02-05,42.77916666666667,37.00833333333333,507.375,56.67083333333333,58.37083333333334,21.625,,0.0,,65.66666666666667,41.75
2024-02-06,34.37916666666667,26.0,409.4166666666667,54.13333333333333,39.300000000000004,19.125,,0.0,,98.95833333333333,67.70833333333333
2024-02-07,38.887499999999996,32.675,419.2916666666667,45.38333333333333,47.275,17.458333333333332,,0.0,,98.08333333333333,67.375
2024-02-08,23.974999999999998,19.55,358.6666666666667,37.641666666666666,29.583333333333332,29.0,,0.0,,69.91666666666667,44.416666666666664
2024-02-09,33.87083333333333,28.0,448.5,47.612500000000004,37.37916666666667,21.833333333333332,,0.0,,70.54166666666667,46.333333333333336
2024-02-10,79.08333333333333,65.12916666666666,866.9166666666666,73.80833333333334,95.29583333333333,6.125,,0.0,,121.66666666666667,76.41666666666667
2024-02-11,32.0,28.037499999999998,396.8333333333333,38.77916666666667,39.579166666666666,27.125,,0.0,,133.25,81.33333333333333
2024-02-12,28.233333333333334,24.258333333333336,366.1666666666667,45.0625,45.63333333333333,21.333333333333332,,0.0,,74.16666666666667,52.416666666666664
2024-02-13,22.34166666666667,18.833333333333332,311.625,34.729166666666664,27.075,31.166666666666668,,0.0,,73.79166666666667,52.791666666666664
2024-02-14,17.983333333333334,14.570833333333333,330.5833333333333,28.1875,25.020833333333332,47.666666666666664,,0.0,,60.125,33.5
2024-02-15,17.275000000000002,13.933333333333332,322.0833333333333,29.245833333333334,29.333333333333332,47.75,,0.0,,53.083333333333336,26.958333333333332
2024-02-16,30.983333333333334,25.570833333333336,416.0833333333333,47.875,47.78333333333333,29.75,,0.0,,64.45833333333333,39.291666666666664
2024-02-17,24.491666666666664,20.795833333333334,322.3333333333333,31.34583333333333,29.670833333333334,40.75,,0.5416666666666666,,80.04166666666667,59.458333333333336
2024-02-18,13.454166666666667,10.720833333333333,245.5,19.879166666666666,16.525000000000002,51.208333333333336,,0.25,,55.041666666666664,29.458333333333332
2024-02-19,44.22083333333333,34.9625,513.625,57.74583333333334,60.895833333333336,26.416666666666668,,0.0,,59.583333333333336,36.125
2024-02-20,54.208333333333336,43.76666666666667,516.0833333333334,65.08333333333333,76.0,12.458333333333334,,0.0,,128.375,77.41666666666667
2024-02-21,34.50833333333333,27.895833333333332,349.5,41.68333333333333,46.895833333333336,31.125,,0.0,,98.20833333333333,67.54166666666667
2024-02-22,28.066666666666666,23.183333333333334,312.3333333333333,35.05833333333333,43.525,33.791666666666664,,0.0,,78.125,58.416666666666664
2024-02-23,25.233333333333334,21.72083333333333,306.5833333333333,31.27916666666667,36.295833333333334,31.166666666666668,,0.0,,72.16666666666667,49.541666666666664
2024-02-24,19.537499999999998,16.375,256.4583333333333,21.691666666666666,24.508333333333336,48.25,,0.041666666666666664,,65.375,39.333333333333336
2024-02-25,17.691666666666666,13.9625,242.08333333333334,22.166666666666668,22.266666666666666,55.333333333333336,,0.5416666666666666,,56.625,30.25
2024-02-26,27.129166666666666,20.704166666666666,290.3333333333333,34.479166666666664,36.862500000000004,47.458333333333336,,1.0,,59.166666666666664,32.708333333333336
2024-02-27,35.4375,28.333333333333332,371.5416666666667,46.23333333333333,49.9,30.166666666666668,,1.0,,77.875,56.75
2024-02-28,33.74583333333333,26.791666666666668,353.4583333333333,42.574999999999996,43.1875,35.333333333333336,,0.5,,83.91666666666667,62.375
2024-02-29,36.375,29.695833333333336,375.9583333333333,43.0875,43.55416666666667,26.25,,0.875,,81.45833333333333,61.458333333333336
2024-03-01,104.20833333333333,82.91250000000001,1022.625,73.74583333333334,121.82083333333333,2.375,,0.3333333333333333,,128.91666666666666,81.5
2024-03-02,69.72500000000001,58.458333333333336,738.375,46.666666666666664,64.67083333333333,8.541666666666666,,0.25,,162.25,103.04166666666667
2024-03-03,48.69583333333333,41.829166666666666,487.8333333333333,44.9,43.300000000000004,29.833333333333332,,1.2916666666666667,,127.54166666666667,77.375
2024-03-04,72.55,62.2875,732.0,77.66250000000001,82.59166666666667,14.583333333333334,,1.0833333333333333,,131.66666666666666,78.83333333333333
2024-03-05,46.17916666666667,39.479166666666664,505.875,60.637499999999996,39.9,20.708333333333332,,0.4166666666666667,,149.625,88.83333333333333
2024-03-06,49.17916666666667,41.137499999999996,556.6666666666666,66.35833333333333,58.76666666666667,22.958333333333332,,0.0,,89.79166666666667,64.04166666666667
2024-03-07,53.15,42.333333333333336,585.5416666666666,71.89583333333333,56.37083333333334,11.375,,0.125,,127.125,77.04166666666667
2024-03-08,27.3125,22.495833333333334,347.125,44.92916666666667,28.03333333333333,27.25,,0.7916666666666666,,95.04166666666667,65.95833333333333
2024-03-09,25.2375,19.391666666666666,354.5416666666667,36.62916666666667,28.579166666666666,46.833333333333336,,0.0,,61.5,35.666666666666664
2024-03-10,49.4125,38.833333333333336,556.2083333333334,63.354166666666664,50.737500000000004,24.083333333333332,,0.0,,98.41666666666667,66.08333333333333
2024-03-11,28.383333333333336,22.52916666666667,358.6666666666667,45.5375,29.1875,35.541666666666664,,0.0,,86.875,63.166666666666664
2024-03-12,46.645833333333336,37.520833333333336,534.5,57.354166666666664,50.199999999999996,31.625,,0.0,,73.29166666666667,48.375
2024-03-13,60.14166666666667,49.979166666666664,593.5833333333334,75.54583333333333,68.29583333333333,19.458333333333332,,0.0,,135.75,80.0
2024-03-14,51.98333333333333,44.34166666666667,497.7916666666667,60.375,55.49166666666667,28.458333333333332,,0.0,,122.45833333333333,75.54166666666667
2024-03-15,42.375,35.19583333333333,413.3333333333333,48.25,39.15,31.0,,1.1666666666666667,,116.08333333333333,73.54166666666667
2024-03-16,45.9125,34.791666666666664,411.3333333333333,40.979166666666664,36.25833333333333,31.958333333333332,,4.666666666666667,,95.95833333333333,66.95833333333333
2024-03-17,70.90416666666667,49.645833333333336,494.9583333333333,47.362500000000004,46.8375,22.458333333333332,,20.916666666666668,,115.58333333333333,73.375
2024-03-18,88.66666666666667,65.25,620.0416666666666,56.262499999999996,59.49166666666667,10.708333333333334,,22.083333333333332,,149.875,87.5
2024-03-19,49.4,37.025,376.0416666666667,42.69166666666666,34.75833333333333,22.291666666666668,,9.208333333333334,,131.70833333333334,79.83333333333333
2024-03-20,82.89166666666667,66.64166666666667,661.7916666666666,71.25,79.1125,14.375,,7.333333333333333,,125.95833333333333,77.58333333333333
2024-03-21,139.62916666666666,120.41666666666667,1102.4583333333333,107.56666666666666,128.60416666666666,11.75,,4.5,,170.66666666666666,115.58333333333333
2024-03-22,74.20416666666667,61.25416666666666,619.5416666666666,66.93333333333334,63.30833333333334,25.833333333333332,,2.625,,171.83333333333334,117.45833333333333
2024-03-23,22.77916666666667,20.145833333333332,307.625,23.604166666666668,17.266666666666666,47.875,,1.0833333333333333,,111.29166666666667,70.0
2024-03-24,25.275000000000002,21.925,372.3333333333333,30.650000000000002,29.929166666666664,28.125,,0.0,,69.25,44.958333333333336
2024-03-25,57.875,47.07083333333333,549.2916666666666,62.31666666666666,78.61666666666666,25.625,,0.0,,75.04166666666667,48.125
2024-03-26,58.42083333333333,47.737500000000004,596.4166666666666,67.35416666666667,54.291666666666664,10.166666666666666,,0.0,,149.29166666666666,86.58333333333333
2024-03-27,74.33749999999999,62.958333333333336,773.6666666666666,77.27499999999999,57.0375,14.958333333333334,,0.0,,133.25,79.41666666666667
2024-03-28,64.57083333333334,54.07916666666667,565.875,71.26666666666667,61.729166666666664,22.791666666666668,,0.0,,155.125,92.0
2024-03-29,36.645833333333336,30.8625,375.8333333333333,42.458333333333336,34.06666666666667,32.833333333333336,,2.0833333333333335,,115.125,73.16666666666667
2024-03-30,22.5,18.4625,315.0,30.775000000000002,20.474999999999998,43.875,,0.08333333333333333,,77.20833333333333,54.5
2024-03-31,37.041666666666664,30.041666666666668,440.4583333333333,43.166666666666664,45.074999999999996,36.916666666666664,,0.0,,72.79166666666667,48.708333333333336
2024-04-01,33.625,26.795833333333334,299.0416666666667,31.895833333333332,29.3875,39.166666666666664,,3.25,,88.25,63.958333333333336
2024-04-02,63.333333333333336,39.50416666666667,351.5,39.3125,41.38333333333333,29.041666666666668,,19.125,,94.29166666666667,66.125
2024-04-03,30.275000000000002,18.266666666666666,224.75,19.116666666666667,20.329166666666666,50.166666666666664,,8.458333333333334,,94.04166666666667,63.791666666666664
2024-04-04,14.120833333333332,11.700000000000001,247.41666666666666,29.120833333333334,19.508333333333333,38.5,,0.041666666666666664,,46.791666666666664,23.541666666666668
2024-04-05,17.912499999999998,15.262500000000001,284.4583333333333,41.13333333333333,28.0125,44.416666666666664,,0.0,,53.541666666666664,27.458333333333332
2024-04-06,25.883333333333336,21.712500000000002,343.2083333333333,33.766666666666666,38.300000000000004,37.208333333333336,,0.0,,61.5,35.083333333333336
2024-04-07,29.974999999999998,24.84166666666667,403.375,35.641666666666666,27.016666666666666,25.833333333333332,,0.0,,77.45833333333333,58.208333333333336
2024-04-08,26.587500000000002,20.808333333333334,321.7916666666667,36.38333333333333,22.7375,29.458333333333332,,0.3333333333333333,,68.95833333333333,44.083333333333336
2024-04-09,41.00833333333333,33.795833333333334,444.7916666666667,54.37083333333334,41.862500000000004,17.416666666666668,,1.8333333333333333,,85.25,60.625
2024-04-10,39.2125,30.1375,369.2083333333333,44.51666666666667,38.24583333333333,31.666666666666668,,2.2916666666666665,,92.70833333333333,65.66666666666667
2024-04-11,24.837500000000002,18.904166666666665,275.75,34.4,22.59583333333333,46.041666666666664,,1.625,,81.08333333333333,58.583333333333336
2024-04-12,13.383333333333333,10.420833333333333,216.5,23.329166666666666,15.766666666666666,52.375,,0.0,,52.916666666666664,27.25
2024-04-13,22.795833333333334,18.058333333333334,311.0416666666667,36.5,27.575,39.5,,0.0,,50.5,25.75
2024-04-14,26.358333333333334,21.220833333333335,337.2083333333333,30.508333333333336,29.337500000000002,35.708333333333336,,0.0,,74.0,52.708333333333336
2024-04-15,10.733333333333334,8.5375,196.04166666666666,17.5125,12.700000000000001,58.291666666666664,,0.0,,47.958333333333336,28.291666666666668
2024-04-16,13.958333333333334,11.279166666666667,236.0,29.84583333333333,21.25,45.5,,0.0,,35.416666666666664,22.833333333333332
2024-04-17,28.133333333333336,22.304166666666664,336.875,49.68333333333334,34.833333333333336,34.208333333333336,,0.20833333333333334,,59.416666666666664,33.333333333333336
2024-04-18,22.629166666666666,19.025000000000002,291.0,33.612500000000004,22.983333333333334,31.0,,0.041666666666666664,,77.29166666666667,57.666666666666664
2024-04-19,13.129166666666668,10.616666666666667,205.33333333333334,18.162499999999998,15.070833333333333,50.375,,0.9583333333333334,,50.833333333333336,26.125
2024-04-20,14.5875,11.720833333333333,240.5,20.891666666666666,18.570833333333333,53.333333333333336,,0.0,,37.666666666666664,24.333333333333332
2024-04-21,19.925,15.120833333333332,242.66666666666666,19.645833333333332,14.970833333333333,49.333333333333336,,2.5,,59.083333333333336,32.5
2024-04-22,17.408333333333335,13.470833333333333,204.91666666666666,19.291666666666668,21.525000000000002,47.958333333333336,,2.7083333333333335,,53.208333333333336,27.041666666666668
2024-04-23,17.125,13.783333333333333,244.375,29.8875,24.9875,49.291666666666664,,0.0,,52.125,26.166666666666668
2024-04-24,26.954166666666666,21.733333333333334,315.0,43.0375,41.4125,36.833333333333336,,0.0,,63.833333333333336,37.75
2024-04-25,36.8125,29.1125,325.625,35.80416666666667,34.204166666666666,42.291666666666664,,9.083333333333334,,66.29166666666667,40.958333333333336
2024-04-26,52.387499999999996,37.1,348.4166666666667,37.025,36.99166666666667,28.291666666666668,,20.583333333333332,,111.41666666666667,72.04166666666667
2024-04-27,25.47083333333333,20.837500000000002,284.8333333333333,29.3125,23.837500000000002,32.958333333333336,,3.1666666666666665,,87.33333333333333,62.375
2024-04-28,22.8875,18.704166666666666,309.2083333333333,37.2625,29.2375,41.958333333333336,,0.0,,62.333333333333336,35.583333333333336
2024-04-29,31.599999999999998,25.908333333333335,355.5416666666667,49.88333333333333,36.375,34.875,,0.0,,70.08333333333333,46.083333333333336
2024-04-30,21.195833333333333,16.554166666666667,274.4583333333333,32.4375,21.766666666666666,50.833333333333336,,0.0,,75.375,54.291666666666664
2024-05-01,15.170833333333334,12.379166666666668,224.375,25.420833333333334,16.458333333333332,59.666666666666664,,0.25,,52.458333333333336,29.208333333333332
2024-05-02,17.920833333333334,14.970833333333333,241.83333333333334,32.016666666666666,20.875,49.416666666666664,,0.0,,53.708333333333336,27.75
2024-05-03,14.941666666666668,12.049999999999999,232.25,31.3625,18.870833333333334,51.833333333333336,,0.0,,47.541666666666664,26.375
2024-05-04,20.608333333333334,15.758333333333333,274.5833333333333,27.625,21.3,49.375,,0.0,,61.291666666666664,34.791666666666664
2024-05-05,9.495833333333334,7.4750000000000005,190.54166666666666,12.120833333333332,8.616666666666667,60.291666666666664,,0.2916666666666667,,37.666666666666664,24.791666666666668
2024-05-06,26.287499999999998,21.52916666666667,299.6666666666667,43.24166666666667,35.699999999999996,28.916666666666668,,0.0,,55.166666666666664,31.041666666666668
2024-05-07,11.887500000000001,10.700000000000001,219.70833333333334,24.316666666666666,13.745833333333332,51.708333333333336,,0.0,,56.791666666666664,31.25
2024-05-08,11.245833333333332,9.520833333333334,209.58333333333334,18.058333333333334,13.616666666666667,54.333333333333336,,0.0,,44.041666666666664,22.708333333333332
2024-05-09,9.741666666666667,7.929166666666667,200.91666666666666,15.866666666666667,10.995833333333332,62.458333333333336,,0.0,,34.208333333333336,25.0
2024-05-10,13.379166666666668,11.0375,219.45833333333334,21.166666666666668,14.991666666666667,52.5,,0.0,,39.541666666666664,21.791666666666668
2024-05-11,9.6625,8.512500000000001,200.20833333333334,15.091666666666667,10.154166666666667,56.416666666666664,,0.0,,45.166666666666664,24.791666666666668
2024-05-12,11.887500000000001,10.120833333333334,219.625,21.441666666666666,17.224999999999998,48.5,,0.0,,33.875,20.166666666666668
2024-05-13,26.145833333333332,20.341666666666665,315.8333333333333,41.1,30.920833333333334,34.25,,0.0,,56.666666666666664,30.666666666666668
2024-05-14,34.770833333333336,26.466666666666665,381.0416666666667,49.0375,42.104166666666664,28.291666666666668,,0.0,,72.70833333333333,50.5
2024-05-15,72.97916666666667,58.44166666666666,551.375,72.15833333333333,80.86666666666666,20.708333333333332,,0.0,,121.33333333333333,75.16666666666667
2024-05-16,25.629166666666666,19.970833333333335,302.3333333333333,39.09583333333333,24.1875,39.708333333333336,,0.0,,113.58333333333333,72.375
2024-05-17,15.737499999999999,13.0375,217.29166666666666,30.416666666666668,19.645833333333332,41.583333333333336,,0.0,,56.75,30.5
2024-05-18,12.779166666666667,11.020833333333334,208.75,20.970833333333335,15.825000000000001,51.166666666666664,,0.0,,48.375,26.416666666666668
2024-05-19,21.058333333333334,17.837500000000002,230.54166666666666,18.724999999999998,27.504166666666666,56.791666666666664,,0.16666666666666666,,51.5,28.0
2024-05-20,21.462500000000002,17.658333333333335,234.66666666666666,27.808333333333334,25.183333333333334,49.041666666666664,,0.375,,65.5,38.958333333333336
2024-05-21,28.7375,23.77916666666667,319.0416666666667,43.34583333333333,31.508333333333336,40.25,,0.0,,64.58333333333333,38.583333333333336
2024-05-22,14.316666666666668,12.054166666666667,205.54166666666666,24.849999999999998,19.879166666666666,51.916666666666664,,0.0,,65.91666666666667,41.25
2024-05-23,13.204166666666666,10.637500000000001,201.20833333333334,20.379166666666666,17.783333333333335,53.916666666666664,,0.0,,44.458333333333336,23.916666666666668
2024-05-24,36.06666666666667,27.84166666666667,300.0,44.0,59.96666666666667,46.958333333333336,,0.0,,64.29166666666667,40.333333333333336
2024-05-25,20.525000000000002,16.641666666666666,256.5833333333333,24.695833333333336,21.870833333333334,55.25,,0.0,,75.04166666666667,52.375
2024-05-26,17.962500000000002,14.433333333333335,260.5833333333333,22.683333333333334,18.5625,49.75,,0.041666666666666664,,56.458333333333336,30.208333333333332
2024-05-27,20.441666666666666,16.791666666666668,231.20833333333334,25.366666666666664,28.354166666666668,48.791666666666664,,0.0,,54.166666666666664,28.458333333333332
2024-05-28,34.016666666666666,27.920833333333334,327.7916666666667,46.10833333333333,49.324999999999996,44.833333333333336,,0.0,,72.54166666666667,50.333333333333336
2024-05-29,53.862500000000004,43.93333333333334,487.7916666666667,67.79166666666667,79.61666666666666,45.666666666666664,,0.0,,105.41666666666667,69.91666666666667
2024-05-30,34.7125,28.02916666666667,328.9166666666667,45.12083333333334,45.37916666666666,48.166666666666664,,0.0,,103.58333333333333,69.375
2024-05-31,42.49583333333333,29.84166666666667,303.2083333333333,39.333333333333336,40.175000000000004,42.208333333333336,,14.333333333333334,,81.20833333333333,61.25
2024-06-01,37.266666666666666,24.15833333333333,271.375,28.379166666666666,20.783333333333335,50.041666666666664,,15.125,,85.04166666666667,62.625
2024-06-02,33.074999999999996,26.241666666666664,263.0,23.09166666666667,26.058333333333334,55.291666666666664,,9.75,,75.54166666666667,54.666666666666664
2024-06-03,26.954166666666666,22.770833333333332,246.58333333333334,35.19166666666667,30.84583333333333,44.458333333333336,,1.375,,82.83333333333333,61.625
2024-06-04,16.349999999999998,13.529166666666667,213.83333333333334,26.766666666666666,17.383333333333333,52.416666666666664,,0.041666666666666664,,57.458333333333336,32.208333333333336
2024-06-05,31.729166666666668,26.59583333333333,291.5,48.5,34.32083333333333,46.208333333333336,,0.875,,61.333333333333336,36.041666666666664
2024-06-06,55.94583333333333,47.37916666666666,447.0833333333333,81.97916666666667,63.637499999999996,24.458333333333332,,1.1666666666666667,,108.0,70.66666666666667
2024-06-07,19.354166666666668,16.516666666666666,233.58333333333334,30.395833333333332,16.591666666666665,52.291666666666664,,0.5416666666666666,,99.70833333333333,65.29166666666667
2024-06-08,15.075000000000001,12.470833333333333,201.5,21.129166666666666,15.554166666666667,71.70833333333333,,0.0,,51.916666666666664,30.833333333333332
2024-06-09,17.204166666666666,14.129166666666668,235.29166666666666,26.804166666666664,20.037499999999998,64.20833333333333,,0.0,,53.916666666666664,30.291666666666668
2024-06-10,22.8125,18.704166666666666,248.125,37.954166666666666,28.962500000000002,47.333333333333336,,0.0,,60.083333333333336,33.333333333333336
2024-06-11,21.820833333333336,18.433333333333334,227.75,28.27916666666667,21.704166666666666,50.458333333333336,,2.0,,63.041666666666664,36.208333333333336
2024-06-12,32.425000000000004,26.875,284.8333333333333,45.0375,32.520833333333336,35.666666666666664,,2.125,,68.875,44.208333333333336
2024-06-13,30.916666666666668,26.354166666666668,303.125,49.32916666666667,38.49583333333333,30.0,,0.9166666666666666,,90.16666666666667,64.66666666666667
2024-06-14,14.737499999999999,12.174999999999999,211.875,27.575,14.637500000000001,53.791666666666664,,0.0,,58.125,35.291666666666664
2024-06-15,39.354166666666664,31.741666666666664,355.875,57.9125,50.10833333333333,35.291666666666664,,0.0,,78.91666666666667,54.5
2024-06-16,15.7875,13.208333333333334,213.875,19.266666666666666,15.558333333333332,52.083333333333336,,0.0,,68.66666666666667,43.75
2024-06-17,23.920833333333334,20.358333333333334,214.58333333333334,24.575,16.212500000000002,50.125,,3.4583333333333335,,53.375,27.666666666666668
2024-06-18,22.275000000000002,18.583333333333332,253.625,32.40833333333333,25.2375,37.916666666666664,,0.5,,72.45833333333333,50.25
2024-06-19,15.5,12.279166666666667,198.0,26.020833333333332,14.933333333333332,57.791666666666664,,0.0,,53.875,29.5
2024-06-20,15.225,12.783333333333333,197.125,26.599999999999998,16.166666666666668,52.541666666666664,,0.0,,52.708333333333336,26.625
2024-06-21,11.637500000000001,9.4625,180.29166666666666,23.0,13.908333333333333,49.333333333333336,,0.0,,43.416666666666664,23.541666666666668
2024-06-22,13.183333333333332,10.516666666666667,196.66666666666666,22.3625,14.608333333333334,50.875,,0.0,,42.0,24.625
2024-06-23,23.7625,18.4875,278.5833333333333,35.25416666666667,26.287499999999998,38.875,,0.0,,57.541666666666664,31.416666666666668
2024-06-24,19.791666666666668,16.608333333333334,216.70833333333334,32.6625,24.45,29.5,,0.0,,61.458333333333336,34.75
2024-06-25,18.412499999999998,15.445833333333333,203.79166666666666,28.474999999999998,18.904166666666665,37.125,,0.0,,57.791666666666664,31.125
2024-06-26,14.141666666666666,11.825000000000001,189.29166666666666,25.791666666666668,15.954166666666666,34.791666666666664,,0.0,,53.375,27.166666666666668
2024-06-27,16.054166666666667,13.65,197.45833333333334,31.34583333333333,17.658333333333335,35.166666666666664,,0.0,,51.833333333333336,25.833333333333332
2024-06-28,32.47083333333333,25.90416666666667,307.6666666666667,52.9,41.09583333333333,33.166666666666664,,0.0,,64.0,39.166666666666664
2024-06-29,28.7625,23.25,331.375,42.02916666666667,29.183333333333334,50.666666666666664,,0.0,,81.54166666666667,61.291666666666664
2024-06-30,23.704166666666666,19.904166666666665,307.0,33.045833333333334,24.84583333333333,54.25,,0.0,,67.25,41.416666666666664
2024-07-01,31.15416666666667,25.254166666666666,291.6666666666667,43.104166666666664,31.8,55.0,,0.0,,75.04166666666667,54.291666666666664
2024-07-02,24.754166666666666,19.683333333333334,231.41666666666666,34.954166666666666,24.133333333333336,61.333333333333336,,0.2916666666666667,,70.66666666666667,47.166666666666664
2024-07-03,24.358333333333334,20.820833333333333,220.70833333333334,33.175000000000004,23.641666666666666,69.70833333333333,,0.08333333333333333,,66.79166666666667,41.416666666666664
2024-07-04,31.708333333333332,25.71666666666667,248.45833333333334,37.579166666666666,28.620833333333334,66.75,,0.5833333333333334,,76.33333333333333,56.416666666666664
2024-07-05,26.116666666666664,21.1625,225.20833333333334,28.391666666666666,26.070833333333336,62.833333333333336,,2.6666666666666665,,70.95833333333333,47.5
2024-07-06,11.929166666666667,9.829166666666667,177.95833333333334,16.383333333333333,11.325000000000001,57.875,,0.3333333333333333,,58.041666666666664,33.208333333333336
2024-07-07,25.983333333333334,20.641666666666666,284.2083333333333,32.59583333333333,33.891666666666666,67.625,,0.0,,54.916666666666664,33.125
2024-07-08,33.333333333333336,26.745833333333334,260.7083333333333,38.65416666666667,38.520833333333336,62.791666666666664,,0.0,,78.0,57.291666666666664
2024-07-09,34.09166666666667,27.758333333333336,260.2916666666667,45.0625,45.729166666666664,49.333333333333336,,0.625,,83.125,62.166666666666664
2024-07-10,17.029166666666665,13.325000000000001,187.66666666666666,33.375,20.204166666666666,50.791666666666664,,0.0,,65.91666666666667,41.833333333333336
2024-07-11,31.28333333333333,24.508333333333336,257.375,47.62916666666666,40.65833333333333,47.0,,0.0,,67.33333333333333,44.208333333333336
2024-07-12,28.645833333333332,22.95,231.625,36.25,34.00833333333333,67.16666666666667,,0.0,,70.33333333333333,48.833333333333336
2024-07-13,24.0,19.454166666666666,248.04166666666666,35.541666666666664,26.579166666666666,64.125,,0.4166666666666667,,71.66666666666667,48.625
2024-07-14,32.65,26.891666666666666,373.7083333333333,40.449999999999996,36.56666666666667,58.166666666666664,,0.6666666666666666,,75.45833333333333,53.25
2024-07-15,29.270833333333332,24.704166666666666,307.4583333333333,49.050000000000004,27.775000000000002,57.416666666666664,,0.08333333333333333,,77.45833333333333,58.666666666666664
2024-07-16,26.183333333333334,21.224999999999998,276.3333333333333,53.37083333333334,31.03333333333333,44.625,,0.0,,73.45833333333333,52.083333333333336
2024-07-17,31.375,26.541666666666668,267.4166666666667,51.550000000000004,37.641666666666666,56.291666666666664,,0.0,,72.66666666666667,50.166666666666664
2024-07-18,30.633333333333336,25.145833333333332,291.8333333333333,48.958333333333336,35.6625,65.83333333333333,,0.0,,82.91666666666667,61.833333333333336
2024-07-19,24.4875,19.287499999999998,269.75,45.574999999999996,23.3,51.125,,0.0,,70.5,47.083333333333336
2024-07-20,17.7375,14.9,242.91666666666666,29.554166666666664,18.8,45.125,,0.0,,62.625,35.833333333333336
2024-07-21,17.595833333333335,14.333333333333334,237.33333333333334,24.275000000000002,18.395833333333332,47.458333333333336,,0.0,,53.666666666666664,28.375
2024-07-22,24.833333333333332,20.620833333333334,282.875,39.516666666666666,28.079166666666666,21.583333333333332,,0.041666666666666664,,63.875,37.833333333333336
2024-07-23,16.154166666666665,13.745833333333332,200.20833333333334,24.275000000000002,18.275000000000002,42.0,,0.875,,58.166666666666664,31.666666666666668
2024-07-24,23.104166666666668,19.266666666666666,248.33333333333334,40.354166666666664,26.820833333333336,30.791666666666668,,0.4166666666666667,,61.875,35.166666666666664
2024-07-25,23.287499999999998,19.912499999999998,262.7083333333333,43.4125,28.05,27.166666666666668,,0.0,,65.83333333333333,39.083333333333336
2024-07-26,23.170833333333334,19.7,242.33333333333334,40.329166666666666,26.895833333333332,30.708333333333332,,0.9166666666666666,,65.125,38.25
2024-07-27,34.225,28.099999999999998,349.375,37.074999999999996,33.25,47.416666666666664,,0.7083333333333334,,83.125,60.0
2024-07-28,16.966666666666665,14.491666666666667,257.4166666666667,21.683333333333334,17.025,54.958333333333336,,0.0,,61.916666666666664,37.5
2024-07-29,24.075,20.408333333333335,300.625,39.637499999999996,30.2625,30.875,,0.0,,64.70833333333333,38.25
2024-07-30,25.416666666666668,20.645833333333332,245.54166666666666,39.541666666666664,29.358333333333334,25.125,,0.0,,68.91666666666667,43.583333333333336
2024-07-31,16.645833333333332,14.254166666666668,225.45833333333334,28.5,17.804166666666667,25.833333333333332,,0.0,,58.416666666666664,31.833333333333332
2024-08-01,15.083333333333334,12.779166666666667,211.16666666666666,28.325,15.629166666666668,36.75,,0.0,,53.708333333333336,27.625
2024-08-02,16.349999999999998,13.454166666666666,239.91666666666666,31.24166666666667,16.474999999999998,30.5,,0.0,,50.458333333333336,24.583333333333332
2024-08-03,20.345833333333335,17.2375,284.75,29.1375,21.754166666666666,37.916666666666664,,0.0,,57.833333333333336,31.375
2024-08-04,20.833333333333332,17.270833333333332,306.2083333333333,29.795833333333334,22.670833333333334,32.291666666666664,,0.0,,62.125,35.416666666666664
2024-08-05,24.395833333333332,19.979166666666668,284.8333333333333,37.166666666666664,23.8875,39.166666666666664,,0.0,,62.833333333333336,36.083333333333336
2024-08-06,31.545833333333334,25.979166666666668,326.0833333333333,45.01666666666667,32.229166666666664,18.75,,0.0,,75.66666666666667,55.541666666666664
2024-08-07,34.291666666666664,28.2,349.5833333333333,55.854166666666664,42.391666666666666,11.083333333333334,,0.0,,80.91666666666667,61.291666666666664
2024-08-08,28.429166666666664,24.275000000000002,332.4166666666667,52.77916666666667,35.1625,15.208333333333334,,0.0,,80.70833333333333,60.791666666666664
2024-08-09,25.616666666666664,21.329166666666666,291.3333333333333,37.99166666666667,26.325,23.916666666666668,,0.0,,74.125,53.25
2024-08-10,24.2,19.4375,302.2916666666667,27.891666666666666,21.575,37.958333333333336,,0.0,,68.45833333333333,42.916666666666664
2024-08-11,12.779166666666667,10.35,225.625,18.979166666666668,13.258333333333333,51.208333333333336,,0.0,,54.25,28.291666666666668
2024-08-12,14.0625,11.674999999999999,213.20833333333334,24.883333333333336,14.387500000000001,35.416666666666664,,0.0,,43.166666666666664,20.75
2024-08-13,17.204166666666666,14.766666666666666,234.45833333333334,30.6375,16.695833333333333,28.25,,0.0,,51.541666666666664,25.5
2024-08-14,21.479166666666668,18.491666666666667,241.75,25.90833333333333,15.304166666666667,41.291666666666664,,0.0,,58.875,32.333333333333336
2024-08-15,24.96666666666667,21.054166666666667,295.625,31.84583333333333,18.341666666666665,41.875,,0.0,,70.41666666666667,46.583333333333336
2024-08-16,25.820833333333336,20.591666666666665,306.125,35.545833333333334,17.541666666666668,42.625,,0.0,,67.83333333333333,41.5
2024-08-17,22.833333333333332,17.133333333333333,297.2083333333333,28.741666666666664,17.608333333333334,49.208333333333336,,0.0,,66.875,40.875
2024-08-18,17.358333333333334,14.25,265.3333333333333,22.420833333333334,15.424999999999999,55.416666666666664,,0.0,,53.916666666666664,29.333333333333332
2024-08-19,41.34583333333333,33.449999999999996,430.0416666666667,55.354166666666664,45.47083333333333,29.25,,0.125,,79.25,53.541666666666664
2024-08-20,25.633333333333336,22.166666666666668,301.9583333333333,49.63333333333333,23.570833333333336,34.5,,0.20833333333333334,,84.33333333333333,61.666666666666664
2024-08-21,22.729166666666668,18.829166666666666,273.75,35.454166666666666,24.025000000000002,45.291666666666664,,0.0,,65.45833333333333,39.0
2024-08-22,18.866666666666667,15.933333333333332,243.0,26.90833333333333,24.9875,43.625,,0.0,,60.5,33.833333333333336
2024-08-23,25.891666666666666,21.291666666666668,305.3333333333333,42.083333333333336,29.15416666666667,30.625,,0.16666666666666666,,61.583333333333336,34.791666666666664
2024-08-24,23.25,18.8,329.4166666666667,33.1625,22.3625,38.208333333333336,,0.0,,71.08333333333333,48.0
2024-08-25,35.791666666666664,27.566666666666666,405.8333333333333,41.637499999999996,32.512499999999996,50.083333333333336,,0.0,,67.29166666666667,42.458333333333336
2024-08-26,66.32083333333334,52.3375,553.2916666666666,83.20833333333333,69.15416666666667,37.958333333333336,,0.0,,111.41666666666667,71.95833333333333
2024-08-27,72.075,59.583333333333336,593.375,82.40833333333333,71.1,32.75,,0.0,,153.0,89.91666666666667
2024-08-28,36.68333333333333,29.366666666666664,367.25,58.15833333333333,32.90416666666667,29.541666666666668,,0.0,,120.91666666666667,75.45833333333333
2024-08-29,30.358333333333334,25.145833333333332,312.9583333333333,43.09166666666667,25.875,41.75,,0.0,,73.25,50.5
2024-08-30,33.525,28.183333333333334,347.9166666666667,42.775,27.162499999999998,40.541666666666664,,0.0,,84.66666666666667,62.458333333333336
2024-08-31,25.375,21.825,316.625,25.150000000000002,24.166666666666668,48.416666666666664,,0.0,,75.25,53.75
2024-09-01,29.900000000000002,25.52916666666667,296.6666666666667,24.8875,30.5125,51.208333333333336,,0.0,,75.125,54.916666666666664
2024-09-02,28.083333333333332,24.15416666666667,298.1666666666667,30.441666666666666,32.266666666666666,42.333333333333336,,0.0,,78.45833333333333,59.666666666666664
2024-09-03,32.199999999999996,27.054166666666664,322.9166666666667,35.483333333333334,30.479166666666668,38.083333333333336,,0.0,,79.29166666666667,60.208333333333336
2024-09-04,22.662499999999998,18.541666666666668,263.25,24.375,17.974999999999998,38.375,,0.08333333333333333,,74.45833333333333,52.375
2024-09-05,20.429166666666667,17.341666666666665,276.625,25.929166666666664,22.0125,39.208333333333336,,0.0,,59.458333333333336,32.875
2024-09-06,41.4125,33.87916666666667,429.5,45.90416666666667,48.57916666666667,21.041666666666668,,0.0,,76.20833333333333,53.125
2024-09-07,88.53750000000001,68.35000000000001,653.5833333333334,81.14583333333333,128.90416666666667,11.625,,0.0,,132.33333333333334,80.41666666666667
2024-09-08,36.67916666666667,29.587500000000002,432.375,44.708333333333336,40.7125,35.75,,0.0,,135.66666666666666,82.33333333333333
2024-09-09,32.708333333333336,25.599999999999998,354.1666666666667,36.324999999999996,32.449999999999996,36.291666666666664,,0.0,,81.04166666666667,61.375
2024-09-10,26.041666666666668,21.004166666666666,274.5,28.233333333333334,26.766666666666666,36.5,,0.4166666666666667,,72.79166666666667,50.625
2024-09-11,44.92916666666667,26.612499999999997,242.875,26.020833333333332,28.633333333333336,35.75,,18.5,,71.875,48.791666666666664
2024-09-12,50.67083333333333,29.733333333333334,232.75,25.02916666666667,29.079166666666666,38.208333333333336,,28.833333333333332,,85.20833333333333,62.833333333333336
2024-09-13,21.0,16.841666666666665,223.75,21.120833333333334,23.72083333333333,46.375,,1.4583333333333333,,76.125,52.958333333333336
2024-09-14,18.533333333333335,15.033333333333333,230.875,18.366666666666667,21.9875,44.166666666666664,,0.5833333333333334,,58.458333333333336,32.208333333333336
2024-09-15,18.416666666666668,15.216666666666667,264.0,21.520833333333332,25.604166666666668,41.333333333333336,,0.3333333333333333,,55.0,28.875
2024-09-16,25.691666666666666,20.258333333333333,314.3333333333333,33.97083333333333,28.679166666666664,30.5,,0.08333333333333333,,63.708333333333336,37.166666666666664
2024-09-17,37.9,30.058333333333334,375.7083333333333,42.449999999999996,42.237500000000004,27.916666666666668,,1.0,,74.625,52.375
2024-09-18,69.14583333333333,52.550000000000004,539.9166666666666,68.825,89.625,21.75,,1.0,,114.375,72.83333333333333
2024-09-19,37.84166666666667,30.520833333333332,391.7916666666667,51.375,34.09166666666667,26.125,,0.875,,130.0,77.91666666666667
2024-09-20,22.733333333333334,17.854166666666668,274.75,33.59583333333333,26.02916666666667,27.208333333333332,,0.0,,66.70833333333333,41.25
2024-09-21,16.745833333333334,13.804166666666667,225.75,21.0625,15.895833333333334,39.75,,0.0,,58.583333333333336,32.041666666666664
2024-09-22,16.758333333333333,13.679166666666667,241.625,25.275000000000002,18.941666666666666,42.708333333333336,,0.0,,51.416666666666664,26.125
2024-09-23,48.55833333333334,36.487500000000004,390.3333333333333,48.05833333333334,68.125,18.5,,0.0,,80.54166666666667,53.666666666666664
2024-09-24,35.3375,28.016666666666666,330.2083333333333,43.895833333333336,46.19166666666666,22.0,,0.0,,93.5,65.83333333333333
2024-09-25,26.95,22.6875,304.75,38.02916666666667,38.02916666666667,30.458333333333332,,0.0,,78.54166666666667,59.208333333333336
2024-09-26,22.683333333333334,18.008333333333333,254.25,30.179166666666664,33.90416666666667,36.0,,0.3333333333333333,,65.25,39.083333333333336
2024-09-27,25.916666666666668,21.045833333333334,216.875,22.5,19.849999999999998,38.666666666666664,,5.541666666666667,,66.58333333333333,40.166666666666664
2024-09-28,18.420833333333334,15.216666666666667,221.125,15.529166666666667,14.804166666666667,54.083333333333336,,1.6666666666666667,,63.583333333333336,37.333333333333336
2024-09-29,27.8625,21.34166666666667,248.66666666666666,22.599999999999998,22.46666666666667,39.583333333333336,,7.875,,64.04166666666667,38.208333333333336
2024-09-30,13.299999999999999,10.387500000000001,219.875,30.5125,15.475,29.625,,0.0,,56.958333333333336,31.5
2024-10-01,18.483333333333334,14.145833333333334,234.08333333333334,22.545833333333334,18.704166666666666,34.708333333333336,,2.25,,44.25,21.541666666666668
2024-10-02,29.21666666666667,23.724999999999998,298.4166666666667,34.7125,37.6875,23.75,,0.041666666666666664,,65.25,39.708333333333336
2024-10-03,42.62916666666667,34.00833333333333,428.4166666666667,50.762499999999996,53.208333333333336,15.958333333333334,,0.125,,85.75,62.625
2024-10-04,41.0375,33.875,378.5,44.5375,40.074999999999996,12.416666666666666,,2.125,,99.66666666666667,68.25
2024-10-05,28.8125,24.208333333333332,303.75,31.920833333333334,27.629166666666666,15.166666666666666,,0.8333333333333334,,84.91666666666667,61.666666666666664
2024-10-06,22.833333333333332,19.158333333333335,291.125,28.025000000000002,21.962500000000002,27.208333333333332,,0.0,,74.25,53.416666666666664
2024-10-07,50.083333333333336,43.90833333333333,470.3333333333333,45.237500000000004,44.09166666666667,12.75,,1.3333333333333333,,75.04166666666667,47.958333333333336
2024-10-08,31.179166666666664,25.84583333333333,317.5,31.833333333333332,24.583333333333332,9.125,,1.3333333333333333,,121.79166666666667,75.375
2024-10-09,19.954166666666666,15.4,255.25,39.30833333333333,27.479166666666668,9.166666666666666,,0.0,,60.833333333333336,35.333333333333336
2024-10-10,25.133333333333336,21.099999999999998,250.375,31.5125,36.829166666666666,12.875,,0.16666666666666666,,63.958333333333336,37.541666666666664
2024-10-11,23.458333333333332,19.279166666666665,248.125,23.1375,30.9875,23.875,,0.16666666666666666,,68.70833333333333,43.208333333333336
2024-10-12,16.954166666666666,13.512500000000001,219.08333333333334,15.133333333333333,19.8625,36.333333333333336,,1.0,,59.708333333333336,33.25
2024-10-13,13.204166666666666,10.083333333333334,204.29166666666666,13.008333333333333,18.733333333333334,37.708333333333336,,0.4166666666666667,,48.708333333333336,23.708333333333332
2024-10-14,13.795833333333334,11.458333333333334,221.95833333333334,20.879166666666666,22.59583333333333,30.875,,0.0,,43.208333333333336,20.833333333333332
2024-10-15,35.05416666666667,28.045833333333334,373.5416666666667,36.6875,47.64166666666667,7.625,,0.0,,62.916666666666664,38.375
2024-10-16,23.304166666666664,18.870833333333334,277.3333333333333,32.420833333333334,25.370833333333334,10.833333333333334,,0.0,,81.0,58.416666666666664
2024-10-17,39.725,31.349999999999998,379.2916666666667,41.525,38.824999999999996,9.333333333333334,,0.0,,70.08333333333333,45.958333333333336
2024-10-18,53.63333333333333,44.208333333333336,534.25,48.62916666666666,63.604166666666664,6.0,,0.0,,108.58333333333333,71.04166666666667
2024-10-19,50.9125,41.49166666666667,550.5,45.96666666666667,47.80416666666667,9.0,,0.0,,126.58333333333333,77.0
2024-10-20,25.8875,20.429166666666667,319.4583333333333,31.895833333333332,23.183333333333334,18.291666666666668,,0.0,,85.54166666666667,58.583333333333336
2024-10-21,46.19166666666666,35.166666666666664,443.7916666666667,47.59583333333333,48.94166666666666,9.125,,0.0,,83.70833333333333,57.666666666666664
2024-10-22,23.962500000000002,18.770833333333332,268.875,33.36666666666667,24.27916666666667,23.125,,0.08333333333333333,,81.125,55.583333333333336
2024-10-23,21.787499999999998,18.066666666666666,254.25,27.508333333333336,18.5,22.125,,0.0,,68.29166666666667,42.75
2024-10-24,13.616666666666667,10.558333333333334,216.75,25.40833333333333,13.5625,38.541666666666664,,0.0,,49.208333333333336,24.916666666666668
2024-10-25,21.583333333333332,17.212500000000002,264.0,34.40416666666667,24.004166666666666,23.666666666666668,,0.0,,50.0,24.541666666666668
2024-10-26,31.1375,25.645833333333332,387.4583333333333,39.43333333333333,34.012499999999996,11.958333333333334,,0.0,,78.83333333333333,56.833333333333336
2024-10-27,51.050000000000004,39.895833333333336,548.625,43.48333333333333,64.60000000000001,9.375,,0.0,,78.125,53.333333333333336
2024-10-28,56.42916666666667,44.762499999999996,500.1666666666667,44.9375,65.95,2.125,,0.0,,134.16666666666666,79.29166666666667
2024-10-29,21.8625,18.004166666666666,272.8333333333333,36.6875,23.004166666666666,18.083333333333332,,0.0,,89.5,59.958333333333336
2024-10-30,23.695833333333336,18.6125,269.125,31.045833333333334,27.208333333333332,20.125,,0.0,,65.58333333333333,38.916666666666664
2024-10-31,12.1,9.5875,208.58333333333334,24.537499999999998,13.825000000000001,42.416666666666664,,0.0,,48.875,25.25
2024-11-01,17.595833333333335,14.279166666666667,267.0416666666667,30.2625,25.97083333333333,23.083333333333332,,0.0,,49.541666666666664,25.375
2024-11-02,11.154166666666667,9.0,211.625,22.745833333333334,14.5625,38.125,,0.0,,43.416666666666664,22.083333333333332
2024-11-03,12.375,10.191666666666666,228.91666666666666,22.695833333333336,16.283333333333335,40.125,,0.0,,38.875,19.208333333333332
2024-11-04,15.341666666666667,12.529166666666667,231.375,29.541666666666668,20.604166666666668,25.125,,0.0,,48.25,23.458333333333332
2024-11-05,22.016666666666666,18.054166666666667,290.3333333333333,39.11666666666667,27.579166666666666,21.958333333333332,,0.0,,54.625,28.333333333333332
2024-11-06,45.487500000000004,37.875,422.25,48.20416666666667,68.425,6.708333333333333,,0.08333333333333333,,95.75,62.375
2024-11-07,23.71666666666667,19.220833333333335,262.375,35.87916666666667,22.53333333333333,23.166666666666668,,0.0,,75.375,48.083333333333336
2024-11-08,22.762500000000003,18.520833333333332,267.7083333333333,36.59166666666667,24.712500000000002,16.666666666666668,,0.20833333333333334,,64.875,37.958333333333336
2024-11-09,14.104166666666666,11.741666666666667,216.95833333333334,22.133333333333336,15.166666666666666,31.458333333333332,,0.0,,59.416666666666664,33.0
2024-11-10,18.400000000000002,14.875,251.95833333333334,30.8,21.958333333333332,29.083333333333332,,0.0,,50.25,24.666666666666668
2024-11-11,37.704166666666666,29.675,326.75,54.275,49.583333333333336,12.875,,0.0,,69.25,45.083333333333336
2024-11-12,47.5625,36.25416666666667,355.9583333333333,53.59166666666667,57.94166666666666,10.375,,0.0,,107.125,70.5
2024-11-13,36.4125,29.474999999999998,346.875,41.36666666666667,41.512499999999996,9.375,,0.5416666666666666,,84.66666666666667,62.208333333333336
2024-11-14,35.262499999999996,28.21666666666667,332.0,43.2875,47.8375,13.75,,0.25,,86.95833333333333,63.625
2024-11-15,31.266666666666666,26.008333333333336,357.4583333333333,44.375,43.09166666666667,11.0,,0.0,,84.58333333333333,62.666666666666664
2024-11-16,18.491666666666667,14.433333333333332,241.20833333333334,27.212500000000002,21.041666666666668,39.375,,0.08333333333333333,,66.33333333333333,42.375
2024-11-17,19.633333333333333,16.066666666666666,236.5,21.495833333333334,19.875,33.0,,0.375,,57.166666666666664,30.708333333333332
2024-11-18,22.7375,18.625,262.5416666666667,28.8125,26.929166666666664,27.208333333333332,,0.0,,61.583333333333336,34.833333333333336
2024-11-19,27.608333333333334,22.27916666666667,318.4583333333333,36.15416666666667,37.137499999999996,15.416666666666666,,0.0,,65.75,39.375
2024-11-20,28.645833333333332,23.508333333333336,290.7083333333333,36.12916666666667,40.3375,23.291666666666668,,0.0,,76.66666666666667,57.791666666666664
2024-11-21,18.07916666666667,15.6875,236.66666666666666,23.870833333333334,27.40416666666667,40.791666666666664,,0.0,,66.29166666666667,40.791666666666664
2024-11-22,22.020833333333332,18.116666666666667,275.4583333333333,32.362500000000004,29.88333333333333,24.333333333333332,,0.0,,55.0,28.833333333333332
2024-11-23,21.45,17.995833333333334,370.75,31.775000000000002,34.84166666666667,25.791666666666668,,0.0,,65.70833333333333,38.791666666666664
2024-11-24,27.825,21.991666666666664,361.1666666666667,38.237500000000004,35.145833333333336,23.791666666666668,,0.0,,63.291666666666664,36.666666666666664
2024-11-25,68.58749999999999,53.80833333333334,630.9166666666666,65.69166666666668,87.90833333333335,6.541666666666667,,0.0,,106.08333333333333,68.79166666666667
2024-11-26,54.45416666666667,43.42916666666667,535.0416666666666,56.00833333333333,74.45833333333333,12.166666666666666,,0.0,,130.41666666666666,78.125
2024-11-27,96.47916666666667,76.28333333333333,783.9583333333334,64.85416666666667,117.20833333333333,3.5416666666666665,,0.5,,142.75,84.54166666666667
2024-11-28,98.50833333333333,80.20416666666667,864.9583333333334,59.56666666666666,107.36666666666667,0.3333333333333333,,0.4583333333333333,,166.41666666666666,109.375
2024-11-29,54.70416666666667,44.637499999999996,543.8333333333334,50.487500000000004,57.90416666666667,1.7916666666666667,,0.0,,146.83333333333334,87.75
2024-11-30,27.354166666666668,22.566666666666666,350.4166666666667,41.829166666666666,33.3125,16.5,,0.0,,103.25,68.75
2024-12-01,21.954166666666666,17.545833333333334,268.5,28.916666666666668,24.733333333333334,28.166666666666668,,0.0,,66.70833333333333,40.666666666666664
2024-12-02,30.004166666666666,24.6375,333.5416666666667,39.108333333333334,40.40833333333333,17.625,,0.0,,66.75,42.208333333333336
2024-12-03,31.125,26.175,304.2083333333333,36.59166666666667,32.704166666666666,29.0,,0.3333333333333333,,79.54166666666667,60.583333333333336
2024-12-04,31.900000000000002,26.183333333333334,370.9166666666667,44.395833333333336,43.475,18.125,,0.0,,78.83333333333333,60.208333333333336
2024-12-05,35.35,27.708333333333332,377.25,47.800000000000004,55.23333333333333,13.708333333333334,,0.0,,80.83333333333333,61.125
2024-12-06,25.108333333333334,20.445833333333333,293.3333333333333,34.21666666666667,46.208333333333336,30.958333333333332,,0.0,,79.5,57.958333333333336
2024-12-07,17.787499999999998,14.558333333333332,278.0416666666667,24.2375,34.63333333333333,34.083333333333336,,0.0,,60.75,34.125
2024-12-08,28.816666666666666,23.704166666666666,351.5416666666667,37.354166666666664,57.1,19.666666666666668,,0.0,,60.916666666666664,34.958333333333336
2024-12-09,61.449999999999996,51.12083333333334,680.125,55.541666666666664,93.78750000000001,4.833333333333333,,0.0,,100.125,67.625
2024-12-10,97.80833333333334,75.07916666666667,815.375,68.51666666666667,132.70000000000002,1.9583333333333333,,0.0,,151.375,89.75
2024-12-11,32.00416666666667,26.84583333333333,351.9583333333333,47.525,44.525,27.833333333333332,,0.0,,136.25,84.83333333333333
2024-12-12,23.079166666666666,19.587500000000002,302.4166666666667,40.875,30.78333333333333,36.75,,0.0,,75.04166666666667,53.541666666666664
2024-12-13,17.745833333333334,14.179166666666667,267.5,31.958333333333332,25.84583333333333,47.333333333333336,,0.0,,59.541666666666664,33.041666666666664
2024-12-14,21.641666666666666,17.566666666666666,308.5833333333333,36.99583333333333,33.3125,41.333333333333336,,0.0,,58.291666666666664,31.791666666666668
2024-12-15,23.25,19.245833333333334,282.375,28.15416666666667,29.125,39.208333333333336,,0.0,,61.791666666666664,34.916666666666664
2024-12-16,23.025000000000002,19.037499999999998,292.2083333333333,35.795833333333334,36.7875,27.791666666666668,,0.0,,67.58333333333333,41.541666666666664
2024-12-17,18.358333333333334,15.441666666666668,259.5,32.708333333333336,25.8125,46.416666666666664,,0.0,,59.333333333333336,32.75
2024-12-18,22.929166666666664,19.275000000000002,328.875,33.69583333333333,31.28333333333333,30.625,,0.0,,60.458333333333336,33.75
2024-12-19,52.4625,42.05833333333333,538.0416666666666,57.604166666666664,69.75416666666666,11.708333333333334,,0.0,,93.08333333333333,61.375
2024-12-20,32.05833333333333,27.116666666666664,353.9583333333333,37.94583333333333,41.041666666666664,15.458333333333334,,0.25,,99.41666666666667,68.0
2024-12-21,22.537499999999998,18.179166666666667,310.4166666666667,32.65416666666667,33.512499999999996,27.916666666666668,,0.0,,71.45833333333333,48.083333333333336
2024-12-22,33.770833333333336,26.291666666666668,354.4583333333333,42.020833333333336,50.52916666666667,27.083333333333332,,0.0,,67.33333333333333,42.791666666666664
2024-12-23,63.229166666666664,49.01666666666667,566.6666666666666,51.4125,85.75416666666666,4.291666666666667,,0.0,,107.54166666666667,70.5
2024-12-24,116.87916666666666,92.74166666666667,1176.625,54.99166666666667,150.65416666666667,0.16666666666666666,,0.625,,148.04166666666666,88.29166666666667
2024-12-25,59.25,50.1,686.9583333333334,50.699999999999996,72.43333333333334,1.2083333333333333,,0.125,,165.33333333333334,107.83333333333333
2024-12-26,42.59583333333333,33.78333333333333,441.3333333333333,46.84583333333333,55.479166666666664,6.583333333333333,,0.0,,115.5,73.33333333333333
2024-12-27,57.07083333333333,44.520833333333336,672.4583333333334,45.862500000000004,59.73333333333333,6.208333333333333,,0.0,,98.41666666666667,67.58333333333333
2024-12-28,58.887499999999996,45.65833333333333,589.3333333333334,61.31666666666666,88.3625,2.3333333333333335,,0.0,,129.95833333333334,78.04166666666667
2024-12-29,41.17916666666667,33.0625,391.1666666666667,40.74583333333333,58.725,6.916666666666667,,0.0,,119.04166666666667,74.625
2024-12-30,26.041666666666668,20.712500000000002,291.0416666666667,29.229166666666668,27.9375,28.25,,0.0,,76.95833333333333,53.791666666666664
2024-12-31,27.516666666666666,23.558333333333334,401.4583333333333,41.675000000000004,40.637499999999996,25.791666666666668,,0.0,,71.70833333333333,48.833333333333336
2025-01-01,21.920833333333334,18.383333333333333,327.625,37.6625,34.358333333333334,30.458333333333332,,0.0,,68.70833333333333,44.833333333333336
2025-01-02,17.266666666666666,14.920833333333334,262.8333333333333,24.724999999999998,19.037499999999998,43.041666666666664,,0.20833333333333334,,61.083333333333336,34.375
2025-01-03,37.17916666666667,30.204166666666666,481.5416666666667,55.39166666666667,59.85833333333333,19.583333333333332,,0.0,,63.083333333333336,38.041666666666664
2025-01-04,43.645833333333336,34.987500000000004,505.5416666666667,56.9125,68.925,11.166666666666666,,0.0,,102.33333333333333,69.08333333333333
2025-01-05,18.0625,14.541666666666666,282.2916666666667,29.316666666666666,27.125,39.708333333333336,,0.0,,78.41666666666667,53.875
2025-01-06,51.725,41.2875,576.6666666666666,50.61666666666667,68.75,17.458333333333332,,0.0,,75.25,47.708333333333336
2025-01-07,35.50416666666667,29.041666666666668,481.75,47.00416666666666,59.59583333333333,15.791666666666666,,0.041666666666666664,,106.08333333333333,70.25
2025-01-08,27.77916666666667,23.170833333333334,341.4583333333333,34.87916666666667,33.12916666666667,20.875,,0.5,,84.58333333333333,62.166666666666664
2025-01-09,32.05416666666667,25.816666666666666,400.125,45.1625,45.21666666666667,16.083333333333332,,0.0,,73.58333333333333,52.083333333333336
2025-01-10,31.791666666666668,27.066666666666666,393.2916666666667,41.641666666666666,50.354166666666664,15.291666666666666,,0.5,,78.125,59.625
2025-01-11,23.037499999999998,19.816666666666666,292.2083333333333,27.766666666666666,33.65416666666667,25.166666666666668,,0.5416666666666666,,80.08333333333333,58.541666666666664
2025-01-12,38.5875,30.379166666666666,465.1666666666667,44.57916666666667,66.09583333333333,16.5,,0.0,,66.08333333333333,40.625
2025-01-13,41.1875,33.81666666666667,468.9166666666667,46.93333333333334,58.28333333333333,7.041666666666667,,0.0,,106.0,70.20833333333333
2025-01-14,21.254166666666666,17.866666666666667,293.625,39.80416666666667,35.25833333333333,39.375,,0.0,,78.33333333333333,54.291666666666664
2025-01-15,23.358333333333334,19.575,350.875,39.90416666666667,38.05833333333333,26.083333333333332,,0.0,,61.666666666666664,35.083333333333336
2025-01-16,25.95,21.579166666666666,326.5,47.32916666666667,45.041666666666664,25.125,,0.0,,74.08333333333333,53.083333333333336
2025-01-17,18.420833333333334,15.725,279.0416666666667,35.137499999999996,23.004166666666666,36.0,,0.0,,58.208333333333336,31.833333333333332
2025-01-18,17.087500000000002,12.983333333333334,244.66666666666666,28.84166666666667,22.116666666666664,40.625,,0.0,,59.208333333333336,32.666666666666664
2025-01-19,13.616666666666667,11.141666666666666,250.125,26.991666666666664,24.204166666666666,53.833333333333336,,0.0,,43.791666666666664,23.208333333333332
2025-01-20,14.845833333333333,12.033333333333333,247.83333333333334,29.891666666666666,22.337500000000002,43.333333333333336,,0.0,,48.75,23.583333333333332
2025-01-21,38.4,27.8,436.0416666666667,58.92916666666667,72.28333333333333,23.166666666666668,,0.0,,60.083333333333336,35.333333333333336
2025-01-22,24.491666666666664,19.708333333333332,310.3333333333333,37.625,44.93333333333334,39.833333333333336,,0.0,,83.16666666666667,60.25
2025-01-23,27.575,22.78333333333333,351.7083333333333,43.97083333333333,51.03333333333333,23.666666666666668,,0.0,,65.125,38.708333333333336
2025-01-24,46.10833333333333,35.0125,479.625,51.80416666666667,79.7625,8.166666666666666,,0.0,,85.04166666666667,61.791666666666664
2025-01-25,34.56666666666667,27.40833333333333,404.2916666666667,38.46666666666667,56.699999999999996,6.958333333333333,,0.0,,97.25,67.29166666666667
2025-01-26,24.208333333333332,19.445833333333333,331.5833333333333,29.733333333333334,29.191666666666666,26.083333333333332,,0.0,,71.75,48.333333333333336
2025-01-27,27.308333333333334,22.420833333333334,329.3333333333333,34.50833333333333,36.0875,17.458333333333332,,0.3333333333333333,,70.33333333333333,46.333333333333336
2025-01-28,40.525,33.1625,434.375,44.26666666666667,48.37916666666666,9.625,,1.0833333333333333,,79.08333333333333,56.833333333333336
2025-01-29,48.6625,40.0875,501.125,47.76666666666667,68.8125,7.375,,0.375,,103.375,69.41666666666667
2025-01-30,35.420833333333334,30.104166666666668,381.9583333333333,41.625,43.20416666666667,12.041666666666666,,0.20833333333333334,,104.75,69.875
2025-01-31,38.170833333333334,30.212500000000002,431.375,40.895833333333336,51.300000000000004,14.083333333333334,,0.0,,83.125,62.083333333333336
2025-02-01,25.245833333333334,19.900000000000002,313.0833333333333,32.949999999999996,36.7125,20.5,,0.3333333333333333,,83.29166666666667,59.916666666666664
2025-02-02,16.379166666666666,13.295833333333334,274.7083333333333,31.15833333333333,30.7,29.166666666666668,,0.0,,58.625,32.041666666666664
2025-02-03,47.74166666666667,37.458333333333336,530.0833333333334,50.60833333333333,78.05,12.583333333333334,,0.0,,67.625,41.958333333333336
2025-02-04,72.8125,57.1,716.4583333333334,57.46666666666667,115.35833333333333,2.5,,0.0,,136.875,80.58333333333333
2025-02-05,29.21666666666667,23.879166666666666,355.5833333333333,40.762499999999996,44.75,19.458333333333332,,0.0,,119.04166666666667,74.41666666666667
2025-02-06,43.050000000000004,34.295833333333334,439.9166666666667,56.87083333333334,71.30833333333334,14.125,,0.0,,82.875,60.458333333333336
2025-02-07,38.34166666666667,32.0875,449.5,50.80833333333334,57.041666666666664,25.041666666666668,,0.0,,90.70833333333333,64.875
2025-02-08,35.675000000000004,29.291666666666668,402.9583333333333,54.0,55.4,23.333333333333332,,0.25,,96.20833333333333,66.91666666666667
2025-02-09,53.45416666666667,42.24166666666667,440.0416666666667,68.475,110.66666666666667,13.833333333333334,,0.16666666666666666,,95.91666666666667,66.625
2025-02-10,78.17916666666666,62.42916666666667,551.0,78.64999999999999,124.82083333333333,2.4166666666666665,,0.0,,144.375,84.125
2025-02-11,64.6375,53.112500000000004,567.2916666666666,76.67916666666666,101.70416666666667,3.2083333333333335,,0.25,,145.375,83.83333333333333
2025-02-12,45.40833333333333,37.545833333333334,459.5416666666667,66.99166666666666,69.55833333333334,14.75,,0.3333333333333333,,136.25,79.95833333333333
2025-02-13,44.14166666666667,35.733333333333334,432.0,59.270833333333336,63.28333333333333,17.166666666666668,,0.125,,95.625,66.79166666666667
2025-02-14,60.43333333333334,49.49166666666667,540.1666666666666,71.97916666666667,77.4875,11.458333333333334,,0.6666666666666666,,118.625,74.41666666666667
2025-02-15,27.77916666666667,22.099999999999998,370.5416666666667,47.1625,43.65,25.0,,0.0,,108.04166666666667,70.29166666666667
2025-02-16,21.8625,17.6875,328.1666666666667,40.12916666666667,37.045833333333334,37.75,,0.0,,64.95833333333333,38.333333333333336
2025-02-17,28.84166666666667,22.604166666666668,378.4166666666667,47.56666666666666,45.4375,29.666666666666668,,0.0,,65.70833333333333,39.958333333333336
2025-02-18,60.19166666666667,48.24166666666667,608.2083333333334,67.06666666666666,92.15416666666665,12.625,,0.0,,95.375,64.79166666666667
2025-02-19,53.4375,43.699999999999996,646.0833333333334,69.8,83.75,14.041666666666666,,0.0,,121.70833333333333,75.375
2025-02-20,54.49166666666667,43.73333333333333,578.5833333333334,67.25416666666666,85.02916666666667,12.166666666666666,,0.0,,124.16666666666667,76.20833333333333
2025-02-21,58.8125,46.26666666666667,724.1666666666666,70.98333333333333,86.8875,12.083333333333334,,0.0,,140.125,81.33333333333333
2025-02-22,47.112500000000004,36.858333333333334,654.7083333333334,64.65416666666667,70.95833333333333,23.125,,0.0,,99.04166666666667,67.79166666666667
2025-02-23,73.67916666666666,59.895833333333336,767.0,72.72083333333333,101.91250000000001,11.375,,0.0,,138.83333333333334,82.08333333333333
2025-02-24,62.854166666666664,49.57916666666667,604.2083333333334,76.08749999999999,85.55,13.083333333333334,,0.0,,142.29166666666666,82.45833333333333
2025-02-25,110.16666666666667,88.62083333333334,1069.3333333333333,105.95416666666667,159.48333333333332,6.791666666666667,,0.0,,151.54166666666666,90.95833333333333
2025-02-26,124.52083333333333,103.99583333333334,1100.1666666666667,96.28333333333335,169.01250000000002,7.875,,0.7916666666666666,,175.0,122.58333333333333
2025-02-27,83.00833333333334,66.375,931.0833333333334,88.05,106.77499999999999,10.541666666666666,,1.0,,163.5,104.83333333333333
2025-02-28,94.6875,76.12083333333334,922.125,87.51666666666667,120.94583333333333,9.208333333333334,,0.75,,159.41666666666666,98.79166666666667
2025-03-01,55.57916666666667,44.80416666666667,578.3333333333334,56.625,63.025,27.625,,0.4166666666666667,,148.83333333333334,89.0
2025-03-02,52.5625,43.387499999999996,659.25,53.949999999999996,64.75416666666666,20.25,,0.20833333333333334,,119.54166666666667,74.70833333333333
2025-03-03,43.17916666666667,36.32083333333333,496.7083333333333,55.17916666666667,53.800000000000004,13.875,,0.0,,110.25,71.66666666666667
2025-03-04,23.47083333333333,18.608333333333334,339.0416666666667,42.77916666666667,31.416666666666668,34.25,,0.0,,86.45833333333333,61.125
2025-03-05,20.5625,16.566666666666666,310.6666666666667,38.15,26.09583333333333,47.583333333333336,,0.0,,58.916666666666664,32.625
2025-03-06,19.195833333333333,15.9375,290.4166666666667,34.11666666666667,20.645833333333332,37.0,,0.0,,59.875,33.208333333333336
2025-03-07,20.970833333333335,16.445833333333333,306.5833333333333,36.329166666666666,25.025000000000002,42.041666666666664,,0.0,,57.291666666666664,31.541666666666668
2025-03-08,42.479166666666664,33.9,481.0416666666667,47.425000000000004,55.5375,22.208333333333332,,0.041666666666666664,,84.91666666666667,58.583333333333336
2025-03-09,32.55416666666667,25.370833333333334,370.9583333333333,35.00833333333333,32.074999999999996,35.291666666666664,,1.125,,82.91666666666667,61.166666666666664
2025-03-10,49.84166666666667,38.31666666666667,500.875,54.2875,66.7,11.708333333333334,,0.0,,97.0,67.125
2025-03-11,41.208333333333336,33.479166666666664,409.25,45.225,53.65833333333333,19.041666666666668,,0.375,,99.04166666666667,67.875
2025-03-12,76.93333333333334,61.82083333333333,756.5,60.78333333333333,90.66666666666667,9.958333333333334,,1.7083333333333333,,111.0,71.875
2025-03-13,51.175000000000004,41.641666666666666,456.3333333333333,48.37916666666666,48.3375,22.833333333333332,,2.7083333333333335,,147.66666666666666,86.125
2025-03-14,17.783333333333335,14.9125,258.5833333333333,23.837500000000002,21.766666666666666,47.041666666666664,,2.5416666666666665,,89.20833333333333,59.416666666666664
2025-03-15,25.59166666666667,19.25,363.5833333333333,41.858333333333334,41.354166666666664,39.083333333333336,,0.0,,52.083333333333336,27.291666666666668
2025-03-16,49.5,38.59583333333333,488.2916666666667,49.69166666666666,79.8875,30.958333333333332,,0.0,,109.375,69.16666666666667
2025-03-17,25.570833333333336,19.3625,319.0416666666667,56.275,43.28333333333333,28.291666666666668,,0.0,,72.95833333333333,46.375
2025-03-18,50.3375,39.55416666666667,540.7083333333334,68.95,73.6875,27.083333333333332,,0.0,,85.5,58.541666666666664
2025-03-19,30.84166666666667,24.7625,359.375,46.74583333333334,41.68333333333333,32.5,,0.0,,98.75,67.625
2025-03-20,30.775000000000002,23.3625,375.4166666666667,49.44583333333333,42.92083333333333,39.041666666666664,,0.0,,69.79166666666667,45.25
2025-03-21,35.737500000000004,28.0125,395.7916666666667,49.291666666666664,42.25416666666667,25.791666666666668,,0.0,,79.125,59.916666666666664
2025-03-22,16.162499999999998,13.5875,288.7083333333333,32.175000000000004,28.162499999999998,50.708333333333336,,0.0,,71.08333333333333,48.0
2025-03-23,27.754166666666666,21.766666666666666,367.2916666666667,38.949999999999996,45.05833333333334,43.75,,0.0,,61.041666666666664,34.541666666666664
2025-03-24,34.00416666666667,26.008333333333336,337.375,38.24583333333333,53.229166666666664,36.75,,0.0,,77.79166666666667,56.958333333333336
2025-03-25,27.920833333333334,22.645833333333332,344.875,41.94583333333333,47.44166666666666,31.625,,0.0,,72.0,48.833333333333336
2025-03-26,71.34583333333333,55.362500000000004,632.25,66.9875,119.09166666666665,4.25,,0.16666666666666666,,108.75,69.70833333333333
2025-03-27,64.89999999999999,52.362500000000004,670.0833333333334,59.229166666666664,70.97500000000001,5.916666666666667,,0.041666666666666664,,140.125,81.375
2025-03-28,104.22500000000001,84.83749999999999,1030.6666666666667,78.71666666666667,146.37083333333334,3.7083333333333335,,0.0,,156.41666666666666,94.91666666666667
2025-03-29,72.93333333333334,56.84166666666667,715.25,57.0625,91.30416666666667,18.208333333333332,,0.5,,161.45833333333334,101.75
2025-03-30,51.94166666666666,39.94166666666667,519.7083333333334,47.46666666666667,72.4375,26.666666666666668,,2.2083333333333335,,132.0,78.75
2025-03-31,45.762499999999996,35.875,431.2083333333333,51.09583333333333,55.400000000000006,26.166666666666668,,2.375,,105.16666666666667,70.125
2025-04-01,33.4375,25.683333333333334,330.3333333333333,40.82083333333333,31.145833333333332,34.375,,2.0416666666666665,,89.5,64.5
2025-04-02,24.079166666666666,18.804166666666667,290.875,42.8125,29.075,47.0,,1.5,,67.5,42.875
2025-04-03,27.358333333333334,21.25,321.5,44.7875,34.641666666666666,37.5,,0.0,,68.83333333333333,43.625
2025-04-04,22.6375,18.029166666666665,283.875,35.520833333333336,26.55,45.458333333333336,,0.0,,71.16666666666667,47.916666666666664
2025-04-05,19.295833333333334,14.720833333333333,279.5,35.770833333333336,26.441666666666666,39.291666666666664,,0.0,,57.25,30.875
2025-04-06,10.424999999999999,8.804166666666667,229.625,19.48333333333333,14.804166666666667,66.08333333333333,,0.0,,43.833333333333336,27.083333333333332
2025-04-07,32.637499999999996,26.983333333333334,448.75,44.11666666666667,42.958333333333336,38.666666666666664,,0.0,,46.958333333333336,30.541666666666668
2025-04-08,28.6125,23.754166666666666,353.125,50.6,39.166666666666664,23.916666666666668,,0.0,,92.83333333333333,65.70833333333333
2025-04-09,18.083333333333332,13.995833333333332,289.7916666666667,32.8375,23.541666666666668,65.41666666666667,,0.08333333333333333,,60.333333333333336,34.875
2025-04-10,52.37916666666666,41.583333333333336,519.5833333333334,59.57083333333333,62.30833333333334,42.291666666666664,,0.3333333333333333,,72.45833333333333,47.166666666666664
2025-04-11,52.84166666666667,41.829166666666666,527.7916666666666,57.887499999999996,59.74583333333334,27.583333333333332,,0.0,,137.625,80.66666666666667
2025-04-12,17.883333333333333,14.491666666666667,293.7083333333333,28.758333333333336,23.741666666666664,64.83333333333333,,0.0,,76.54166666666667,48.583333333333336
2025-04-13,36.95,28.066666666666666,466.625,48.583333333333336,43.791666666666664,54.208333333333336,,0.0,,63.375,38.791666666666664
2025-04-14,36.6125,29.183333333333334,386.875,49.979166666666664,48.95416666666667,50.666666666666664,,0.0,,97.5,67.33333333333333
2025-04-15,27.4375,21.962500000000002,313.5,38.295833333333334,34.487500000000004,44.625,,0.0,,74.58333333333333,51.875
2025-04-16,56.237500000000004,44.166666666666664,556.5833333333334,64.62083333333334,81.34166666666667,22.791666666666668,,0.25,,96.875,65.08333333333333
2025-04-17,45.78333333333333,34.61666666666667,430.875,58.791666666666664,53.875,30.666666666666668,,2.25,,111.83333333333333,72.20833333333333
2025-04-18,41.30833333333333,30.191666666666666,404.4583333333333,47.48333333333333,43.29583333333333,33.416666666666664,,5.916666666666667,,87.95833333333333,63.875
2025-04-19,30.195833333333336,21.308333333333334,289.5416666666667,27.695833333333336,27.349999999999998,51.166666666666664,,8.458333333333334,,84.33333333333333,61.958333333333336
2025-04-20,25.650000000000002,20.216666666666665,283.75,25.34166666666667,31.1875,66.91666666666667,,1.9583333333333333,,68.04166666666667,41.916666666666664
2025-04-21,30.875,23.329166666666666,320.5833333333333,34.63333333333333,36.475,51.166666666666664,,2.5,,72.08333333333333,49.708333333333336
2025-04-22,28.412499999999998,21.425,305.5416666666667,40.625,36.516666666666666,47.75,,2.8333333333333335,,71.0,47.375
2025-04-23,31.412499999999998,24.433333333333334,302.9166666666667,37.31666666666667,42.75416666666666,48.291666666666664,,2.375,,71.16666666666667,47.708333333333336
2025-04-24,20.970833333333335,17.133333333333333,258.0,46.12083333333334,35.362500000000004,41.708333333333336,,0.8333333333333334,,70.04166666666667,47.041666666666664
2025-04-25,23.295833333333334,18.179166666666667,271.75,33.641666666666666,38.18333333333333,49.833333333333336,,0.0,,64.66666666666667,37.791666666666664
2025-04-26,11.458333333333334,8.612499999999999,213.75,15.941666666666668,15.254166666666668,66.33333333333333,,0.125,,46.583333333333336,29.375
2025-04-27,13.75,10.654166666666667,224.95833333333334,19.341666666666665,19.666666666666668,60.875,,0.0,,43.833333333333336,24.791666666666668
2025-04-28,17.5,13.608333333333334,241.95833333333334,27.25,25.40416666666667,62.333333333333336,,0.041666666666666664,,48.583333333333336,26.5
2025-04-29,19.170833333333334,15.5,243.70833333333334,27.7,25.104166666666668,57.416666666666664,,0.0,,54.25,28.041666666666668
2025-04-30,16.745833333333334,13.075000000000001,260.5416666666667,31.77916666666667,24.004166666666666,39.458333333333336,,0.0,,52.25,27.583333333333332
2025-05-01,26.075,22.195833333333336,344.8333333333333,46.395833333333336,34.5875,21.25,,0.0,,65.79166666666667,41.583333333333336
2025-05-02,18.1875,13.491666666666667,257.0416666666667,32.8375,21.037499999999998,48.333333333333336,,0.20833333333333334,,56.541666666666664,32.458333333333336
2025-05-03,25.8875,20.308333333333334,305.25,30.520833333333332,31.15416666666667,50.333333333333336,,0.0,,67.04166666666667,42.458333333333336
2025-05-04,24.170833333333334,18.825,307.2083333333333,27.72083333333333,32.041666666666664,50.625,,0.4166666666666667,,65.41666666666667,38.583333333333336
2025-05-05,11.950000000000001,9.429166666666667,205.45833333333334,20.3875,16.9875,62.458333333333336,,0.2916666666666667,,50.833333333333336,27.666666666666668
2025-05-06,19.55,14.945833333333333,256.4583333333333,30.97083333333333,25.212500000000002,54.375,,0.0,,41.833333333333336,26.041666666666668
2025-05-07,47.80416666666667,36.229166666666664,419.25,54.50416666666666,59.1875,33.208333333333336,,0.0,,89.875,61.208333333333336
2025-05-08,24.229166666666668,18.541666666666668,277.8333333333333,36.25833333333333,30.545833333333334,35.458333333333336,,0.0,,78.20833333333333,53.416666666666664
2025-05-09,23.320833333333336,17.995833333333334,267.9583333333333,35.324999999999996,35.6625,41.458333333333336,,0.0,,63.875,36.875
2025-05-10,21.8875,17.9875,277.9583333333333,28.3875,28.900000000000002,38.166666666666664,,0.0,,66.25,39.916666666666664
2025-05-11,10.708333333333334,8.670833333333333,213.25,16.545833333333334,16.241666666666667,50.0,,0.0,,43.041666666666664,24.041666666666668
2025-05-12,20.391666666666666,15.720833333333333,273.625,31.520833333333332,32.550000000000004,34.625,,0.0,,42.666666666666664,21.333333333333332
2025-05-13,43.166666666666664,35.020833333333336,410.3333333333333,55.19166666666666,61.916666666666664,15.75,,0.0,,91.125,61.375
2025-05-14,24.354166666666668,19.708333333333332,286.25,34.958333333333336,34.954166666666666,43.416666666666664,,0.0,,72.375,46.291666666666664
2025-05-15,27.745833333333334,22.366666666666664,277.875,34.59583333333333,41.0,43.625,,0.3333333333333333,,72.91666666666667,51.291666666666664
2025-05-16,31.4875,24.683333333333334,296.7916666666667,36.358333333333334,46.083333333333336,46.625,,0.0,,72.95833333333333,51.083333333333336
2025-05-17,30.46666666666667,23.974999999999998,301.875,28.395833333333332,40.766666666666666,52.125,,0.0,,79.41666666666667,60.583333333333336
2025-05-18,15.9,12.445833333333333,204.125,15.133333333333333,18.545833333333334,67.29166666666667,,1.0833333333333333,,60.625,36.125
2025-05-19,20.270833333333332,16.212500000000002,245.66666666666666,28.883333333333336,31.599999999999998,38.75,,0.5416666666666666,,56.375,30.25
2025-05-20,23.7375,18.716666666666665,300.1666666666667,38.57083333333333,33.55833333333333,33.541666666666664,,0.20833333333333334,,55.833333333333336,29.541666666666668
2025-05-21,23.416666666666668,18.520833333333332,257.6666666666667,34.07083333333333,29.883333333333336,40.958333333333336,,0.041666666666666664,,68.625,43.291666666666664
2025-05-22,48.5625,37.6875,399.2083333333333,55.550000000000004,70.96666666666667,38.5,,0.0,,88.33333333333333,60.291666666666664
2025-05-23,31.433333333333334,24.704166666666666,301.5,35.84166666666667,47.48333333333333,53.875,,0.20833333333333334,,88.41666666666667,64.0
2025-05-24,26.354166666666668,20.4875,263.5,26.408333333333335,40.958333333333336,66.04166666666667,,0.041666666666666664,,73.875,52.791666666666664
2025-05-25,18.55,14.633333333333333,211.25,16.604166666666668,31.104166666666668,69.79166666666667,,0.25,,59.833333333333336,36.291666666666664
2025-05-26,17.5125,13.758333333333333,204.83333333333334,19.433333333333334,30.625,65.91666666666667,,0.125,,53.0,29.583333333333332
2025-05-27,17.679166666666667,13.825000000000001,212.25,22.016666666666666,33.90833333333333,71.04166666666667,,0.16666666666666666,,53.291666666666664,30.083333333333332
2025-05-28,19.0625,13.520833333333334,207.83333333333334,21.84583333333333,35.666666666666664,64.33333333333333,,0.5416666666666666,,55.375,30.541666666666668
2025-05-29,23.22083333333333,16.008333333333333,208.16666666666666,21.087500000000002,31.075,61.541666666666664,,6.125,,54.5,29.666666666666668
2025-05-30,42.85833333333333,22.925,251.375,30.566666666666666,39.733333333333334,56.041666666666664,,21.541666666666668,,61.0,34.541666666666664
2025-05-31,53.25833333333333,36.46666666666667,370.5833333333333,44.9375,53.925000000000004,37.666666666666664,,20.25,,100.58333333333333,67.95833333333333
2025-06-01,14.095833333333333,11.070833333333333,208.95833333333334,18.654166666666665,18.441666666666666,55.25,,0.0,,70.625,46.0
2025-06-02,15.329166666666666,12.304166666666667,198.375,27.099999999999998,24.1125,58.375,,0.0,,41.541666666666664,25.041666666666668
2025-06-03,19.729166666666668,15.995833333333332,222.5,32.9375,26.983333333333334,52.333333333333336,,0.20833333333333334,,56.0,29.625
2025-06-04,25.3625,19.9375,242.70833333333334,39.59166666666667,34.50416666666667,44.333333333333336,,0.0,,65.5,39.125
2025-06-05,23.858333333333334,18.770833333333332,236.0,35.85,29.849999999999998,60.25,,0.0,,64.375,37.5
2025-06-06,22.325,17.75,230.83333333333334,32.979166666666664,28.008333333333336,60.25,,0.5833333333333334,,60.958333333333336,34.25
2025-06-07,19.883333333333333,16.229166666666668,240.70833333333334,26.224999999999998,24.458333333333332,61.75,,0.875,,62.791666666666664,36.0
2025-06-08,25.587500000000002,20.0625,280.75,29.929166666666664,32.708333333333336,56.208333333333336,,0.7916666666666666,,64.16666666666667,37.375
2025-06-09,27.291666666666668,21.9375,262.0,31.4875,31.516666666666666,53.625,,1.375,,70.5,46.833333333333336
2025-06-10,14.875,11.679166666666667,200.29166666666666,24.795833333333334,19.095833333333335,59.708333333333336,,0.0,,54.541666666666664,30.916666666666668
2025-06-11,29.775000000000002,23.916666666666668,279.3333333333333,48.479166666666664,41.0375,32.958333333333336,,0.0,,60.166666666666664,34.25
2025-06-12,42.7125,33.42916666666667,318.5416666666667,47.00416666666666,57.900000000000006,43.25,,0.0,,96.45833333333333,66.79166666666667
2025-06-13,26.070833333333336,22.583333333333332,253.54166666666666,38.09583333333333,25.8125,43.5,,0.3333333333333333,,74.20833333333333,50.458333333333336
2025-06-14,14.941666666666668,13.079166666666666,253.45833333333334,31.8875,18.825,33.166666666666664,,0.0,,65.125,39.666666666666664
2025-06-15,14.987499999999999,13.070833333333333,220.79166666666666,25.541666666666668,16.420833333333334,38.208333333333336,,0.25,,50.916666666666664,24.875
2025-06-16,25.558333333333334,20.570833333333333,253.45833333333334,33.574999999999996,28.870833333333334,40.166666666666664,,0.7083333333333334,,62.708333333333336,35.875
2025-06-17,42.28333333333333,34.233333333333334,351.4583333333333,58.612500000000004,54.95416666666667,23.0,,0.25,,76.16666666666667,52.708333333333336
2025-06-18,43.49583333333334,36.05416666666667,411.0416666666667,62.18333333333334,49.2875,23.25,,0.041666666666666664,,112.70833333333333,72.58333333333333
2025-06-19,21.087500000000002,17.45,287.3333333333333,35.9,25.004166666666666,28.875,,0.0,,76.875,52.625
2025-06-20,18.808333333333334,15.375,284.2083333333333,32.675000000000004,21.8625,29.291666666666668,,0.0,,56.791666666666664,30.416666666666668
2025-06-21,14.104166666666666,11.129166666666668,204.20833333333334,18.795833333333334,16.520833333333332,38.708333333333336,,0.0,,52.166666666666664,26.541666666666668
2025-06-22,28.066666666666666,21.758333333333336,326.0833333333333,33.550000000000004,41.62916666666667,32.125,,0.0,,64.29166666666667,38.958333333333336
2025-06-23,27.420833333333334,21.4375,273.3333333333333,36.858333333333334,37.770833333333336,35.375,,0.0,,61.875,35.375
2025-06-24,39.958333333333336,31.133333333333336,311.0,37.94583333333333,47.59166666666667,34.583333333333336,,0.041666666666666664,,93.83333333333333,65.25
2025-06-25,17.966666666666665,14.241666666666667,213.875,26.829166666666666,23.349999999999998,45.166666666666664,,0.0,,63.625,38.416666666666664
2025-06-26,18.4875,14.804166666666667,234.45833333333334,28.504166666666666,22.708333333333332,43.208333333333336,,0.0,,56.541666666666664,30.0
2025-06-27,16.816666666666666,13.0,210.5,25.795833333333334,19.7375,42.166666666666664,,0.0,,48.125,25.166666666666668
2025-06-28,49.987500000000004,39.00833333333333,417.9583333333333,50.949999999999996,75.70416666666667,34.083333333333336,,0.0,,91.5,61.0
2025-06-29,25.724999999999998,20.412499999999998,266.375,25.329166666666666,38.45,47.625,,0.0,,85.08333333333333,60.583333333333336
2025-06-30,11.616666666666667,9.729166666666666,206.625,23.9375,12.891666666666666,39.083333333333336,,0.0,,46.541666666666664,24.208333333333332
2025-07-01,12.424999999999999,10.454166666666667,207.375,22.358333333333334,13.891666666666666,26.666666666666668,,0.0,,42.875,20.625
2025-07-02,15.633333333333333,12.795833333333334,208.83333333333334,23.670833333333334,16.570833333333333,32.666666666666664,,0.0,,47.958333333333336,23.166666666666668
2025-07-03,20.662499999999998,16.175,237.70833333333334,29.829166666666666,21.525000000000002,40.458333333333336,,0.0,,53.916666666666664,27.583333333333332
2025-07-04,23.875,19.016666666666666,239.79166666666666,33.87916666666667,24.3125,50.208333333333336,,0.375,,67.125,41.291666666666664
2025-07-05,17.016666666666666,13.491666666666667,214.91666666666666,23.1375,21.566666666666666,45.625,,0.0,,58.416666666666664,31.875
2025-07-06,22.066666666666666,16.016666666666666,251.16666666666666,25.695833333333336,26.84166666666667,43.708333333333336,,0.0,,54.708333333333336,28.5
2025-07-07,23.099999999999998,18.395833333333332,239.25,32.291666666666664,28.941666666666666,56.583333333333336,,0.0,,57.791666666666664,31.5
2025-07-08,27.295833333333334,21.7,256.125,34.020833333333336,35.387499999999996,64.95833333333333,,0.2916666666666667,,70.91666666666667,47.5
2025-07-09,37.0375,30.116666666666664,299.9166666666667,45.416666666666664,52.73333333333333,71.29166666666667,,0.75,,77.29166666666667,54.916666666666664
2025-07-10,26.925,21.866666666666664,256.2916666666667,33.920833333333334,38.5375,67.41666666666667,,0.5,,81.625,58.791666666666664
2025-07-11,36.4375,23.575,233.375,29.620833333333334,30.712500000000002,65.79166666666667,,14.916666666666666,,69.16666666666667,44.166666666666664
2025-07-12,23.795833333333334,18.525000000000002,244.66666666666666,21.974999999999998,27.833333333333332,71.41666666666667,,2.0833333333333335,,72.875,51.166666666666664
2025-07-13,25.858333333333334,20.366666666666667,274.4583333333333,24.71666666666667,31.24166666666667,65.91666666666667,,1.8333333333333333,,65.375,38.541666666666664
2025-07-14,38.75833333333333,31.662499999999998,335.5833333333333,54.020833333333336,49.6,54.208333333333336,,2.1666666666666665,,76.83333333333333,54.041666666666664
2025-07-15,57.46666666666667,46.68333333333334,507.875,84.27499999999999,73.1125,23.166666666666668,,1.0416666666666667,,108.95833333333333,71.16666666666667
2025-07-16,40.875,33.0375,388.625,59.824999999999996,50.03333333333333,32.625,,0.20833333333333334,,116.54166666666667,73.70833333333333
2025-07-17,45.145833333333336,35.90833333333333,357.0833333333333,51.612500000000004,51.987500000000004,37.041666666666664,,0.0,,97.04166666666667,67.41666666666667
2025-07-18,26.179166666666664,21.754166666666666,248.58333333333334,30.95,28.0,45.416666666666664,,0.0,,90.29166666666667,64.5
2025-07-19,14.620833333333332,11.954166666666666,221.20833333333334,15.325000000000001,17.041666666666668,52.875,,0.0,,54.75,29.291666666666668
2025-07-20,16.5625,14.233333333333334,235.70833333333334,16.51666666666667,21.7625,60.916666666666664,,0.0,,51.791666666666664,27.0
2025-07-21,25.162499999999998,21.71666666666667,299.875,39.9375,29.508333333333336,39.083333333333336,,0.0,,61.0,34.541666666666664
2025-07-22,34.074999999999996,28.245833333333334,344.125,52.75833333333333,39.78333333333334,34.541666666666664,,0.0,,77.5,57.791666666666664
2025-07-23,36.4,29.4875,320.5833333333333,55.1875,37.8375,24.625,,0.25,,89.0,64.25
2025-07-24,39.17916666666667,30.508333333333336,323.2083333333333,54.18333333333334,38.550000000000004,26.958333333333332,,1.9166666666666667,,86.5,63.25
2025-07-25,42.862500000000004,35.82083333333333,369.7916666666667,55.34166666666667,46.36666666666667,34.041666666666664,,0.2916666666666667,,102.79166666666667,69.125
2025-07-26,25.925,21.070833333333333,249.79166666666666,25.479166666666668,31.979166666666668,54.583333333333336,,0.0,,79.20833333333333,54.458333333333336
2025-07-27,32.762499999999996,27.34583333333333,291.5,29.320833333333336,49.82916666666667,48.625,,0.0,,76.70833333333333,56.041666666666664
2025-07-28,58.67083333333333,47.800000000000004,426.9583333333333,57.7125,74.2625,46.625,,0.0,,115.95833333333333,73.33333333333333
2025-07-29,35.5375,29.287499999999998,300.9583333333333,42.6,41.391666666666666,47.25,,0.0,,100.875,68.29166666666667
2025-07-30,32.18333333333333,27.5625,282.9166666666667,38.854166666666664,36.887499999999996,47.916666666666664,,0.0,,84.875,62.666666666666664
2025-07-31,26.229166666666668,22.016666666666666,260.9166666666667,32.862500000000004,30.625,46.666666666666664,,0.0,,77.41666666666667,58.125
2025-08-01,23.695833333333336,19.970833333333335,248.70833333333334,30.791666666666668,26.2625,52.041666666666664,,0.375,,64.33333333333333,37.916666666666664
2025-08-02,28.3125,22.47083333333333,296.375,36.583333333333336,34.045833333333334,45.208333333333336,,0.0,,75.66666666666667,55.375
2025-08-03,22.400000000000002,17.658333333333335,288.4166666666667,34.479166666666664,30.520833333333332,46.291666666666664,,0.0,,63.416666666666664,37.291666666666664
2025-08-04,30.104166666666668,25.641666666666666,322.2083333333333,45.604166666666664,28.741666666666664,35.083333333333336,,0.25,,71.375,48.708333333333336
2025-08-05,30.379166666666666,25.479166666666668,318.0,42.38333333333333,30.0125,34.791666666666664,,0.5416666666666666,,79.33333333333333,60.166666666666664
2025-08-06,24.329166666666666,19.591666666666665,292.2083333333333,40.3375,29.016666666666666,46.208333333333336,,0.0,,67.875,44.125
2025-08-07,41.295833333333334,32.391666666666666,389.2916666666667,53.34583333333333,43.04583333333333,22.875,,0.0,,89.25,62.583333333333336
2025-08-08,27.141666666666666,19.854166666666668,292.75,40.012499999999996,29.495833333333334,36.125,,0.0,,72.375,47.5
2025-08-09,27.7375,21.583333333333332,349.7916666666667,37.86666666666667,31.745833333333334,35.791666666666664,,0.0,,70.33333333333333,46.166666666666664
2025-08-10,23.8875,18.916666666666668,311.875,27.733333333333334,26.620833333333334,50.833333333333336,,0.0,,66.0,39.458333333333336
2025-08-11,52.79583333333333,43.762499999999996,525.9583333333334,66.8125,72.84166666666667,19.0,,0.0,,84.625,57.208333333333336
2025-08-12,29.820833333333336,25.462500000000002,315.1666666666667,45.375,28.895833333333332,27.5,,0.0,,110.08333333333333,71.375
2025-08-13,22.804166666666664,17.883333333333333,259.5833333333333,34.80416666666667,24.854166666666668,38.5,,0.0,,67.58333333333333,42.791666666666664
2025-08-14,21.787499999999998,17.766666666666666,259.7916666666667,33.6625,25.05,30.375,,0.0,,62.75,36.0
2025-08-15,21.474999999999998,17.379166666666666,259.375,33.03333333333333,25.96666666666667,31.625,,0.0,,60.333333333333336,33.875
2025-08-16,27.358333333333334,21.483333333333334,322.5833333333333,34.15,34.175000000000004,41.208333333333336,,0.0,,71.41666666666667,48.916666666666664
2025-08-17,17.162499999999998,13.854166666666666,252.58333333333334,24.287499999999998,22.808333333333334,46.25,,0.16666666666666666,,57.5,31.375
2025-08-18,29.716666666666665,22.912499999999998,307.7083333333333,39.891666666666666,37.875,21.416666666666668,,0.0,,64.70833333333333,39.291666666666664
2025-08-19,20.645833333333332,16.541666666666668,261.6666666666667,34.94166666666667,23.520833333333332,26.125,,0.0,,65.33333333333333,39.875
2025-08-20,21.491666666666664,17.820833333333333,261.8333333333333,36.38333333333333,27.116666666666664,33.625,,0.0,,61.333333333333336,34.666666666666664
2025-08-21,29.3125,23.4875,335.4583333333333,51.24166666666667,35.525,11.708333333333334,,0.0,,67.20833333333333,41.75
2025-08-22,57.354166666666664,46.87083333333334,508.9166666666667,54.00416666666666,82.1375,16.875,,0.0,,108.0,70.375
2025-08-23,25.833333333333332,18.958333333333332,320.375,42.97083333333333,33.199999999999996,26.75,,0.0,,87.95833333333333,55.916666666666664
2025-08-24,31.195833333333336,25.2375,396.2916666666667,42.079166666666666,39.87083333333333,31.708333333333332,,0.0,,76.95833333333333,54.791666666666664
2025-08-25,20.920833333333334,16.795833333333334,242.375,29.191666666666666,27.883333333333336,29.791666666666668,,0.0,,65.58333333333333,40.291666666666664
2025-08-26,24.599999999999998,20.708333333333332,273.6666666666667,36.44166666666667,33.229166666666664,22.583333333333332,,0.0,,61.625,35.041666666666664
2025-08-27,22.041666666666668,18.983333333333334,261.0,33.37083333333333,26.72083333333333,23.125,,0.0,,70.125,45.875
2025-08-28,19.783333333333335,16.179166666666667,249.5,30.6875,24.7625,32.5,,0.0,,59.875,33.166666666666664
2025-08-29,38.733333333333334,31.441666666666666,385.0416666666667,52.32083333333333,44.479166666666664,21.5,,0.0,,73.16666666666667,49.166666666666664
2025-08-30,22.808333333333334,17.5125,251.08333333333334,20.408333333333335,21.97083333333333,74.25,,0.0,,78.70833333333333,55.416666666666664
2025-08-31,30.745833333333334,24.162499999999998,337.8333333333333,33.40833333333334,35.75,60.541666666666664,,0.2916666666666667,,66.875,41.458333333333336
2025-09-01,32.020833333333336,26.229166666666668,338.25,39.725,37.55416666666667,37.833333333333336,,0.8333333333333334,,86.375,63.166666666666664
2025-09-02,16.3125,12.466666666666667,222.33333333333334,29.75,21.125,43.083333333333336,,0.0,,59.458333333333336,34.75
2025-09-03,22.895833333333332,17.770833333333332,251.58333333333334,41.520833333333336,29.695833333333336,29.166666666666668,,0.0,,56.875,30.416666666666668
2025-09-04,34.875,26.420833333333334,293.8333333333333,51.675000000000004,42.81666666666666,19.75,,0.625,,73.20833333333333,51.833333333333336
2025-09-05,44.5375,33.295833333333334,378.625,55.237500000000004,52.64166666666667,14.208333333333334,,0.5833333333333334,,90.66666666666667,64.83333333333333
2025-09-06,31.0,24.520833333333332,295.125,34.99583333333333,38.208333333333336,34.416666666666664,,0.75,,85.45833333333333,62.875
2025-09-07,27.65833333333333,20.879166666666666,276.6666666666667,27.59166666666667,30.108333333333334,34.583333333333336,,2.3333333333333335,,71.04166666666667,47.625
2025-09-08,31.370833333333334,24.662499999999998,315.375,36.074999999999996,37.604166666666664,28.916666666666668,,0.5833333333333334,,72.29166666666667,49.916666666666664
2025-09-09,35.99583333333333,27.15416666666667,324.0833333333333,38.525,40.15833333333333,25.833333333333332,,0.0,,81.75,61.416666666666664
2025-09-10,34.416666666666664,26.55,322.4166666666667,38.887499999999996,48.21666666666667,25.375,,0.0,,75.91666666666667,55.791666666666664
2025-09-11,58.958333333333336,46.475,465.5,53.083333333333336,75.27916666666667,19.208333333333332,,0.0,,115.45833333333333,73.125
2025-09-12,31.59166666666667,25.241666666666664,292.9583333333333,37.012499999999996,38.37083333333333,28.75,,0.0,,93.41666666666667,65.41666666666667
2025-09-13,35.65416666666667,28.287499999999998,316.8333333333333,34.68333333333333,58.74166666666667,28.0,,0.0,,81.33333333333333,60.75
2025-09-14,40.545833333333334,30.816666666666666,356.2083333333333,40.81666666666667,57.52916666666667,27.166666666666668,,0.0,,88.70833333333333,64.25
2025-09-15,39.387499999999996,30.508333333333336,343.2916666666667,41.170833333333334,54.333333333333336,27.083333333333332,,0.0,,89.875,64.66666666666667
2025-09-16,33.96666666666666,26.629166666666666,322.9583333333333,39.112500000000004,47.229166666666664,36.625,,0.0,,85.5,62.875
2025-09-17,28.691666666666666,22.354166666666668,291.125,38.69583333333333,46.00416666666666,37.083333333333336,,0.0,,74.625,53.333333333333336
2025-09-18,41.12083333333333,33.09166666666667,363.7083333333333,45.87916666666666,62.07916666666667,22.625,,0.0,,81.5,59.375
2025-09-19,28.308333333333334,22.03333333333333,279.4166666666667,35.975,36.829166666666666,26.666666666666668,,0.0,,88.58333333333333,63.666666666666664
2025-09-20,15.9,11.970833333333333,225.58333333333334,23.275000000000002,20.520833333333332,39.458333333333336,,0.0,,56.5,30.375
2025-09-21,20.4375,15.520833333333334,227.41666666666666,22.083333333333332,24.604166666666668,38.041666666666664,,0.625,,52.958333333333336,26.833333333333332
2025-09-22,23.825,17.816666666666666,221.45833333333334,24.21666666666667,25.558333333333334,43.541666666666664,,1.75,,62.875,36.083333333333336
2025-09-23,22.991666666666664,18.087500000000002,257.9166666666667,37.824999999999996,29.470833333333335,28.166666666666668,,1.0833333333333333,,61.458333333333336,34.666666666666664
2025-09-24,18.891666666666666,14.333333333333334,226.375,27.4875,24.916666666666668,31.166666666666668,,0.0,,60.0,33.25
2025-09-25,20.587500000000002,15.2875,245.08333333333334,30.09166666666667,26.21666666666667,26.791666666666668,,0.0,,53.333333333333336,27.125
2025-09-26,25.170833333333334,19.729166666666668,288.5,37.725,33.050000000000004,21.708333333333332,,0.0,,63.791666666666664,37.0
2025-09-27,25.650000000000002,20.425,300.7083333333333,34.28333333333333,30.925,14.625,,0.0,,66.70833333333333,40.25
2025-09-28,11.241666666666667,8.725,190.875,17.733333333333334,17.254166666666666,33.541666666666664,,0.0,,54.416666666666664,29.291666666666668
2025-09-29,18.25,14.341666666666667,226.875,25.829166666666666,24.266666666666666,29.958333333333332,,0.0,,43.916666666666664,21.208333333333332
2025-09-30,35.30416666666667,28.025000000000002,349.8333333333333,39.775,45.4,18.541666666666668,,0.0,,70.29166666666667,47.583333333333336
2025-10-01,40.6625,32.354166666666664,374.125,43.2125,49.1875,12.708333333333334,,0.0,,91.33333333333333,65.125
2025-10-02,41.49583333333333,33.59166666666667,357.25,40.949999999999996,56.48333333333333,10.208333333333334,,0.0,,90.75,64.91666666666667
2025-10-03,44.77916666666667,35.420833333333334,406.8333333333333,42.65833333333333,65.09166666666667,8.125,,0.0,,98.25,67.58333333333333
2025-10-04,27.65416666666667,22.058333333333334,284.3333333333333,27.22083333333333,44.291666666666664,24.916666666666668,,0.0,,90.95833333333333,64.58333333333333
2025-10-05,25.958333333333332,19.208333333333332,242.91666666666666,24.641666666666666,39.6,30.916666666666668,,2.5833333333333335,,62.5,36.0
2025-10-06,81.30416666666666,63.40416666666667,657.2916666666666,53.55833333333334,105.85833333333333,2.5,,1.2916666666666667,,100.375,64.45833333333333
2025-10-07,153.6875,124.61666666666667,1040.875,67.83749999999999,175.9958333333333,0.9583333333333334,,0.20833333333333334,,174.08333333333334,121.0
2025-10-08,115.90416666666665,89.95,812.6666666666666,62.9625,150.52916666666667,2.7083333333333335,,0.25,,179.08333333333334,128.625
2025-10-09,54.137499999999996,42.800000000000004,416.0416666666667,44.28333333333333,59.57083333333333,12.75,,0.8333333333333334,,150.375,92.41666666666667
2025-10-10,42.699999999999996,33.94166666666667,332.7083333333333,39.887499999999996,52.61666666666667,6.666666666666667,,5.666666666666667,,98.70833333333333,67.79166666666667
2025-10-11,45.875,34.262499999999996,366.2916666666667,38.5,60.01666666666667,4.583333333333333,,4.958333333333333,,97.70833333333333,67.5
2025-10-12,20.925,16.129166666666666,245.04166666666666,30.441666666666666,31.041666666666668,29.0,,0.0,,76.25,51.0
2025-10-13,19.212500000000002,16.425,261.5416666666667,37.75833333333333,26.183333333333334,11.458333333333334,,0.0,,63.708333333333336,36.791666666666664
2025-10-14,22.020833333333332,18.349999999999998,275.3333333333333,33.13333333333333,31.041666666666668,10.166666666666666,,0.0,,59.25,32.708333333333336
2025-10-15,38.19583333333333,29.849999999999998,436.0833333333333,37.12916666666667,47.604166666666664,4.166666666666667,,0.0,,68.08333333333333,43.0
2025-10-16,44.87916666666666,35.63333333333333,424.5,39.24583333333333,64.29583333333333,7.375,,0.0,,110.5,71.66666666666667
2025-10-17,26.395833333333332,22.120833333333334,277.125,33.733333333333334,31.879166666666666,16.833333333333332,,0.0,,77.375,53.041666666666664
2025-10-18,28.704166666666666,22.34583333333333,307.3333333333333,44.03333333333333,48.0375,13.625,,0.0,,74.45833333333333,53.958333333333336
2025-10-19,21.495833333333334,16.979166666666668,247.125,29.608333333333334,32.1625,18.333333333333332,,0.0,,65.58333333333333,39.625
2025-10-20,29.2625,23.90416666666667,267.0833333333333,34.19583333333333,36.954166666666666,15.0,,0.0,,68.41666666666667,44.083333333333336
2025-10-21,28.979166666666668,23.8125,297.75,34.858333333333334,38.108333333333334,5.875,,0.20833333333333334,,73.70833333333333,52.5
2025-10-22,57.020833333333336,40.75,457.6666666666667,45.65416666666667,69.39583333333333,2.875,,1.0,,89.45833333333333,63.875
2025-10-23,106.48333333333333,81.45,643.1666666666666,61.145833333333336,129.375,2.9166666666666665,,0.9166666666666666,,151.58333333333334,94.58333333333333
2025-10-24,37.49583333333333,30.075,338.0416666666667,43.916666666666664,57.8125,13.333333333333334,,0.0,,127.91666666666667,81.25
2025-10-25,22.754166666666666,17.995833333333334,237.95833333333334,22.525000000000002,36.425,31.791666666666668,,0.375,,76.79166666666667,54.041666666666664
2025-10-26,19.391666666666666,15.929166666666667,245.41666666666666,26.537499999999998,34.295833333333334,27.333333333333332,,0.125,,56.125,29.833333333333332
2025-10-27,34.03333333333333,26.962500000000002,290.25,38.71666666666667,58.637499999999996,20.458333333333332,,0.0,,72.45833333333333,49.75
2025-10-28,31.604166666666668,25.479166666666668,333.25,41.8125,53.375,16.666666666666668,,0.0,,77.95833333333333,59.208333333333336
2025-10-29,31.5125,25.204166666666666,335.4166666666667,37.30833333333333,44.75,9.833333333333334,,0.0,,78.91666666666667,60.0
2025-10-30,45.824999999999996,36.916666666666664,444.1666666666667,43.5,60.38333333333333,4.375,,0.0,,83.20833333333333,62.041666666666664
2025-10-31,29.162499999999998,24.075,318.2916666666667,35.791666666666664,36.65416666666667,11.541666666666666,,0.0,,102.95833333333333,69.33333333333333
2025-11-01,32.80833333333333,23.795833333333334,366.0,37.512499999999996,42.516666666666666,11.5,,0.0,,67.375,41.708333333333336
2025-11-02,56.375,44.362500000000004,474.5833333333333,45.68333333333334,77.71249999999999,3.0833333333333335,,0.0,,105.25,69.625
2025-11-03,34.75833333333333,28.270833333333332,317.7083333333333,37.479166666666664,53.03333333333333,12.625,,0.0,,98.91666666666667,67.70833333333333
2025-11-04,36.37916666666667,28.34583333333333,393.2083333333333,41.770833333333336,42.270833333333336,15.791666666666666,,0.0,,79.41666666666667,59.583333333333336
2025-11-05,45.95416666666667,36.333333333333336,443.0416666666667,49.25416666666666,62.166666666666664,8.541666666666666,,0.0,,105.41666666666667,70.0
2025-11-06,29.47083333333333,22.958333333333332,292.75,38.32083333333333,34.275,19.208333333333332,,0.0,,82.20833333333333,59.541666666666664
2025-11-07,33.329166666666666,26.333333333333332,362.4583333333333,37.775,37.19583333333333,11.041666666666666,,0.0,,75.125,54.958333333333336
2025-11-08,31.745833333333334,24.895833333333332,351.0833333333333,33.204166666666666,38.38333333333333,17.666666666666668,,0.625,,75.20833333333333,53.666666666666664
2025-11-09,39.733333333333334,31.266666666666666,350.75,34.55416666666667,53.875,12.458333333333334,,0.16666666666666666,,98.04166666666667,67.5
2025-11-10,44.26666666666667,36.19166666666667,403.375,44.17916666666667,59.79583333333334,8.75,,0.5,,81.41666666666667,59.0
2025-11-11,105.325,83.91666666666667,835.75,65.29583333333333,158.04166666666666,2.0,,0.20833333333333334,,129.25,80.25
2025-11-12,46.354166666666664,38.92916666666667,421.4583333333333,42.824999999999996,54.76666666666667,4.375,,0.08333333333333333,,159.375,102.29166666666667
2025-11-13,78.25833333333334,65.79583333333333,720.7083333333334,59.75416666666666,76.13333333333334,1.3333333333333333,,0.0,,128.91666666666666,79.91666666666667
2025-11-14,29.45,24.5625,314.375,44.725,24.849999999999998,18.375,,0.4166666666666667,,114.58333333333333,73.41666666666667
2025-11-15,29.1375,24.5125,392.25,55.225,36.84583333333333,8.208333333333334,,0.0,,81.16666666666667,61.208333333333336
2025-11-16,46.19583333333333,34.24166666666667,450.75,58.75416666666666,64.21249999999999,7.916666666666667,,0.0,,82.20833333333333,60.916666666666664
2025-11-17,40.8375,33.541666666666664,402.4166666666667,49.3375,45.55833333333334,5.916666666666667,,0.16666666666666666,,98.58333333333333,67.95833333333333
2025-11-18,32.262499999999996,26.162499999999998,322.125,46.65416666666667,31.974999999999998,9.416666666666666,,0.4166666666666667,,92.79166666666667,65.625
2025-11-19,47.012499999999996,37.19583333333333,460.4166666666667,60.15416666666667,50.012499999999996,11.916666666666666,,0.0,,77.5,54.291666666666664
2025-11-20,68.79166666666667,55.208333333333336,616.9583333333334,66.525,77.27499999999999,2.9583333333333335,,0.0,,130.54166666666666,78.33333333333333
2025-11-21,79.64166666666667,65.83749999999999,787.7916666666666,65.37916666666666,84.48333333333333,3.1666666666666665,,0.0,,145.33333333333334,83.375
2025-11-22,90.82916666666667,75.63333333333334,908.5,67.40833333333333,108.24166666666667,0.5,,0.0,,165.25,107.70833333333333
2025-11-23,87.82916666666667,71.1375,643.4166666666666,61.26666666666667,97.5,1.5,,0.0,,156.625,94.58333333333333
2025-11-24,34.69166666666667,29.037499999999998,354.9166666666667,42.333333333333336,34.949999999999996,9.875,,0.75,,131.0,80.29166666666667
2025-11-25,54.112500000000004,45.833333333333336,527.75,55.775,58.38333333333333,4.791666666666667,,0.0,,94.5,66.16666666666667
2025-11-26,95.78750000000001,80.71249999999999,1201.4583333333333,81.99166666666666,118.64999999999999,0.20833333333333334,,0.0,,151.25,92.20833333333333
2025-11-27,69.84583333333333,56.666666666666664,622.5,56.3375,75.09166666666667,0.25,,0.2916666666666667,,159.70833333333334,99.04166666666667
2025-11-28,48.68333333333334,40.37916666666667,484.8333333333333,47.64166666666667,43.75,1.0,,0.0,,125.125,76.33333333333333
2025-11-29,47.50416666666666,39.85,444.5833333333333,45.42083333333333,49.80833333333334,2.0,,0.0,,110.83333333333333,71.91666666666667
2025-11-30,100.16666666666667,83.53750000000001,822.625,55.6,114.09166666666665,0.16666666666666666,,0.3333333333333333,,137.5,83.70833333333333
2025-12-01,79.87916666666666,64.4875,626.5416666666666,57.21666666666667,96.85833333333333,0.875,,0.0,,164.33333333333334,106.33333333333333
2025-12-02,107.29166666666667,89.09166666666665,1013.5833333333334,73.74583333333334,116.99583333333334,0.4583333333333333,,0.9583333333333334,,155.91666666666666,93.25
2025-12-03,159.23749999999998,133.1,1698.8333333333333,95.54583333333333,189.1875,0.16666666666666666,,1.0,,181.20833333333334,131.79166666666666
2025-12-04,106.19166666666666,88.79583333333333,937.9583333333334,70.25833333333334,128.32083333333333,0.16666666666666666,,1.625,,182.0,133.16666666666666
2025-12-05,130.17916666666667,106.02916666666668,1231.5416666666667,80.93333333333334,153.1875,0.20833333333333334,,1.6666666666666667,,167.41666666666666,110.79166666666667
2025-12-06,73.08333333333333,58.80833333333334,674.75,59.8125,81.87916666666666,0.5833333333333334,,1.0,,169.41666666666666,114.125
2025-12-07,65.3125,50.75833333333333,520.625,59.20416666666667,82.71249999999999,1.875,,1.0,,143.58333333333334,82.54166666666667
2025-12-08,59.10833333333333,48.475,452.6666666666667,59.84583333333333,70.40833333333333,2.0833333333333335,,1.0,,141.79166666666666,81.75
2025-12-09,37.854166666666664,32.11666666666667,358.625,54.887499999999996,43.5375,11.083333333333334,,0.16666666666666666,,107.875,70.75
2025-12-10,56.09583333333333,48.10833333333333,642.7083333333334,58.8375,77.12083333333332,4.208333333333333,,0.0,,102.5,69.125
2025-12-11,38.3875,31.95,477.7916666666667,49.15,45.458333333333336,1.8333333333333333,,0.0,,123.08333333333333,75.75
2025-12-12,30.05,24.09583333333333,384.0,49.487500000000004,39.32083333333333,10.416666666666666,,0.0,,87.125,63.666666666666664
2025-12-13,15.754166666666665,10.579166666666667,238.29166666666666,32.329166666666666,18.9875,42.166666666666664,,0.0,,58.208333333333336,33.791666666666664
2025-12-14,31.59166666666667,24.270833333333332,343.2083333333333,53.75,39.84583333333333,26.833333333333332,,0.0,,55.25,30.208333333333332
2025-12-15,120.61666666666667,101.04583333333333,1275.5,103.16666666666667,172.91666666666666,1.5416666666666667,,0.0,,125.79166666666667,81.83333333333333
2025-12-16,73.83749999999999,61.37083333333334,673.0833333333334,62.916666666666664,89.47083333333335,0.5,,0.0,,173.54166666666666,120.20833333333333
2025-12-17,52.074999999999996,42.145833333333336,520.0416666666666,59.39166666666667,49.12083333333334,4.375,,0.7083333333333334,,115.45833333333333,73.58333333333333
2025-12-18,44.13333333333333,34.920833333333334,410.3333333333333,54.637499999999996,39.725,5.791666666666667,,0.7916666666666666,,117.16666666666667,73.95833333333333
2025-12-19,46.5375,37.733333333333334,467.25,61.166666666666664,51.04583333333333,5.916666666666667,,0.25,,95.91666666666667,66.91666666666667
2025-12-20,42.69583333333333,33.449999999999996,372.75,48.2125,43.479166666666664,5.458333333333333,,2.0833333333333335,,107.25,70.70833333333333
2025-12-21,41.295833333333334,32.65416666666667,389.25,42.27916666666667,42.99166666666667,8.25,,1.6666666666666667,,91.20833333333333,65.0
2025-12-22,25.804166666666664,21.129166666666666,359.4583333333333,44.03333333333333,32.75416666666667,6.208333333333333,,0.0,,87.45833333333333,62.666666666666664
2025-12-23,26.383333333333336,20.3125,338.125,55.699999999999996,28.695833333333336,21.958333333333332,,0.0,,62.25,35.833333333333336
2025-12-24,44.9125,35.391666666666666,500.3333333333333,68.89166666666667,58.145833333333336,3.625,,0.0,,88.29166666666667,61.875
2025-12-25,31.95,24.295833333333334,373.2083333333333,53.791666666666664,36.65416666666667,10.583333333333334,,0.0,,88.79166666666667,64.125
2025-12-26,18.337500000000002,14.533333333333333,302.0833333333333,48.65416666666667,23.179166666666664,21.875,,0.0,,63.041666666666664,38.291666666666664
2025-12-27,31.920833333333334,24.058333333333334,359.6666666666667,55.979166666666664,37.362500000000004,18.083333333333332,,0.0,,60.75,35.083333333333336
2025-12-28,33.28333333333333,25.441666666666666,321.5833333333333,48.987500000000004,43.24166666666667,12.833333333333334,,0.0,,80.45833333333333,60.833333333333336
2025-12-29,67.99166666666666,57.36666666666667,617.5416666666666,66.49166666666666,89.13333333333333,2.2916666666666665,,0.0,,107.41666666666667,70.29166666666667
2025-12-30,52.854166666666664,45.44166666666666,568.5,62.737500000000004,76.84166666666667,1.5,,0.0,,147.58333333333334,85.45833333333333
2025-12-31,50.458333333333336,41.141666666666666,610.2083333333334,61.862500000000004,63.666666666666664,4.833333333333333,,0.0,,107.20833333333333,70.66666666666667
2026-01-01,60.54583333333333,47.583333333333336,674.5833333333334,69.93333333333334,80.92083333333333,1.4166666666666667,,0.0,,129.70833333333334,77.91666666666667
2026-01-02,40.762499999999996,32.8375,432.7916666666667,59.04583333333333,49.78333333333333,6.166666666666667,,0.0,,116.04166666666667,73.58333333333333
2026-01-03,56.62916666666666,44.24583333333334,594.1666666666666,64.0,76.41666666666667,5.416666666666667,,0.0,,97.66666666666667,67.375
2026-01-04,48.39166666666667,39.35,447.5,55.541666666666664,62.01666666666667,4.375,,0.0,,128.875,77.58333333333333
2026-01-05,50.975,40.475,556.7916666666666,66.3,60.65416666666667,4.416666666666667,,0.0,,105.25,70.08333333333333
2026-01-06,82.80833333333334,66.43333333333334,925.7083333333334,80.5625,94.87083333333334,1.625,,0.0,,134.375,81.70833333333333
2026-01-07,81.46249999999999,69.19583333333334,1026.5416666666667,82.08333333333333,102.33749999999999,9.583333333333334,,0.0,,140.5,84.04166666666667
2026-01-08,42.59583333333333,36.27916666666667,503.625,59.09583333333333,51.0625,4.041666666666667,,0.0,,153.625,95.375
2026-01-09,18.325,15.470833333333333,360.9166666666667,39.5375,25.1875,20.25,,0.0,,75.45833333333333,50.25
2026-01-10,44.07083333333333,33.86666666666667,534.7916666666666,51.68333333333334,67.44583333333334,6.666666666666667,,0.0,,69.33333333333333,44.875
2026-01-11,102.75,81.87916666666666,912.9166666666666,74.13333333333334,131.37083333333334,0.625,,0.0,,137.79166666666666,85.79166666666667
2026-01-12,36.00416666666667,28.59583333333333,481.0416666666667,54.583333333333336,46.49583333333334,9.25,,0.0,,136.125,85.79166666666667
2026-01-13,135.08333333333334,112.75833333333333,1434.6666666666667,95.37083333333334,157.76250000000002,0.5833333333333334,,0.0,,134.875,88.875
2026-01-14,91.91250000000001,74.70416666666667,1042.8333333333333,79.29583333333333,110.6125,0.25,,0.0,,175.5,123.45833333333333
2026-01-15,232.59166666666667,193.0375,2676.5833333333335,165.0625,318.3,0.20833333333333334,,0.0,,177.75,124.25
2026-01-16,197.725,161.225,2339.3333333333335,144.875,264.0708333333333,0.4583333333333333,,0.0,,265.5833333333333,212.875
2026-01-17,144.83333333333334,114.49583333333334,1430.125,107.98333333333333,203.08333333333334,0.75,,0.75,,185.41666666666666,137.83333333333334
2026-01-18,50.275,39.09166666666666,491.5,70.67916666666666,62.26666666666667,6.833333333333333,,1.875,,161.41666666666666,107.41666666666667
2026-01-19,63.38333333333333,51.00833333333333,664.75,79.5,73.52916666666667,4.5,,0.7083333333333334,,113.45833333333333,72.70833333333333
2026-01-20,61.10833333333333,50.3375,685.25,73.72083333333333,69.89999999999999,1.25,,0.0,,139.83333333333334,81.20833333333333
2026-01-21,134.2875,108.86666666666667,1474.375,95.51666666666667,160.375,0.4583333333333333,,0.0,,158.58333333333334,100.25
2026-01-22,52.05833333333334,41.94166666666667,572.5,56.96666666666667,66.99583333333334,3.3333333333333335,,0.0,,159.0,104.83333333333333
2026-01-23,72.91250000000001,58.19166666666666,881.0,77.03333333333333,97.825,2.375,,0.125,,125.79166666666667,76.79166666666667
2026-01-24,199.89583333333334,167.97916666666666,2155.375,122.55416666666667,283.59999999999997,0.8333333333333334,,0.0,,172.79166666666666,118.70833333333333
2026-01-25,232.94583333333333,193.3083333333333,2556.9166666666665,152.42916666666667,360.1541666666667,1.0,,0.0,,259.125,207.70833333333334
2026-01-26,64.47916666666667,51.29583333333333,607.5833333333334,73.50833333333334,80.3875,6.041666666666667,,0.20833333333333334,,184.58333333333334,133.29166666666666
2026-01-27,54.854166666666664,46.625,703.5416666666666,78.73333333333333,74.75833333333334,13.375,,0.75,,111.33333333333333,71.875
2026-01-28,51.479166666666664,44.262499999999996,633.75,80.81666666666666,76.09166666666667,2.125,,0.25,,138.33333333333334,80.70833333333333
2026-01-29,28.633333333333336,23.662499999999998,424.4583333333333,52.175000000000004,32.708333333333336,17.375,,0.0,,99.58333333333333,67.625
2026-01-30,50.96666666666667,35.17916666666667,649.0416666666666,61.574999999999996,64.8,14.833333333333334,,0.0,,79.625,57.333333333333336
2026-01-31,42.2875,28.920833333333334,451.7083333333333,48.012499999999996,53.99166666666667,12.875,,0.0,,102.25,69.0
2026-02-01,21.358333333333334,16.741666666666667,345.5416666666667,43.291666666666664,27.8625,22.291666666666668,,0.0,,70.54166666666667,46.833333333333336
2026-02-02,47.49583333333334,38.46666666666667,639.4166666666666,73.17083333333333,62.37916666666666,9.666666666666666,,0.0,,75.66666666666667,50.333333333333336
2026-02-03,83.5125,67.63333333333334,1021.5833333333334,89.5125,113.47083333333335,2.9166666666666665,,0.0,,140.08333333333334,84.29166666666667
2026-02-04,78.47083333333333,60.0,941.3333333333334,90.46666666666665,97.6375,3.5,,0.0,,149.41666666666666,87.08333333333333
2026-02-05,133.04999999999998,111.92916666666667,1426.0416666666667,116.95416666666667,165.36666666666667,1.4583333333333333,,0.0,,164.66666666666666,106.75
2026-02-06,96.5,81.37916666666666,937.7083333333334,87.02083333333333,118.17916666666667,2.0416666666666665,,0.0,,176.66666666666666,125.0
2026-02-07,75.24583333333334,60.87916666666666,751.9166666666666,79.41666666666667,102.70833333333333,3.2916666666666665,,0.25,,156.04166666666666,93.70833333333333
2026-02-08,40.979166666666664,31.1875,395.375,49.775,48.21666666666667,20.875,,0.08333333333333333,,135.41666666666666,80.625
2026-02-09,42.97083333333333,34.18333333333333,431.5833333333333,66.89166666666667,52.67083333333334,14.583333333333334,,0.0,,89.0,64.25
2026-02-10,56.5,43.62083333333334,662.75,75.925,70.85000000000001,11.541666666666666,,0.0,,100.875,68.5
2026-02-11,53.87916666666666,42.22083333333333,556.9166666666666,76.36666666666666,56.84166666666667,7.333333333333333,,0.0,,129.875,78.0
2026-02-12,41.479166666666664,35.13333333333333,523.5833333333334,69.76666666666667,52.24166666666667,15.125,,0.0,,101.875,68.91666666666667
2026-02-13,68.75833333333334,57.1,891.5,84.52083333333333,87.0,2.0,,0.0,,120.08333333333333,74.875
2026-02-14,72.32083333333334,60.354166666666664,800.2083333333334,72.25416666666666,80.10000000000001,8.541666666666666,,0.0,,145.45833333333334,83.41666666666667
2026-02-15,40.25416666666667,32.045833333333334,465.5416666666667,55.6875,52.68333333333334,14.166666666666666,,0.0,,143.91666666666666,84.5
2026-02-16,29.241666666666664,23.016666666666666,362.875,53.62083333333334,35.262499999999996,27.875,,0.0,,86.25,63.083333333333336
2026-02-17,76.42916666666666,57.32916666666667,854.0,84.07083333333334,80.8625,18.541666666666668,,0.0,,86.25,56.666666666666664
2026-02-18,154.63750000000002,126.82083333333333,1571.25,142.68333333333334,181.4416666666667,2.125,,0.0,,174.20833333333334,121.20833333333333
